iso3,country,year,gdp_per_capita_ppp_const2021_intl_usd
AFE,"Africa Eastern and Southern",2025,4164.67917723425
AFE,"Africa Eastern and Southern",2024,4099.88981217493
AFE,"Africa Eastern and Southern",2023,4076.22489796629
AFE,"Africa Eastern and Southern",2022,4098.12619221564
AFE,"Africa Eastern and Southern",2021,4049.96951303993
AFE,"Africa Eastern and Southern",2020,3978.13350151887
AFE,"Africa Eastern and Southern",2019,4200.53104400094
AFE,"Africa Eastern and Southern",2018,4229.83963374442
AFE,"Africa Eastern and Southern",2017,4223.1880503424
AFE,"Africa Eastern and Southern",2016,4210.93569503277
AFE,"Africa Eastern and Southern",2015,4207.36357863407
AFE,"Africa Eastern and Southern",2014,4186.24851129339
AFE,"Africa Eastern and Southern",2013,4126.33539547848
AFE,"Africa Eastern and Southern",2012,4051.44571135342
AFE,"Africa Eastern and Southern",2011,4033.18732362122
AFE,"Africa Eastern and Southern",2010,3978.12957148745
AFE,"Africa Eastern and Southern",2009,3870.96186560735
AFE,"Africa Eastern and Southern",2008,3935.02291750962
AFE,"Africa Eastern and Southern",2007,3867.50878828538
AFE,"Africa Eastern and Southern",2006,3718.69348523405
AFE,"Africa Eastern and Southern",2005,3578.21297897429
AFE,"Africa Eastern and Southern",2004,3457.68872066042
AFE,"Africa Eastern and Southern",2003,3357.78391588863
AFE,"Africa Eastern and Southern",2002,3350.69383885552
AFE,"Africa Eastern and Southern",2001,3313.89288261021
AFE,"Africa Eastern and Southern",2000,3282.34890610805
AFE,"Africa Eastern and Southern",1999,3268.36525112817
AFE,"Africa Eastern and Southern",1998,3269.45779459289
AFE,"Africa Eastern and Southern",1997,3291.6166582364
AFE,"Africa Eastern and Southern",1996,3247.12512375102
AFE,"Africa Eastern and Southern",1995,3155.04482771421
AFE,"Africa Eastern and Southern",1994,3099.43016512431
AFE,"Africa Eastern and Southern",1993,3127.87771409203
AFE,"Africa Eastern and Southern",1992,3252.31688807554
AFE,"Africa Eastern and Southern",1991,3425.13642950575
AFE,"Africa Eastern and Southern",1990,3520.01923283181
AFE,"Africa Eastern and Southern",1989,
AFE,"Africa Eastern and Southern",1988,
AFE,"Africa Eastern and Southern",1987,
AFE,"Africa Eastern and Southern",1986,
AFE,"Africa Eastern and Southern",1985,
AFE,"Africa Eastern and Southern",1984,
AFE,"Africa Eastern and Southern",1983,
AFE,"Africa Eastern and Southern",1982,
AFE,"Africa Eastern and Southern",1981,
AFE,"Africa Eastern and Southern",1980,
AFE,"Africa Eastern and Southern",1979,
AFE,"Africa Eastern and Southern",1978,
AFE,"Africa Eastern and Southern",1977,
AFE,"Africa Eastern and Southern",1976,
AFE,"Africa Eastern and Southern",1975,
AFE,"Africa Eastern and Southern",1974,
AFE,"Africa Eastern and Southern",1973,
AFE,"Africa Eastern and Southern",1972,
AFE,"Africa Eastern and Southern",1971,
AFE,"Africa Eastern and Southern",1970,
AFE,"Africa Eastern and Southern",1969,
AFE,"Africa Eastern and Southern",1968,
AFE,"Africa Eastern and Southern",1967,
AFE,"Africa Eastern and Southern",1966,
AFE,"Africa Eastern and Southern",1965,
AFE,"Africa Eastern and Southern",1964,
AFE,"Africa Eastern and Southern",1963,
AFE,"Africa Eastern and Southern",1962,
AFE,"Africa Eastern and Southern",1961,
AFE,"Africa Eastern and Southern",1960,
AFW,"Africa Western and Central",2025,6139.58729379935
AFW,"Africa Western and Central",2024,6009.08466240495
AFW,"Africa Western and Central",2023,5886.79663594125
AFW,"Africa Western and Central",2022,5818.48322357838
AFW,"Africa Western and Central",2021,5702.13488630478
AFW,"Africa Western and Central",2020,5698.76670161724
AFW,"Africa Western and Central",2019,6070.28476944465
AFW,"Africa Western and Central",2018,6026.52757172836
AFW,"Africa Western and Central",2017,6009.51611369801
AFW,"Africa Western and Central",2016,6034.82698886686
AFW,"Africa Western and Central",2015,6194.43449404851
AFW,"Africa Western and Central",2014,6183.24116217304
AFW,"Africa Western and Central",2013,6009.65186054619
AFW,"Africa Western and Central",2012,5823.41894631103
AFW,"Africa Western and Central",2011,5698.38949989214
AFW,"Africa Western and Central",2010,5582.43094395132
AFW,"Africa Western and Central",2009,5362.1536063345
AFW,"Africa Western and Central",2008,5188.67101371784
AFW,"Africa Western and Central",2007,5023.69882254656
AFW,"Africa Western and Central",2006,4899.65713639306
AFW,"Africa Western and Central",2005,4782.44213997441
AFW,"Africa Western and Central",2004,4648.60628015945
AFW,"Africa Western and Central",2003,4423.57041270062
AFW,"Africa Western and Central",2002,4299.84975097232
AFW,"Africa Western and Central",2001,4010.5626021227
AFW,"Africa Western and Central",2000,3915.43484958221
AFW,"Africa Western and Central",1999,3874.21131764426
AFW,"Africa Western and Central",1998,3922.4342238425
AFW,"Africa Western and Central",1997,3894.84261146833
AFW,"Africa Western and Central",1996,3841.15001765706
AFW,"Africa Western and Central",1995,3774.10449511756
AFW,"Africa Western and Central",1994,3812.2754133601
AFW,"Africa Western and Central",1993,3928.31233108379
AFW,"Africa Western and Central",1992,4090.01941740886
AFW,"Africa Western and Central",1991,4101.37888894377
AFW,"Africa Western and Central",1990,4165.72636252068
AFW,"Africa Western and Central",1989,
AFW,"Africa Western and Central",1988,
AFW,"Africa Western and Central",1987,
AFW,"Africa Western and Central",1986,
AFW,"Africa Western and Central",1985,
AFW,"Africa Western and Central",1984,
AFW,"Africa Western and Central",1983,
AFW,"Africa Western and Central",1982,
AFW,"Africa Western and Central",1981,
AFW,"Africa Western and Central",1980,
AFW,"Africa Western and Central",1979,
AFW,"Africa Western and Central",1978,
AFW,"Africa Western and Central",1977,
AFW,"Africa Western and Central",1976,
AFW,"Africa Western and Central",1975,
AFW,"Africa Western and Central",1974,
AFW,"Africa Western and Central",1973,
AFW,"Africa Western and Central",1972,
AFW,"Africa Western and Central",1971,
AFW,"Africa Western and Central",1970,
AFW,"Africa Western and Central",1969,
AFW,"Africa Western and Central",1968,
AFW,"Africa Western and Central",1967,
AFW,"Africa Western and Central",1966,
AFW,"Africa Western and Central",1965,
AFW,"Africa Western and Central",1964,
AFW,"Africa Western and Central",1963,
AFW,"Africa Western and Central",1962,
AFW,"Africa Western and Central",1961,
AFW,"Africa Western and Central",1960,
ARB,"Arab World",2025,17050.8498488892
ARB,"Arab World",2024,16802.4292966747
ARB,"Arab World",2023,16830.7594854659
ARB,"Arab World",2022,16933.1685957842
ARB,"Arab World",2021,16194.2304401674
ARB,"Arab World",2020,15768.0410516828
ARB,"Arab World",2019,16808.651930358
ARB,"Arab World",2018,16749.8977688889
ARB,"Arab World",2017,16568.8021684707
ARB,"Arab World",2016,16632.4297723251
ARB,"Arab World",2015,16397.4908780979
ARB,"Arab World",2014,16172.6351171803
ARB,"Arab World",2013,16119.4564896044
ARB,"Arab World",2012,16186.2739403861
ARB,"Arab World",2011,15945.1823698333
ARB,"Arab World",2010,15618.615472912
ARB,"Arab World",2009,15212.2519061915
ARB,"Arab World",2008,15396.8318989782
ARB,"Arab World",2007,14935.5647106518
ARB,"Arab World",2006,14630.4079863564
ARB,"Arab World",2005,14138.3873353854
ARB,"Arab World",2004,13743.6011136095
ARB,"Arab World",2003,12908.1785746866
ARB,"Arab World",2002,12809.5386646405
ARB,"Arab World",2001,12942.2801233206
ARB,"Arab World",2000,12951.1488357919
ARB,"Arab World",1999,12498.0448761006
ARB,"Arab World",1998,12414.0808971918
ARB,"Arab World",1997,12060.4162710899
ARB,"Arab World",1996,11727.9176909663
ARB,"Arab World",1995,11439.965235048
ARB,"Arab World",1994,11407.5799459782
ARB,"Arab World",1993,11373.8756110002
ARB,"Arab World",1992,11328.2831751529
ARB,"Arab World",1991,10925.4803164734
ARB,"Arab World",1990,11355.1718407217
ARB,"Arab World",1989,
ARB,"Arab World",1988,
ARB,"Arab World",1987,
ARB,"Arab World",1986,
ARB,"Arab World",1985,
ARB,"Arab World",1984,
ARB,"Arab World",1983,
ARB,"Arab World",1982,
ARB,"Arab World",1981,
ARB,"Arab World",1980,
ARB,"Arab World",1979,
ARB,"Arab World",1978,
ARB,"Arab World",1977,
ARB,"Arab World",1976,
ARB,"Arab World",1975,
ARB,"Arab World",1974,
ARB,"Arab World",1973,
ARB,"Arab World",1972,
ARB,"Arab World",1971,
ARB,"Arab World",1970,
ARB,"Arab World",1969,
ARB,"Arab World",1968,
ARB,"Arab World",1967,
ARB,"Arab World",1966,
ARB,"Arab World",1965,
ARB,"Arab World",1964,
ARB,"Arab World",1963,
ARB,"Arab World",1962,
ARB,"Arab World",1961,
ARB,"Arab World",1960,
CSS,"Caribbean small states",2025,36714.3154169311
CSS,"Caribbean small states",2024,33971.5525013977
CSS,"Caribbean small states",2023,29600.9530687074
CSS,"Caribbean small states",2022,27023.5574621428
CSS,"Caribbean small states",2021,23495.1590735021
CSS,"Caribbean small states",2020,22222.115107616
CSS,"Caribbean small states",2019,24095.6268884397
CSS,"Caribbean small states",2018,24024.8178299696
CSS,"Caribbean small states",2017,23920.5893237126
CSS,"Caribbean small states",2016,24339.8256633701
CSS,"Caribbean small states",2015,25404.134970126
CSS,"Caribbean small states",2014,25633.4033879208
CSS,"Caribbean small states",2013,25141.1881792488
CSS,"Caribbean small states",2012,24784.9475718502
CSS,"Caribbean small states",2011,23879.7224145257
CSS,"Caribbean small states",2010,23751.9862978379
CSS,"Caribbean small states",2009,23444.9921052209
CSS,"Caribbean small states",2008,24276.688065702
CSS,"Caribbean small states",2007,23894.0318898216
CSS,"Caribbean small states",2006,23063.5796295601
CSS,"Caribbean small states",2005,21377.7180302595
CSS,"Caribbean small states",2004,20312.502453739
CSS,"Caribbean small states",2003,19401.6022436606
CSS,"Caribbean small states",2002,18212.1604431284
CSS,"Caribbean small states",2001,17587.9901132672
CSS,"Caribbean small states",2000,17296.2228314479
CSS,"Caribbean small states",1999,16662.5372962138
CSS,"Caribbean small states",1998,16003.3172609187
CSS,"Caribbean small states",1997,15378.9315442969
CSS,"Caribbean small states",1996,14758.1688733256
CSS,"Caribbean small states",1995,14183.60600347
CSS,"Caribbean small states",1994,13896.1730369525
CSS,"Caribbean small states",1993,13531.1904323724
CSS,"Caribbean small states",1992,13609.0960878126
CSS,"Caribbean small states",1991,13229.3314985291
CSS,"Caribbean small states",1990,13162.50817302
CSS,"Caribbean small states",1989,
CSS,"Caribbean small states",1988,
CSS,"Caribbean small states",1987,
CSS,"Caribbean small states",1986,
CSS,"Caribbean small states",1985,
CSS,"Caribbean small states",1984,
CSS,"Caribbean small states",1983,
CSS,"Caribbean small states",1982,
CSS,"Caribbean small states",1981,
CSS,"Caribbean small states",1980,
CSS,"Caribbean small states",1979,
CSS,"Caribbean small states",1978,
CSS,"Caribbean small states",1977,
CSS,"Caribbean small states",1976,
CSS,"Caribbean small states",1975,
CSS,"Caribbean small states",1974,
CSS,"Caribbean small states",1973,
CSS,"Caribbean small states",1972,
CSS,"Caribbean small states",1971,
CSS,"Caribbean small states",1970,
CSS,"Caribbean small states",1969,
CSS,"Caribbean small states",1968,
CSS,"Caribbean small states",1967,
CSS,"Caribbean small states",1966,
CSS,"Caribbean small states",1965,
CSS,"Caribbean small states",1964,
CSS,"Caribbean small states",1963,
CSS,"Caribbean small states",1962,
CSS,"Caribbean small states",1961,
CSS,"Caribbean small states",1960,
CEB,"Central Europe and the Baltics",2025,44160.9264049384
CEB,"Central Europe and the Baltics",2024,43043.8945580142
CEB,"Central Europe and the Baltics",2023,42113.8905270663
CEB,"Central Europe and the Baltics",2022,41833.7057765272
CEB,"Central Europe and the Baltics",2021,40122.3609600588
CEB,"Central Europe and the Baltics",2020,37280.0201037228
CEB,"Central Europe and the Baltics",2019,38302.005751171
CEB,"Central Europe and the Baltics",2018,36731.0962344349
CEB,"Central Europe and the Baltics",2017,34898.5993254329
CEB,"Central Europe and the Baltics",2016,33063.1299853908
CEB,"Central Europe and the Baltics",2015,32053.9753560909
CEB,"Central Europe and the Baltics",2014,30740.9191021016
CEB,"Central Europe and the Baltics",2013,29678.1064029263
CEB,"Central Europe and the Baltics",2012,29385.5792989282
CEB,"Central Europe and the Baltics",2011,29052.8767019353
CEB,"Central Europe and the Baltics",2010,27957.9006968917
CEB,"Central Europe and the Baltics",2009,27511.5233418382
CEB,"Central Europe and the Baltics",2008,28468.3930919127
CEB,"Central Europe and the Baltics",2007,27204.8188248231
CEB,"Central Europe and the Baltics",2006,25490.6865496896
CEB,"Central Europe and the Baltics",2005,23837.2513202506
CEB,"Central Europe and the Baltics",2004,22665.9482679125
CEB,"Central Europe and the Baltics",2003,21307.5126148723
CEB,"Central Europe and the Baltics",2002,20437.6181722064
CEB,"Central Europe and the Baltics",2001,19591.1192589268
CEB,"Central Europe and the Baltics",2000,18866.992614198
CEB,"Central Europe and the Baltics",1999,18053.4112289508
CEB,"Central Europe and the Baltics",1998,17726.7805117972
CEB,"Central Europe and the Baltics",1997,17271.8184132785
CEB,"Central Europe and the Baltics",1996,16972.3729220796
CEB,"Central Europe and the Baltics",1995,16209.3016083363
CEB,"Central Europe and the Baltics",1994,15310.9708907199
CEB,"Central Europe and the Baltics",1993,14768.6885893304
CEB,"Central Europe and the Baltics",1992,14722.7584656313
CEB,"Central Europe and the Baltics",1991,15451.865184455
CEB,"Central Europe and the Baltics",1990,17293.6474490926
CEB,"Central Europe and the Baltics",1989,
CEB,"Central Europe and the Baltics",1988,
CEB,"Central Europe and the Baltics",1987,
CEB,"Central Europe and the Baltics",1986,
CEB,"Central Europe and the Baltics",1985,
CEB,"Central Europe and the Baltics",1984,
CEB,"Central Europe and the Baltics",1983,
CEB,"Central Europe and the Baltics",1982,
CEB,"Central Europe and the Baltics",1981,
CEB,"Central Europe and the Baltics",1980,
CEB,"Central Europe and the Baltics",1979,
CEB,"Central Europe and the Baltics",1978,
CEB,"Central Europe and the Baltics",1977,
CEB,"Central Europe and the Baltics",1976,
CEB,"Central Europe and the Baltics",1975,
CEB,"Central Europe and the Baltics",1974,
CEB,"Central Europe and the Baltics",1973,
CEB,"Central Europe and the Baltics",1972,
CEB,"Central Europe and the Baltics",1971,
CEB,"Central Europe and the Baltics",1970,
CEB,"Central Europe and the Baltics",1969,
CEB,"Central Europe and the Baltics",1968,
CEB,"Central Europe and the Baltics",1967,
CEB,"Central Europe and the Baltics",1966,
CEB,"Central Europe and the Baltics",1965,
CEB,"Central Europe and the Baltics",1964,
CEB,"Central Europe and the Baltics",1963,
CEB,"Central Europe and the Baltics",1962,
CEB,"Central Europe and the Baltics",1961,
CEB,"Central Europe and the Baltics",1960,
EAR,"Early-demographic dividend",2025,12466.162672463
EAR,"Early-demographic dividend",2024,12032.0275625524
EAR,"Early-demographic dividend",2023,11661.5918962624
EAR,"Early-demographic dividend",2022,11282.8843924963
EAR,"Early-demographic dividend",2021,10742.1039496291
EAR,"Early-demographic dividend",2020,10109.6737751343
EAR,"Early-demographic dividend",2019,10646.4619363587
EAR,"Early-demographic dividend",2018,10473.9534525465
EAR,"Early-demographic dividend",2017,10168.9948852815
EAR,"Early-demographic dividend",2016,9809.61992015041
EAR,"Early-demographic dividend",2015,9461.90923467549
EAR,"Early-demographic dividend",2014,9135.22651387837
EAR,"Early-demographic dividend",2013,8851.68203650431
EAR,"Early-demographic dividend",2012,8611.15721165569
EAR,"Early-demographic dividend",2011,8395.01641616273
EAR,"Early-demographic dividend",2010,8103.6486900692
EAR,"Early-demographic dividend",2009,7719.71496411512
EAR,"Early-demographic dividend",2008,7695.4992635113
EAR,"Early-demographic dividend",2007,7545.60161194471
EAR,"Early-demographic dividend",2006,7235.7951660671
EAR,"Early-demographic dividend",2005,6923.1133842399
EAR,"Early-demographic dividend",2004,6636.18276752838
EAR,"Early-demographic dividend",2003,6349.71825063627
EAR,"Early-demographic dividend",2002,6127.9339354675
EAR,"Early-demographic dividend",2001,6085.68280987423
EAR,"Early-demographic dividend",2000,6087.28134364184
EAR,"Early-demographic dividend",1999,5943.9253223166
EAR,"Early-demographic dividend",1998,5882.7706675039
EAR,"Early-demographic dividend",1997,5864.23089997442
EAR,"Early-demographic dividend",1996,5715.41959390182
EAR,"Early-demographic dividend",1995,5504.46043289625
EAR,"Early-demographic dividend",1994,5435.79578706418
EAR,"Early-demographic dividend",1993,5350.58319117121
EAR,"Early-demographic dividend",1992,5275.31844008233
EAR,"Early-demographic dividend",1991,5176.4691535485
EAR,"Early-demographic dividend",1990,5094.58000282578
EAR,"Early-demographic dividend",1989,
EAR,"Early-demographic dividend",1988,
EAR,"Early-demographic dividend",1987,
EAR,"Early-demographic dividend",1986,
EAR,"Early-demographic dividend",1985,
EAR,"Early-demographic dividend",1984,
EAR,"Early-demographic dividend",1983,
EAR,"Early-demographic dividend",1982,
EAR,"Early-demographic dividend",1981,
EAR,"Early-demographic dividend",1980,
EAR,"Early-demographic dividend",1979,
EAR,"Early-demographic dividend",1978,
EAR,"Early-demographic dividend",1977,
EAR,"Early-demographic dividend",1976,
EAR,"Early-demographic dividend",1975,
EAR,"Early-demographic dividend",1974,
EAR,"Early-demographic dividend",1973,
EAR,"Early-demographic dividend",1972,
EAR,"Early-demographic dividend",1971,
EAR,"Early-demographic dividend",1970,
EAR,"Early-demographic dividend",1969,
EAR,"Early-demographic dividend",1968,
EAR,"Early-demographic dividend",1967,
EAR,"Early-demographic dividend",1966,
EAR,"Early-demographic dividend",1965,
EAR,"Early-demographic dividend",1964,
EAR,"Early-demographic dividend",1963,
EAR,"Early-demographic dividend",1962,
EAR,"Early-demographic dividend",1961,
EAR,"Early-demographic dividend",1960,
EAS,"East Asia & Pacific",2025,25109.70880219
EAS,"East Asia & Pacific",2024,24094.1594209983
EAS,"East Asia & Pacific",2023,23181.8602930067
EAS,"East Asia & Pacific",2022,22275.3875573423
EAS,"East Asia & Pacific",2021,21598.5847592384
EAS,"East Asia & Pacific",2020,20334.2253803516
EAS,"East Asia & Pacific",2019,20432.9804270249
EAS,"East Asia & Pacific",2018,19664.4172118015
EAS,"East Asia & Pacific",2017,18809.5074896107
EAS,"East Asia & Pacific",2016,17975.4681423015
EAS,"East Asia & Pacific",2015,17242.0281854081
EAS,"East Asia & Pacific",2014,16527.9651914163
EAS,"East Asia & Pacific",2013,15817.3941720124
EAS,"East Asia & Pacific",2012,15098.1782758143
EAS,"East Asia & Pacific",2011,14400.6590412877
EAS,"East Asia & Pacific",2010,13696.2947762482
EAS,"East Asia & Pacific",2009,12758.3950797594
EAS,"East Asia & Pacific",2008,12431.1482309746
EAS,"East Asia & Pacific",2007,11921.896725096
EAS,"East Asia & Pacific",2006,11097.9739919682
EAS,"East Asia & Pacific",2005,10431.1095006537
EAS,"East Asia & Pacific",2004,9862.16262997671
EAS,"East Asia & Pacific",2003,9336.59013882495
EAS,"East Asia & Pacific",2002,8914.78213693978
EAS,"East Asia & Pacific",2001,8556.30560152029
EAS,"East Asia & Pacific",2000,8325.62081782919
EAS,"East Asia & Pacific",1999,7934.29251535724
EAS,"East Asia & Pacific",1998,7692.32586829206
EAS,"East Asia & Pacific",1997,7796.61482535403
EAS,"East Asia & Pacific",1996,7538.4595892928
EAS,"East Asia & Pacific",1995,7182.17200720928
EAS,"East Asia & Pacific",1994,6836.72715110799
EAS,"East Asia & Pacific",1993,6524.51465914088
EAS,"East Asia & Pacific",1992,6279.9291302151
EAS,"East Asia & Pacific",1991,6046.55264045727
EAS,"East Asia & Pacific",1990,5815.80021369785
EAS,"East Asia & Pacific",1989,
EAS,"East Asia & Pacific",1988,
EAS,"East Asia & Pacific",1987,
EAS,"East Asia & Pacific",1986,
EAS,"East Asia & Pacific",1985,
EAS,"East Asia & Pacific",1984,
EAS,"East Asia & Pacific",1983,
EAS,"East Asia & Pacific",1982,
EAS,"East Asia & Pacific",1981,
EAS,"East Asia & Pacific",1980,
EAS,"East Asia & Pacific",1979,
EAS,"East Asia & Pacific",1978,
EAS,"East Asia & Pacific",1977,
EAS,"East Asia & Pacific",1976,
EAS,"East Asia & Pacific",1975,
EAS,"East Asia & Pacific",1974,
EAS,"East Asia & Pacific",1973,
EAS,"East Asia & Pacific",1972,
EAS,"East Asia & Pacific",1971,
EAS,"East Asia & Pacific",1970,
EAS,"East Asia & Pacific",1969,
EAS,"East Asia & Pacific",1968,
EAS,"East Asia & Pacific",1967,
EAS,"East Asia & Pacific",1966,
EAS,"East Asia & Pacific",1965,
EAS,"East Asia & Pacific",1964,
EAS,"East Asia & Pacific",1963,
EAS,"East Asia & Pacific",1962,
EAS,"East Asia & Pacific",1961,
EAS,"East Asia & Pacific",1960,
EAP,"East Asia & Pacific (excluding high income)",2025,21435.1082238095
EAP,"East Asia & Pacific (excluding high income)",2024,20453.9723473779
EAP,"East Asia & Pacific (excluding high income)",2023,19523.6746417972
EAP,"East Asia & Pacific (excluding high income)",2022,18600.2319795149
EAP,"East Asia & Pacific (excluding high income)",2021,17966.100209993
EAP,"East Asia & Pacific (excluding high income)",2020,16816.4721820442
EAP,"East Asia & Pacific (excluding high income)",2019,16754.1433686202
EAP,"East Asia & Pacific (excluding high income)",2018,15925.0623768718
EAP,"East Asia & Pacific (excluding high income)",2017,15060.2232906328
EAP,"East Asia & Pacific (excluding high income)",2016,14243.7964258558
EAP,"East Asia & Pacific (excluding high income)",2015,13493.524313755
EAP,"East Asia & Pacific (excluding high income)",2014,12769.1981633624
EAP,"East Asia & Pacific (excluding high income)",2013,12057.8749648364
EAP,"East Asia & Pacific (excluding high income)",2012,11359.2197969153
EAP,"East Asia & Pacific (excluding high income)",2011,10666.0705659069
EAP,"East Asia & Pacific (excluding high income)",2010,9942.07092081734
EAP,"East Asia & Pacific (excluding high income)",2009,9145.84848053611
EAP,"East Asia & Pacific (excluding high income)",2008,8584.68636024927
EAP,"East Asia & Pacific (excluding high income)",2007,8000.20286461305
EAP,"East Asia & Pacific (excluding high income)",2006,7224.84831620106
EAP,"East Asia & Pacific (excluding high income)",2005,6602.09453263948
EAP,"East Asia & Pacific (excluding high income)",2004,6083.62646258877
EAP,"East Asia & Pacific (excluding high income)",2003,5642.12208266042
EAP,"East Asia & Pacific (excluding high income)",2002,5242.15464773335
EAP,"East Asia & Pacific (excluding high income)",2001,4911.18611043866
EAP,"East Asia & Pacific (excluding high income)",2000,4657.55912991458
EAP,"East Asia & Pacific (excluding high income)",1999,4381.37967627433
EAP,"East Asia & Pacific (excluding high income)",1998,4182.86610637194
EAP,"East Asia & Pacific (excluding high income)",1997,4193.60794358361
EAP,"East Asia & Pacific (excluding high income)",1996,3982.14753018414
EAP,"East Asia & Pacific (excluding high income)",1995,3708.17880793941
EAP,"East Asia & Pacific (excluding high income)",1994,3429.01430264914
EAP,"East Asia & Pacific (excluding high income)",1993,3154.22243254223
EAP,"East Asia & Pacific (excluding high income)",1992,2897.38054762255
EAP,"East Asia & Pacific (excluding high income)",1991,2666.15847561936
EAP,"East Asia & Pacific (excluding high income)",1990,2513.1487677609
EAP,"East Asia & Pacific (excluding high income)",1989,
EAP,"East Asia & Pacific (excluding high income)",1988,
EAP,"East Asia & Pacific (excluding high income)",1987,
EAP,"East Asia & Pacific (excluding high income)",1986,
EAP,"East Asia & Pacific (excluding high income)",1985,
EAP,"East Asia & Pacific (excluding high income)",1984,
EAP,"East Asia & Pacific (excluding high income)",1983,
EAP,"East Asia & Pacific (excluding high income)",1982,
EAP,"East Asia & Pacific (excluding high income)",1981,
EAP,"East Asia & Pacific (excluding high income)",1980,
EAP,"East Asia & Pacific (excluding high income)",1979,
EAP,"East Asia & Pacific (excluding high income)",1978,
EAP,"East Asia & Pacific (excluding high income)",1977,
EAP,"East Asia & Pacific (excluding high income)",1976,
EAP,"East Asia & Pacific (excluding high income)",1975,
EAP,"East Asia & Pacific (excluding high income)",1974,
EAP,"East Asia & Pacific (excluding high income)",1973,
EAP,"East Asia & Pacific (excluding high income)",1972,
EAP,"East Asia & Pacific (excluding high income)",1971,
EAP,"East Asia & Pacific (excluding high income)",1970,
EAP,"East Asia & Pacific (excluding high income)",1969,
EAP,"East Asia & Pacific (excluding high income)",1968,
EAP,"East Asia & Pacific (excluding high income)",1967,
EAP,"East Asia & Pacific (excluding high income)",1966,
EAP,"East Asia & Pacific (excluding high income)",1965,
EAP,"East Asia & Pacific (excluding high income)",1964,
EAP,"East Asia & Pacific (excluding high income)",1963,
EAP,"East Asia & Pacific (excluding high income)",1962,
EAP,"East Asia & Pacific (excluding high income)",1961,
EAP,"East Asia & Pacific (excluding high income)",1960,
TEA,"East Asia & Pacific (IDA & IBRD countries)",2025,21676.7936772976
TEA,"East Asia & Pacific (IDA & IBRD countries)",2024,20684.2265655327
TEA,"East Asia & Pacific (IDA & IBRD countries)",2023,19743.1112151119
TEA,"East Asia & Pacific (IDA & IBRD countries)",2022,18808.9383411671
TEA,"East Asia & Pacific (IDA & IBRD countries)",2021,18167.4009161466
TEA,"East Asia & Pacific (IDA & IBRD countries)",2020,17004.8072538713
TEA,"East Asia & Pacific (IDA & IBRD countries)",2019,16941.9471937892
TEA,"East Asia & Pacific (IDA & IBRD countries)",2018,16103.8618914204
TEA,"East Asia & Pacific (IDA & IBRD countries)",2017,15229.7169213936
TEA,"East Asia & Pacific (IDA & IBRD countries)",2016,14404.656964798
TEA,"East Asia & Pacific (IDA & IBRD countries)",2015,13646.3812355606
TEA,"East Asia & Pacific (IDA & IBRD countries)",2014,12914.302342174
TEA,"East Asia & Pacific (IDA & IBRD countries)",2013,12195.4108634433
TEA,"East Asia & Pacific (IDA & IBRD countries)",2012,11489.3717999709
TEA,"East Asia & Pacific (IDA & IBRD countries)",2011,10788.8596740347
TEA,"East Asia & Pacific (IDA & IBRD countries)",2010,10056.9644387466
TEA,"East Asia & Pacific (IDA & IBRD countries)",2009,9251.92190189246
TEA,"East Asia & Pacific (IDA & IBRD countries)",2008,8684.60617683457
TEA,"East Asia & Pacific (IDA & IBRD countries)",2007,8093.65313760912
TEA,"East Asia & Pacific (IDA & IBRD countries)",2006,7309.54901669439
TEA,"East Asia & Pacific (IDA & IBRD countries)",2005,6679.74546218337
TEA,"East Asia & Pacific (IDA & IBRD countries)",2004,6155.36986088902
TEA,"East Asia & Pacific (IDA & IBRD countries)",2003,5708.77107382473
TEA,"East Asia & Pacific (IDA & IBRD countries)",2002,5304.26396994863
TEA,"East Asia & Pacific (IDA & IBRD countries)",2001,4969.61452922338
TEA,"East Asia & Pacific (IDA & IBRD countries)",2000,4713.16955867766
TEA,"East Asia & Pacific (IDA & IBRD countries)",1999,4433.88241548544
TEA,"East Asia & Pacific (IDA & IBRD countries)",1998,4233.17759157153
TEA,"East Asia & Pacific (IDA & IBRD countries)",1997,4244.23739057317
TEA,"East Asia & Pacific (IDA & IBRD countries)",1996,4030.41199316881
TEA,"East Asia & Pacific (IDA & IBRD countries)",1995,3753.27792428099
TEA,"East Asia & Pacific (IDA & IBRD countries)",1994,3470.77308717757
TEA,"East Asia & Pacific (IDA & IBRD countries)",1993,3192.61002178197
TEA,"East Asia & Pacific (IDA & IBRD countries)",1992,2932.66503207124
TEA,"East Asia & Pacific (IDA & IBRD countries)",1991,2698.66598317944
TEA,"East Asia & Pacific (IDA & IBRD countries)",1990,2543.85696379398
TEA,"East Asia & Pacific (IDA & IBRD countries)",1989,
TEA,"East Asia & Pacific (IDA & IBRD countries)",1988,
TEA,"East Asia & Pacific (IDA & IBRD countries)",1987,
TEA,"East Asia & Pacific (IDA & IBRD countries)",1986,
TEA,"East Asia & Pacific (IDA & IBRD countries)",1985,
TEA,"East Asia & Pacific (IDA & IBRD countries)",1984,
TEA,"East Asia & Pacific (IDA & IBRD countries)",1983,
TEA,"East Asia & Pacific (IDA & IBRD countries)",1982,
TEA,"East Asia & Pacific (IDA & IBRD countries)",1981,
TEA,"East Asia & Pacific (IDA & IBRD countries)",1980,
TEA,"East Asia & Pacific (IDA & IBRD countries)",1979,
TEA,"East Asia & Pacific (IDA & IBRD countries)",1978,
TEA,"East Asia & Pacific (IDA & IBRD countries)",1977,
TEA,"East Asia & Pacific (IDA & IBRD countries)",1976,
TEA,"East Asia & Pacific (IDA & IBRD countries)",1975,
TEA,"East Asia & Pacific (IDA & IBRD countries)",1974,
TEA,"East Asia & Pacific (IDA & IBRD countries)",1973,
TEA,"East Asia & Pacific (IDA & IBRD countries)",1972,
TEA,"East Asia & Pacific (IDA & IBRD countries)",1971,
TEA,"East Asia & Pacific (IDA & IBRD countries)",1970,
TEA,"East Asia & Pacific (IDA & IBRD countries)",1969,
TEA,"East Asia & Pacific (IDA & IBRD countries)",1968,
TEA,"East Asia & Pacific (IDA & IBRD countries)",1967,
TEA,"East Asia & Pacific (IDA & IBRD countries)",1966,
TEA,"East Asia & Pacific (IDA & IBRD countries)",1965,
TEA,"East Asia & Pacific (IDA & IBRD countries)",1964,
TEA,"East Asia & Pacific (IDA & IBRD countries)",1963,
TEA,"East Asia & Pacific (IDA & IBRD countries)",1962,
TEA,"East Asia & Pacific (IDA & IBRD countries)",1961,
TEA,"East Asia & Pacific (IDA & IBRD countries)",1960,
EMU,"Euro area",2025,56676.7262752115
EMU,"Euro area",2024,56054.0977302368
EMU,"Euro area",2023,55706.2816060906
EMU,"Euro area",2022,55638.6407909597
EMU,"Euro area",2021,53780.959568799
EMU,"Euro area",2020,50532.2927661621
EMU,"Euro area",2019,53928.4684797856
EMU,"Euro area",2018,53176.6368877298
EMU,"Euro area",2017,52337.9135018369
EMU,"Euro area",2016,51089.957079337
EMU,"Euro area",2015,50293.9078769481
EMU,"Euro area",2014,49365.1435330313
EMU,"Euro area",2013,48741.8654499657
EMU,"Euro area",2012,48904.1161236867
EMU,"Euro area",2011,49493.9221375454
EMU,"Euro area",2010,48591.055785738
EMU,"Euro area",2009,47740.2973322669
EMU,"Euro area",2008,50163.9012074228
EMU,"Euro area",2007,50167.5925974003
EMU,"Euro area",2006,48915.1525453044
EMU,"Euro area",2005,47524.4605129111
EMU,"Euro area",2004,46891.9654959632
EMU,"Euro area",2003,46049.3477888474
EMU,"Euro area",2002,45891.2509030803
EMU,"Euro area",2001,45611.9621128616
EMU,"Euro area",2000,44733.6547581208
EMU,"Euro area",1999,43176.6145816034
EMU,"Euro area",1998,42064.6142178215
EMU,"Euro area",1997,40911.6060494674
EMU,"Euro area",1996,39943.8747124253
EMU,"Euro area",1995,39321.7879542568
EMU,"Euro area",1994,38450.1413555838
EMU,"Euro area",1993,37627.58900601
EMU,"Euro area",1992,38062.3856274222
EMU,"Euro area",1991,37879.5743504232
EMU,"Euro area",1990,37247.3911756829
EMU,"Euro area",1989,
EMU,"Euro area",1988,
EMU,"Euro area",1987,
EMU,"Euro area",1986,
EMU,"Euro area",1985,
EMU,"Euro area",1984,
EMU,"Euro area",1983,
EMU,"Euro area",1982,
EMU,"Euro area",1981,
EMU,"Euro area",1980,
EMU,"Euro area",1979,
EMU,"Euro area",1978,
EMU,"Euro area",1977,
EMU,"Euro area",1976,
EMU,"Euro area",1975,
EMU,"Euro area",1974,
EMU,"Euro area",1973,
EMU,"Euro area",1972,
EMU,"Euro area",1971,
EMU,"Euro area",1970,
EMU,"Euro area",1969,
EMU,"Euro area",1968,
EMU,"Euro area",1967,
EMU,"Euro area",1966,
EMU,"Euro area",1965,
EMU,"Euro area",1964,
EMU,"Euro area",1963,
EMU,"Euro area",1962,
EMU,"Euro area",1961,
EMU,"Euro area",1960,
ECS,"Europe & Central Asia",2025,45607.9387738345
ECS,"Europe & Central Asia",2024,44981.3192926243
ECS,"Europe & Central Asia",2023,44220.8251180735
ECS,"Europe & Central Asia",2022,43537.4882557812
ECS,"Europe & Central Asia",2021,42434.0454804633
ECS,"Europe & Central Asia",2020,39782.3728089927
ECS,"Europe & Central Asia",2019,41861.0781841263
ECS,"Europe & Central Asia",2018,41177.7339574417
ECS,"Europe & Central Asia",2017,40335.4288573608
ECS,"Europe & Central Asia",2016,39278.9171415545
ECS,"Europe & Central Asia",2015,38753.9033161838
ECS,"Europe & Central Asia",2014,38307.7252927013
ECS,"Europe & Central Asia",2013,37826.0934997704
ECS,"Europe & Central Asia",2012,37554.903030647
ECS,"Europe & Central Asia",2011,37429.4390620427
ECS,"Europe & Central Asia",2010,36489.0686918933
ECS,"Europe & Central Asia",2009,35593.628989975
ECS,"Europe & Central Asia",2008,37541.0289513637
ECS,"Europe & Central Asia",2007,37062.8036849749
ECS,"Europe & Central Asia",2006,35577.2638014529
ECS,"Europe & Central Asia",2005,34097.2420817179
ECS,"Europe & Central Asia",2004,33095.6532013292
ECS,"Europe & Central Asia",2003,31923.9529324761
ECS,"Europe & Central Asia",2002,31205.0666750463
ECS,"Europe & Central Asia",2001,30618.862698665
ECS,"Europe & Central Asia",2000,29894.2044586737
ECS,"Europe & Central Asia",1999,28544.0723106015
ECS,"Europe & Central Asia",1998,27765.4601072202
ECS,"Europe & Central Asia",1997,27276.214482002
ECS,"Europe & Central Asia",1996,26569.1426430265
ECS,"Europe & Central Asia",1995,26271.0760840145
ECS,"Europe & Central Asia",1994,25912.8528023106
ECS,"Europe & Central Asia",1993,26210.3492165114
ECS,"Europe & Central Asia",1992,26853.5572948704
ECS,"Europe & Central Asia",1991,27767.2881602329
ECS,"Europe & Central Asia",1990,28257.1525033219
ECS,"Europe & Central Asia",1989,
ECS,"Europe & Central Asia",1988,
ECS,"Europe & Central Asia",1987,
ECS,"Europe & Central Asia",1986,
ECS,"Europe & Central Asia",1985,
ECS,"Europe & Central Asia",1984,
ECS,"Europe & Central Asia",1983,
ECS,"Europe & Central Asia",1982,
ECS,"Europe & Central Asia",1981,
ECS,"Europe & Central Asia",1980,
ECS,"Europe & Central Asia",1979,
ECS,"Europe & Central Asia",1978,
ECS,"Europe & Central Asia",1977,
ECS,"Europe & Central Asia",1976,
ECS,"Europe & Central Asia",1975,
ECS,"Europe & Central Asia",1974,
ECS,"Europe & Central Asia",1973,
ECS,"Europe & Central Asia",1972,
ECS,"Europe & Central Asia",1971,
ECS,"Europe & Central Asia",1970,
ECS,"Europe & Central Asia",1969,
ECS,"Europe & Central Asia",1968,
ECS,"Europe & Central Asia",1967,
ECS,"Europe & Central Asia",1966,
ECS,"Europe & Central Asia",1965,
ECS,"Europe & Central Asia",1964,
ECS,"Europe & Central Asia",1963,
ECS,"Europe & Central Asia",1962,
ECS,"Europe & Central Asia",1961,
ECS,"Europe & Central Asia",1960,
ECA,"Europe & Central Asia (excluding high income)",2025,25132.8305706883
ECA,"Europe & Central Asia (excluding high income)",2024,24430.2175202769
ECA,"Europe & Central Asia (excluding high income)",2023,23625.9236116503
ECA,"Europe & Central Asia (excluding high income)",2022,22334.4443361062
ECA,"Europe & Central Asia (excluding high income)",2021,22179.1768626
ECA,"Europe & Central Asia (excluding high income)",2020,20592.416057405
ECA,"Europe & Central Asia (excluding high income)",2019,20830.979013781
ECA,"Europe & Central Asia (excluding high income)",2018,20447.4402502475
ECA,"Europe & Central Asia (excluding high income)",2017,19877.8402506784
ECA,"Europe & Central Asia (excluding high income)",2016,19031.7409328875
ECA,"Europe & Central Asia (excluding high income)",2015,18721.7381996886
ECA,"Europe & Central Asia (excluding high income)",2014,18576.9583888343
ECA,"Europe & Central Asia (excluding high income)",2013,18466.622777594
ECA,"Europe & Central Asia (excluding high income)",2012,17669.0165699365
ECA,"Europe & Central Asia (excluding high income)",2011,17230.7820985073
ECA,"Europe & Central Asia (excluding high income)",2010,16161.7210700137
ECA,"Europe & Central Asia (excluding high income)",2009,15297.0834587453
ECA,"Europe & Central Asia (excluding high income)",2008,16210.0504480826
ECA,"Europe & Central Asia (excluding high income)",2007,15787.6955451826
ECA,"Europe & Central Asia (excluding high income)",2006,14697.18588924
ECA,"Europe & Central Asia (excluding high income)",2005,13619.1025396081
ECA,"Europe & Central Asia (excluding high income)",2004,12698.5310733665
ECA,"Europe & Central Asia (excluding high income)",2003,11606.5555262176
ECA,"Europe & Central Asia (excluding high income)",2002,10877.3148937274
ECA,"Europe & Central Asia (excluding high income)",2001,10283.066909886
ECA,"Europe & Central Asia (excluding high income)",2000,10114.3121953416
ECA,"Europe & Central Asia (excluding high income)",1999,9523.09025713947
ECA,"Europe & Central Asia (excluding high income)",1998,9612.48741097623
ECA,"Europe & Central Asia (excluding high income)",1997,9480.64494445158
ECA,"Europe & Central Asia (excluding high income)",1996,9138.666641631
ECA,"Europe & Central Asia (excluding high income)",1995,9084.0513672276
ECA,"Europe & Central Asia (excluding high income)",1994,9361.8463599444
ECA,"Europe & Central Asia (excluding high income)",1993,10874.0362896797
ECA,"Europe & Central Asia (excluding high income)",1992,11661.1909652458
ECA,"Europe & Central Asia (excluding high income)",1991,12680.1183648226
ECA,"Europe & Central Asia (excluding high income)",1990,13647.5218632343
ECA,"Europe & Central Asia (excluding high income)",1989,
ECA,"Europe & Central Asia (excluding high income)",1988,
ECA,"Europe & Central Asia (excluding high income)",1987,
ECA,"Europe & Central Asia (excluding high income)",1986,
ECA,"Europe & Central Asia (excluding high income)",1985,
ECA,"Europe & Central Asia (excluding high income)",1984,
ECA,"Europe & Central Asia (excluding high income)",1983,
ECA,"Europe & Central Asia (excluding high income)",1982,
ECA,"Europe & Central Asia (excluding high income)",1981,
ECA,"Europe & Central Asia (excluding high income)",1980,
ECA,"Europe & Central Asia (excluding high income)",1979,
ECA,"Europe & Central Asia (excluding high income)",1978,
ECA,"Europe & Central Asia (excluding high income)",1977,
ECA,"Europe & Central Asia (excluding high income)",1976,
ECA,"Europe & Central Asia (excluding high income)",1975,
ECA,"Europe & Central Asia (excluding high income)",1974,
ECA,"Europe & Central Asia (excluding high income)",1973,
ECA,"Europe & Central Asia (excluding high income)",1972,
ECA,"Europe & Central Asia (excluding high income)",1971,
ECA,"Europe & Central Asia (excluding high income)",1970,
ECA,"Europe & Central Asia (excluding high income)",1969,
ECA,"Europe & Central Asia (excluding high income)",1968,
ECA,"Europe & Central Asia (excluding high income)",1967,
ECA,"Europe & Central Asia (excluding high income)",1966,
ECA,"Europe & Central Asia (excluding high income)",1965,
ECA,"Europe & Central Asia (excluding high income)",1964,
ECA,"Europe & Central Asia (excluding high income)",1963,
ECA,"Europe & Central Asia (excluding high income)",1962,
ECA,"Europe & Central Asia (excluding high income)",1961,
ECA,"Europe & Central Asia (excluding high income)",1960,
TEC,"Europe & Central Asia (IDA & IBRD countries)",2025,33366.1890685534
TEC,"Europe & Central Asia (IDA & IBRD countries)",2024,32713.0152698707
TEC,"Europe & Central Asia (IDA & IBRD countries)",2023,31509.9061055568
TEC,"Europe & Central Asia (IDA & IBRD countries)",2022,30179.7870902442
TEC,"Europe & Central Asia (IDA & IBRD countries)",2021,29918.4650718143
TEC,"Europe & Central Asia (IDA & IBRD countries)",2020,27962.5237763209
TEC,"Europe & Central Asia (IDA & IBRD countries)",2019,28540.7387047996
TEC,"Europe & Central Asia (IDA & IBRD countries)",2018,27881.0262510333
TEC,"Europe & Central Asia (IDA & IBRD countries)",2017,27008.5506544179
TEC,"Europe & Central Asia (IDA & IBRD countries)",2016,26118.7773736522
TEC,"Europe & Central Asia (IDA & IBRD countries)",2015,25834.8173197386
TEC,"Europe & Central Asia (IDA & IBRD countries)",2014,25858.1655880354
TEC,"Europe & Central Asia (IDA & IBRD countries)",2013,25612.5772709157
TEC,"Europe & Central Asia (IDA & IBRD countries)",2012,25017.564733224
TEC,"Europe & Central Asia (IDA & IBRD countries)",2011,24330.2540578139
TEC,"Europe & Central Asia (IDA & IBRD countries)",2010,23167.2207575598
TEC,"Europe & Central Asia (IDA & IBRD countries)",2009,22249.6950356121
TEC,"Europe & Central Asia (IDA & IBRD countries)",2008,23653.990951491
TEC,"Europe & Central Asia (IDA & IBRD countries)",2007,22657.1349385733
TEC,"Europe & Central Asia (IDA & IBRD countries)",2006,20994.707627893
TEC,"Europe & Central Asia (IDA & IBRD countries)",2005,19454.1336352698
TEC,"Europe & Central Asia (IDA & IBRD countries)",2004,18285.8767112422
TEC,"Europe & Central Asia (IDA & IBRD countries)",2003,16935.5538252528
TEC,"Europe & Central Asia (IDA & IBRD countries)",2002,15899.5974213638
TEC,"Europe & Central Asia (IDA & IBRD countries)",2001,15131.0651900248
TEC,"Europe & Central Asia (IDA & IBRD countries)",2000,14595.0711135375
TEC,"Europe & Central Asia (IDA & IBRD countries)",1999,13555.5871695726
TEC,"Europe & Central Asia (IDA & IBRD countries)",1998,13174.6486446478
TEC,"Europe & Central Asia (IDA & IBRD countries)",1997,13361.2809065093
TEC,"Europe & Central Asia (IDA & IBRD countries)",1996,13085.5515653239
TEC,"Europe & Central Asia (IDA & IBRD countries)",1995,13158.8269742658
TEC,"Europe & Central Asia (IDA & IBRD countries)",1994,13410.4698920037
TEC,"Europe & Central Asia (IDA & IBRD countries)",1993,14987.6975720188
TEC,"Europe & Central Asia (IDA & IBRD countries)",1992,16059.6839331539
TEC,"Europe & Central Asia (IDA & IBRD countries)",1991,18058.6477571728
TEC,"Europe & Central Asia (IDA & IBRD countries)",1990,19345.0251873987
TEC,"Europe & Central Asia (IDA & IBRD countries)",1989,
TEC,"Europe & Central Asia (IDA & IBRD countries)",1988,
TEC,"Europe & Central Asia (IDA & IBRD countries)",1987,
TEC,"Europe & Central Asia (IDA & IBRD countries)",1986,
TEC,"Europe & Central Asia (IDA & IBRD countries)",1985,
TEC,"Europe & Central Asia (IDA & IBRD countries)",1984,
TEC,"Europe & Central Asia (IDA & IBRD countries)",1983,
TEC,"Europe & Central Asia (IDA & IBRD countries)",1982,
TEC,"Europe & Central Asia (IDA & IBRD countries)",1981,
TEC,"Europe & Central Asia (IDA & IBRD countries)",1980,
TEC,"Europe & Central Asia (IDA & IBRD countries)",1979,
TEC,"Europe & Central Asia (IDA & IBRD countries)",1978,
TEC,"Europe & Central Asia (IDA & IBRD countries)",1977,
TEC,"Europe & Central Asia (IDA & IBRD countries)",1976,
TEC,"Europe & Central Asia (IDA & IBRD countries)",1975,
TEC,"Europe & Central Asia (IDA & IBRD countries)",1974,
TEC,"Europe & Central Asia (IDA & IBRD countries)",1973,
TEC,"Europe & Central Asia (IDA & IBRD countries)",1972,
TEC,"Europe & Central Asia (IDA & IBRD countries)",1971,
TEC,"Europe & Central Asia (IDA & IBRD countries)",1970,
TEC,"Europe & Central Asia (IDA & IBRD countries)",1969,
TEC,"Europe & Central Asia (IDA & IBRD countries)",1968,
TEC,"Europe & Central Asia (IDA & IBRD countries)",1967,
TEC,"Europe & Central Asia (IDA & IBRD countries)",1966,
TEC,"Europe & Central Asia (IDA & IBRD countries)",1965,
TEC,"Europe & Central Asia (IDA & IBRD countries)",1964,
TEC,"Europe & Central Asia (IDA & IBRD countries)",1963,
TEC,"Europe & Central Asia (IDA & IBRD countries)",1962,
TEC,"Europe & Central Asia (IDA & IBRD countries)",1961,
TEC,"Europe & Central Asia (IDA & IBRD countries)",1960,
EUU,"European Union",2025,55086.9866170226
EUU,"European Union",2024,54341.6257163912
EUU,"European Union",2023,53861.7951609765
EUU,"European Union",2022,53777.3333629812
EUU,"European Union",2021,51968.4388292725
EUU,"European Union",2020,48769.5135471727
EUU,"European Union",2019,51662.076917369
EUU,"European Union",2018,50737.2331625802
EUU,"European Union",2017,49704.2541206968
EUU,"European Union",2016,48336.5082885839
EUU,"European Union",2015,47490.9137112119
EUU,"European Union",2014,46455.5685991692
EUU,"European Union",2013,45724.832051248
EUU,"European Union",2012,45788.921010839
EUU,"European Union",2011,46206.0702456512
EUU,"European Union",2010,45251.0407991375
EUU,"European Union",2009,44430.4810088447
EUU,"European Union",2008,46521.2455019681
EUU,"European Union",2007,46274.9825825459
EUU,"European Union",2006,44947.0641658876
EUU,"European Union",2005,43477.091531045
EUU,"European Union",2004,42726.6206274142
EUU,"European Union",2003,41730.1192122343
EUU,"European Union",2002,41423.9551021717
EUU,"European Union",2001,41009.6231907529
EUU,"European Union",2000,40161.0962541705
EUU,"European Union",1999,38687.8592366032
EUU,"European Union",1998,37661.3103302901
EUU,"European Union",1997,36637.8290089743
EUU,"European Union",1996,35774.041660238
EUU,"European Union",1995,35113.9235748767
EUU,"European Union",1994,34198.7012748602
EUU,"European Union",1993,33381.2785333714
EUU,"European Union",1992,33682.8036907064
EUU,"European Union",1991,33583.8536499109
EUU,"European Union",1990,33422.6167234009
EUU,"European Union",1989,
EUU,"European Union",1988,
EUU,"European Union",1987,
EUU,"European Union",1986,
EUU,"European Union",1985,
EUU,"European Union",1984,
EUU,"European Union",1983,
EUU,"European Union",1982,
EUU,"European Union",1981,
EUU,"European Union",1980,
EUU,"European Union",1979,
EUU,"European Union",1978,
EUU,"European Union",1977,
EUU,"European Union",1976,
EUU,"European Union",1975,
EUU,"European Union",1974,
EUU,"European Union",1973,
EUU,"European Union",1972,
EUU,"European Union",1971,
EUU,"European Union",1970,
EUU,"European Union",1969,
EUU,"European Union",1968,
EUU,"European Union",1967,
EUU,"European Union",1966,
EUU,"European Union",1965,
EUU,"European Union",1964,
EUU,"European Union",1963,
EUU,"European Union",1962,
EUU,"European Union",1961,
EUU,"European Union",1960,
HPC,"Heavily indebted poor countries (HIPC)",2025,3276.21427940244
HPC,"Heavily indebted poor countries (HIPC)",2024,3180.19389105204
HPC,"Heavily indebted poor countries (HIPC)",2023,3113.88147842518
HPC,"Heavily indebted poor countries (HIPC)",2022,3095.04042281375
HPC,"Heavily indebted poor countries (HIPC)",2021,3038.71814072197
HPC,"Heavily indebted poor countries (HIPC)",2020,3004.89506305001
HPC,"Heavily indebted poor countries (HIPC)",2019,3094.41035211512
HPC,"Heavily indebted poor countries (HIPC)",2018,3053.40944915716
HPC,"Heavily indebted poor countries (HIPC)",2017,3016.38373115986
HPC,"Heavily indebted poor countries (HIPC)",2016,2956.59086263144
HPC,"Heavily indebted poor countries (HIPC)",2015,2914.03384890302
HPC,"Heavily indebted poor countries (HIPC)",2014,2862.12644300329
HPC,"Heavily indebted poor countries (HIPC)",2013,2791.50708497729
HPC,"Heavily indebted poor countries (HIPC)",2012,2705.2877016826
HPC,"Heavily indebted poor countries (HIPC)",2011,2673.5791083865
HPC,"Heavily indebted poor countries (HIPC)",2010,2639.80319569525
HPC,"Heavily indebted poor countries (HIPC)",2009,2550.8684428025
HPC,"Heavily indebted poor countries (HIPC)",2008,2530.01937834394
HPC,"Heavily indebted poor countries (HIPC)",2007,2461.47803585618
HPC,"Heavily indebted poor countries (HIPC)",2006,2397.1939417711
HPC,"Heavily indebted poor countries (HIPC)",2005,2331.37399166119
HPC,"Heavily indebted poor countries (HIPC)",2004,2270.11907323143
HPC,"Heavily indebted poor countries (HIPC)",2003,2208.5608106601
HPC,"Heavily indebted poor countries (HIPC)",2002,2182.06409883944
HPC,"Heavily indebted poor countries (HIPC)",2001,2156.32812750581
HPC,"Heavily indebted poor countries (HIPC)",2000,2138.94626992117
HPC,"Heavily indebted poor countries (HIPC)",1999,2134.25318452401
HPC,"Heavily indebted poor countries (HIPC)",1998,2122.71276081406
HPC,"Heavily indebted poor countries (HIPC)",1997,2105.06910780661
HPC,"Heavily indebted poor countries (HIPC)",1996,2045.40358405021
HPC,"Heavily indebted poor countries (HIPC)",1995,1995.76475593863
HPC,"Heavily indebted poor countries (HIPC)",1994,1954.66051802449
HPC,"Heavily indebted poor countries (HIPC)",1993,2007.61677310256
HPC,"Heavily indebted poor countries (HIPC)",1992,2063.51832231083
HPC,"Heavily indebted poor countries (HIPC)",1991,2150.14603492307
HPC,"Heavily indebted poor countries (HIPC)",1990,2187.52118955495
HPC,"Heavily indebted poor countries (HIPC)",1989,
HPC,"Heavily indebted poor countries (HIPC)",1988,
HPC,"Heavily indebted poor countries (HIPC)",1987,
HPC,"Heavily indebted poor countries (HIPC)",1986,
HPC,"Heavily indebted poor countries (HIPC)",1985,
HPC,"Heavily indebted poor countries (HIPC)",1984,
HPC,"Heavily indebted poor countries (HIPC)",1983,
HPC,"Heavily indebted poor countries (HIPC)",1982,
HPC,"Heavily indebted poor countries (HIPC)",1981,
HPC,"Heavily indebted poor countries (HIPC)",1980,
HPC,"Heavily indebted poor countries (HIPC)",1979,
HPC,"Heavily indebted poor countries (HIPC)",1978,
HPC,"Heavily indebted poor countries (HIPC)",1977,
HPC,"Heavily indebted poor countries (HIPC)",1976,
HPC,"Heavily indebted poor countries (HIPC)",1975,
HPC,"Heavily indebted poor countries (HIPC)",1974,
HPC,"Heavily indebted poor countries (HIPC)",1973,
HPC,"Heavily indebted poor countries (HIPC)",1972,
HPC,"Heavily indebted poor countries (HIPC)",1971,
HPC,"Heavily indebted poor countries (HIPC)",1970,
HPC,"Heavily indebted poor countries (HIPC)",1969,
HPC,"Heavily indebted poor countries (HIPC)",1968,
HPC,"Heavily indebted poor countries (HIPC)",1967,
HPC,"Heavily indebted poor countries (HIPC)",1966,
HPC,"Heavily indebted poor countries (HIPC)",1965,
HPC,"Heavily indebted poor countries (HIPC)",1964,
HPC,"Heavily indebted poor countries (HIPC)",1963,
HPC,"Heavily indebted poor countries (HIPC)",1962,
HPC,"Heavily indebted poor countries (HIPC)",1961,
HPC,"Heavily indebted poor countries (HIPC)",1960,
,"High income",2025,59555.5130820323
,"High income",2024,58645.0415947684
,"High income",2023,57813.4235032444
,"High income",2022,57194.6710863244
,"High income",2021,55735.7734268154
,"High income",2020,52507.0167984634
,"High income",2019,54801.5259414975
,"High income",2018,53954.4851070337
,"High income",2017,52827.4265615404
,"High income",2016,51760.6328540112
,"High income",2015,51152.8663608105
,"High income",2014,50378.3164400802
,"High income",2013,49580.8001719361
,"High income",2012,49098.5714742481
,"High income",2011,48617.91246313
,"High income",2010,47722.6167285395
,"High income",2009,46460.533960674
,"High income",2008,48486.4291565184
,"High income",2007,48291.7487404085
,"High income",2006,47042.116436345
,"High income",2005,45654.0651226494
,"High income",2004,44471.4450352263
,"High income",2003,43079.0511287056
,"High income",2002,42228.5175573404
,"High income",2001,41687.2642346995
,"High income",2000,41171.5001921304
,"High income",1999,39579.8019589421
,"High income",1998,38417.0156756395
,"High income",1997,37780.2197015061
,"High income",1996,36746.9426195195
,"High income",1995,36005.2121727433
,"High income",1994,35306.6450427484
,"High income",1993,34769.1114059722
,"High income",1992,34831.4474654685
,"High income",1991,34936.6249467494
,"High income",1990,35048.4860485869
,"High income",1989,
,"High income",1988,
,"High income",1987,
,"High income",1986,
,"High income",1985,
,"High income",1984,
,"High income",1983,
,"High income",1982,
,"High income",1981,
,"High income",1980,
,"High income",1979,
,"High income",1978,
,"High income",1977,
,"High income",1976,
,"High income",1975,
,"High income",1974,
,"High income",1973,
,"High income",1972,
,"High income",1971,
,"High income",1970,
,"High income",1969,
,"High income",1968,
,"High income",1967,
,"High income",1966,
,"High income",1965,
,"High income",1964,
,"High income",1963,
,"High income",1962,
,"High income",1961,
,"High income",1960,
IBD,"IBRD only",2025,19028.6079256468
IBD,"IBRD only",2024,18338.0743917536
IBD,"IBRD only",2023,17639.8861068054
IBD,"IBRD only",2022,16933.9928182913
IBD,"IBRD only",2021,16390.9943192501
IBD,"IBRD only",2020,15351.793172746
IBD,"IBRD only",2019,15754.9861909747
IBD,"IBRD only",2018,15291.0398093318
IBD,"IBRD only",2017,14720.5064051308
IBD,"IBRD only",2016,14147.4607960246
IBD,"IBRD only",2015,13669.8723851709
IBD,"IBRD only",2014,13271.2499046005
IBD,"IBRD only",2013,12836.6202127518
IBD,"IBRD only",2012,12375.6300146684
IBD,"IBRD only",2011,11906.6328014983
IBD,"IBRD only",2010,11358.6063797168
IBD,"IBRD only",2009,10692.0618809217
IBD,"IBRD only",2008,10594.5033452448
IBD,"IBRD only",2007,10148.6867255691
IBD,"IBRD only",2006,9452.10929844277
IBD,"IBRD only",2005,8847.83067056732
IBD,"IBRD only",2004,8369.88369086676
IBD,"IBRD only",2003,7867.92433928093
IBD,"IBRD only",2002,7513.60301860085
IBD,"IBRD only",2001,7274.65163572105
IBD,"IBRD only",2000,7099.69521817635
IBD,"IBRD only",1999,6787.76376116896
IBD,"IBRD only",1998,6617.18640579533
IBD,"IBRD only",1997,6579.50842367165
IBD,"IBRD only",1996,6370.48500773132
IBD,"IBRD only",1995,6163.32466106537
IBD,"IBRD only",1994,6046.78733927862
IBD,"IBRD only",1993,6031.65511499714
IBD,"IBRD only",1992,6005.37538745985
IBD,"IBRD only",1991,6116.49695550779
IBD,"IBRD only",1990,6226.55848816473
IBD,"IBRD only",1989,
IBD,"IBRD only",1988,
IBD,"IBRD only",1987,
IBD,"IBRD only",1986,
IBD,"IBRD only",1985,
IBD,"IBRD only",1984,
IBD,"IBRD only",1983,
IBD,"IBRD only",1982,
IBD,"IBRD only",1981,
IBD,"IBRD only",1980,
IBD,"IBRD only",1979,
IBD,"IBRD only",1978,
IBD,"IBRD only",1977,
IBD,"IBRD only",1976,
IBD,"IBRD only",1975,
IBD,"IBRD only",1974,
IBD,"IBRD only",1973,
IBD,"IBRD only",1972,
IBD,"IBRD only",1971,
IBD,"IBRD only",1970,
IBD,"IBRD only",1969,
IBD,"IBRD only",1968,
IBD,"IBRD only",1967,
IBD,"IBRD only",1966,
IBD,"IBRD only",1965,
IBD,"IBRD only",1964,
IBD,"IBRD only",1963,
IBD,"IBRD only",1962,
IBD,"IBRD only",1961,
IBD,"IBRD only",1960,
IBT,"IDA & IBRD total",2025,15101.5628016187
IBT,"IDA & IBRD total",2024,14612.9957116519
IBT,"IDA & IBRD total",2023,14120.5364644683
IBT,"IDA & IBRD total",2022,13635.9169175484
IBT,"IDA & IBRD total",2021,13248.8138127169
IBT,"IDA & IBRD total",2020,12504.9017541415
IBT,"IDA & IBRD total",2019,12882.9121398515
IBT,"IDA & IBRD total",2018,12547.6065169327
IBT,"IDA & IBRD total",2017,12123.4403274652
IBT,"IDA & IBRD total",2016,11696.9848339604
IBT,"IDA & IBRD total",2015,11346.1010341675
IBT,"IDA & IBRD total",2014,11042.0933017783
IBT,"IDA & IBRD total",2013,10698.1935593125
IBT,"IDA & IBRD total",2012,10337.9564275594
IBT,"IDA & IBRD total",2011,9988.65008164631
IBT,"IDA & IBRD total",2010,9568.3350709632
IBT,"IDA & IBRD total",2009,9045.73280749433
IBT,"IDA & IBRD total",2008,8962.67822410779
IBT,"IDA & IBRD total",2007,8616.07323944986
IBT,"IDA & IBRD total",2006,8069.48276915284
IBT,"IDA & IBRD total",2005,7590.28556742349
IBT,"IDA & IBRD total",2004,7205.64090749456
IBT,"IDA & IBRD total",2003,6797.92048003117
IBT,"IDA & IBRD total",2002,6517.50123745662
IBT,"IDA & IBRD total",2001,6320.01629864257
IBT,"IDA & IBRD total",2000,6181.73646411766
IBT,"IDA & IBRD total",1999,5937.18425113739
IBT,"IDA & IBRD total",1998,5808.923873925
IBT,"IDA & IBRD total",1997,5780.91318876713
IBT,"IDA & IBRD total",1996,5616.38672275835
IBT,"IDA & IBRD total",1995,5446.49004341279
IBT,"IDA & IBRD total",1994,5355.78243124537
IBT,"IDA & IBRD total",1993,5359.32382140701
IBT,"IDA & IBRD total",1992,5355.4237024899
IBT,"IDA & IBRD total",1991,5452.2495312981
IBT,"IDA & IBRD total",1990,5548.66273196844
IBT,"IDA & IBRD total",1989,
IBT,"IDA & IBRD total",1988,
IBT,"IDA & IBRD total",1987,
IBT,"IDA & IBRD total",1986,
IBT,"IDA & IBRD total",1985,
IBT,"IDA & IBRD total",1984,
IBT,"IDA & IBRD total",1983,
IBT,"IDA & IBRD total",1982,
IBT,"IDA & IBRD total",1981,
IBT,"IDA & IBRD total",1980,
IBT,"IDA & IBRD total",1979,
IBT,"IDA & IBRD total",1978,
IBT,"IDA & IBRD total",1977,
IBT,"IDA & IBRD total",1976,
IBT,"IDA & IBRD total",1975,
IBT,"IDA & IBRD total",1974,
IBT,"IDA & IBRD total",1973,
IBT,"IDA & IBRD total",1972,
IBT,"IDA & IBRD total",1971,
IBT,"IDA & IBRD total",1970,
IBT,"IDA & IBRD total",1969,
IBT,"IDA & IBRD total",1968,
IBT,"IDA & IBRD total",1967,
IBT,"IDA & IBRD total",1966,
IBT,"IDA & IBRD total",1965,
IBT,"IDA & IBRD total",1964,
IBT,"IDA & IBRD total",1963,
IBT,"IDA & IBRD total",1962,
IBT,"IDA & IBRD total",1961,
IBT,"IDA & IBRD total",1960,
IDB,"IDA blend",2025,6912.88243448469
IDB,"IDA blend",2024,6743.39623530811
IDB,"IDA blend",2023,6605.73413006609
IDB,"IDA blend",2022,6554.67363673278
IDB,"IDA blend",2021,6382.99566586346
IDB,"IDA blend",2020,6248.18008980538
IDB,"IDA blend",2019,6597.29007423325
IDB,"IDA blend",2018,6540.02977425504
IDB,"IDA blend",2017,6424.09547786649
IDB,"IDA blend",2016,6379.73619945793
IDB,"IDA blend",2015,6369.42234682599
IDB,"IDA blend",2014,6263.27766334353
IDB,"IDA blend",2013,6049.35770247292
IDB,"IDA blend",2012,5846.37428459277
IDB,"IDA blend",2011,5723.39316723438
IDB,"IDA blend",2010,5622.53923702245
IDB,"IDA blend",2009,5444.50751527268
IDB,"IDA blend",2008,5272.70195837866
IDB,"IDA blend",2007,5195.80808887477
IDB,"IDA blend",2006,5061.17002152738
IDB,"IDA blend",2005,4907.66392963546
IDB,"IDA blend",2004,4746.79902014186
IDB,"IDA blend",2003,4529.62135630622
IDB,"IDA blend",2002,4439.21008957396
IDB,"IDA blend",2001,4267.87486448223
IDB,"IDA blend",2000,4209.1548816606
IDB,"IDA blend",1999,4168.20857171203
IDB,"IDA blend",1998,4194.86576836131
IDB,"IDA blend",1997,4188.90516811605
IDB,"IDA blend",1996,4199.257021962
IDB,"IDA blend",1995,4118.57022841448
IDB,"IDA blend",1994,4135.19963095432
IDB,"IDA blend",1993,4209.84706453351
IDB,"IDA blend",1992,4344.30591538365
IDB,"IDA blend",1991,4338.34143209451
IDB,"IDA blend",1990,4385.82960137348
IDB,"IDA blend",1989,
IDB,"IDA blend",1988,
IDB,"IDA blend",1987,
IDB,"IDA blend",1986,
IDB,"IDA blend",1985,
IDB,"IDA blend",1984,
IDB,"IDA blend",1983,
IDB,"IDA blend",1982,
IDB,"IDA blend",1981,
IDB,"IDA blend",1980,
IDB,"IDA blend",1979,
IDB,"IDA blend",1978,
IDB,"IDA blend",1977,
IDB,"IDA blend",1976,
IDB,"IDA blend",1975,
IDB,"IDA blend",1974,
IDB,"IDA blend",1973,
IDB,"IDA blend",1972,
IDB,"IDA blend",1971,
IDB,"IDA blend",1970,
IDB,"IDA blend",1969,
IDB,"IDA blend",1968,
IDB,"IDA blend",1967,
IDB,"IDA blend",1966,
IDB,"IDA blend",1965,
IDB,"IDA blend",1964,
IDB,"IDA blend",1963,
IDB,"IDA blend",1962,
IDB,"IDA blend",1961,
IDB,"IDA blend",1960,
IDX,"IDA only",2025,4339.68090173229
IDX,"IDA only",2024,4231.54619614221
IDX,"IDA only",2023,4137.43602506399
IDX,"IDA only",2022,4086.6200282723
IDX,"IDA only",2021,4002.20344573931
IDX,"IDA only",2020,3958.34543039405
IDX,"IDA only",2019,4056.85050579817
IDX,"IDA only",2018,3948.52787213757
IDX,"IDA only",2017,3838.75766461121
IDX,"IDA only",2016,3711.89606197188
IDX,"IDA only",2015,3613.78023092134
IDX,"IDA only",2014,3514.87967351075
IDX,"IDA only",2013,3411.44081665014
IDX,"IDA only",2012,3337.81840982522
IDX,"IDA only",2011,3321.06989522982
IDX,"IDA only",2010,3220.42982449368
IDX,"IDA only",2009,3093.44360386607
IDX,"IDA only",2008,3025.02503325556
IDX,"IDA only",2007,2914.48488026821
IDX,"IDA only",2006,2791.29991947711
IDX,"IDA only",2005,2678.38937870739
IDX,"IDA only",2004,2570.49137459422
IDX,"IDA only",2003,2475.42243019989
IDX,"IDA only",2002,2409.06339482221
IDX,"IDA only",2001,2350.56945975774
IDX,"IDA only",2000,2305.71777037295
IDX,"IDA only",1999,2262.73573212869
IDX,"IDA only",1998,2231.01436074422
IDX,"IDA only",1997,2191.20412952559
IDX,"IDA only",1996,2130.92645303633
IDX,"IDA only",1995,2074.10174330687
IDX,"IDA only",1994,2024.45093507867
IDX,"IDA only",1993,2051.94467107569
IDX,"IDA only",1992,2058.25807564261
IDX,"IDA only",1991,2082.99544524376
IDX,"IDA only",1990,2088.47149305233
IDX,"IDA only",1989,
IDX,"IDA only",1988,
IDX,"IDA only",1987,
IDX,"IDA only",1986,
IDX,"IDA only",1985,
IDX,"IDA only",1984,
IDX,"IDA only",1983,
IDX,"IDA only",1982,
IDX,"IDA only",1981,
IDX,"IDA only",1980,
IDX,"IDA only",1979,
IDX,"IDA only",1978,
IDX,"IDA only",1977,
IDX,"IDA only",1976,
IDX,"IDA only",1975,
IDX,"IDA only",1974,
IDX,"IDA only",1973,
IDX,"IDA only",1972,
IDX,"IDA only",1971,
IDX,"IDA only",1970,
IDX,"IDA only",1969,
IDX,"IDA only",1968,
IDX,"IDA only",1967,
IDX,"IDA only",1966,
IDX,"IDA only",1965,
IDX,"IDA only",1964,
IDX,"IDA only",1963,
IDX,"IDA only",1962,
IDX,"IDA only",1961,
IDX,"IDA only",1960,
IDA,"IDA total",2025,5220.75896307822
IDA,"IDA total",2024,5093.91764711448
IDA,"IDA total",2023,4987.31104092255
IDA,"IDA total",2022,4938.94976493355
IDA,"IDA total",2021,4825.30169071054
IDA,"IDA total",2020,4750.57582514097
IDA,"IDA total",2019,4940.15164754183
IDA,"IDA total",2018,4853.06226610071
IDA,"IDA total",2017,4743.55675240066
IDA,"IDA total",2016,4649.06174910145
IDA,"IDA total",2015,4584.99902568175
IDA,"IDA total",2014,4484.83927106283
IDA,"IDA total",2013,4342.25857072893
IDA,"IDA total",2012,4221.81968545851
IDA,"IDA total",2011,4166.33730689033
IDA,"IDA total",2010,4065.12933937447
IDA,"IDA total",2009,3918.73517951819
IDA,"IDA total",2008,3811.61684663031
IDA,"IDA total",2007,3712.03702353228
IDA,"IDA total",2006,3584.11990284593
IDA,"IDA total",2005,3456.76664335691
IDA,"IDA total",2004,3329.75784325758
IDA,"IDA total",2003,3190.64251168148
IDA,"IDA total",2002,3115.82523706753
IDA,"IDA total",2001,3016.92684889007
IDA,"IDA total",2000,2965.97750506692
IDA,"IDA total",1999,2922.98316074681
IDA,"IDA total",1998,2911.79072965262
IDA,"IDA total",1997,2883.58952063308
IDA,"IDA total",1996,2848.40139306913
IDA,"IDA total",1995,2782.82658467221
IDA,"IDA total",1994,2756.82232823884
IDA,"IDA total",1993,2800.5199208388
IDA,"IDA total",1992,2852.5005024677
IDA,"IDA total",1991,2864.64546122221
IDA,"IDA total",1990,2881.63737646334
IDA,"IDA total",1989,
IDA,"IDA total",1988,
IDA,"IDA total",1987,
IDA,"IDA total",1986,
IDA,"IDA total",1985,
IDA,"IDA total",1984,
IDA,"IDA total",1983,
IDA,"IDA total",1982,
IDA,"IDA total",1981,
IDA,"IDA total",1980,
IDA,"IDA total",1979,
IDA,"IDA total",1978,
IDA,"IDA total",1977,
IDA,"IDA total",1976,
IDA,"IDA total",1975,
IDA,"IDA total",1974,
IDA,"IDA total",1973,
IDA,"IDA total",1972,
IDA,"IDA total",1971,
IDA,"IDA total",1970,
IDA,"IDA total",1969,
IDA,"IDA total",1968,
IDA,"IDA total",1967,
IDA,"IDA total",1966,
IDA,"IDA total",1965,
IDA,"IDA total",1964,
IDA,"IDA total",1963,
IDA,"IDA total",1962,
IDA,"IDA total",1961,
IDA,"IDA total",1960,
LTE,"Late-demographic dividend",2025,25875.7314622577
LTE,"Late-demographic dividend",2024,24850.1716606625
LTE,"Late-demographic dividend",2023,23803.1520192179
LTE,"Late-demographic dividend",2022,22842.7930520757
LTE,"Late-demographic dividend",2021,22189.7622837471
LTE,"Late-demographic dividend",2020,20730.0029982162
LTE,"Late-demographic dividend",2019,20852.8824490568
LTE,"Late-demographic dividend",2018,20046.5223675086
LTE,"Late-demographic dividend",2017,19161.6836683691
LTE,"Late-demographic dividend",2016,18377.0584236764
LTE,"Late-demographic dividend",2015,17784.0628531228
LTE,"Late-demographic dividend",2014,17214.8266070851
LTE,"Late-demographic dividend",2013,16550.7608765012
LTE,"Late-demographic dividend",2012,15849.9797393159
LTE,"Late-demographic dividend",2011,15116.23443797
LTE,"Late-demographic dividend",2010,14254.5060505905
LTE,"Late-demographic dividend",2009,13334.5473252508
LTE,"Late-demographic dividend",2008,13098.0960309932
LTE,"Late-demographic dividend",2007,12361.2116354473
LTE,"Late-demographic dividend",2006,11333.0924408752
LTE,"Late-demographic dividend",2005,10466.0431607711
LTE,"Late-demographic dividend",2004,9802.55079794057
LTE,"Late-demographic dividend",2003,9138.18820940943
LTE,"Late-demographic dividend",2002,8615.35404402717
LTE,"Late-demographic dividend",2001,8198.53171138037
LTE,"Late-demographic dividend",2000,7865.40223869989
LTE,"Late-demographic dividend",1999,7403.98453534758
LTE,"Late-demographic dividend",1998,7146.05395183814
LTE,"Late-demographic dividend",1997,7097.32228174139
LTE,"Late-demographic dividend",1996,6837.45613660664
LTE,"Late-demographic dividend",1995,6631.61742034211
LTE,"Late-demographic dividend",1994,6414.78626141477
LTE,"Late-demographic dividend",1993,6354.66147168961
LTE,"Late-demographic dividend",1992,6288.47965404527
LTE,"Late-demographic dividend",1991,6502.05149318433
LTE,"Late-demographic dividend",1990,6637.56041137622
LTE,"Late-demographic dividend",1989,
LTE,"Late-demographic dividend",1988,
LTE,"Late-demographic dividend",1987,
LTE,"Late-demographic dividend",1986,
LTE,"Late-demographic dividend",1985,
LTE,"Late-demographic dividend",1984,
LTE,"Late-demographic dividend",1983,
LTE,"Late-demographic dividend",1982,
LTE,"Late-demographic dividend",1981,
LTE,"Late-demographic dividend",1980,
LTE,"Late-demographic dividend",1979,
LTE,"Late-demographic dividend",1978,
LTE,"Late-demographic dividend",1977,
LTE,"Late-demographic dividend",1976,
LTE,"Late-demographic dividend",1975,
LTE,"Late-demographic dividend",1974,
LTE,"Late-demographic dividend",1973,
LTE,"Late-demographic dividend",1972,
LTE,"Late-demographic dividend",1971,
LTE,"Late-demographic dividend",1970,
LTE,"Late-demographic dividend",1969,
LTE,"Late-demographic dividend",1968,
LTE,"Late-demographic dividend",1967,
LTE,"Late-demographic dividend",1966,
LTE,"Late-demographic dividend",1965,
LTE,"Late-demographic dividend",1964,
LTE,"Late-demographic dividend",1963,
LTE,"Late-demographic dividend",1962,
LTE,"Late-demographic dividend",1961,
LTE,"Late-demographic dividend",1960,
LCN,"Latin America & Caribbean",2025,20286.72849365
LCN,"Latin America & Caribbean",2024,19954.1496595019
LCN,"Latin America & Caribbean",2023,19651.7333890663
LCN,"Latin America & Caribbean",2022,19355.0766860444
LCN,"Latin America & Caribbean",2021,18696.3210341683
LCN,"Latin America & Caribbean",2020,17508.6173350597
LCN,"Latin America & Caribbean",2019,18883.1868618303
LCN,"Latin America & Caribbean",2018,18893.7989523752
LCN,"Latin America & Caribbean",2017,18744.6242855123
LCN,"Latin America & Caribbean",2016,18550.8729173978
LCN,"Latin America & Caribbean",2015,18762.9039878165
LCN,"Latin America & Caribbean",2014,18852.4281125219
LCN,"Latin America & Caribbean",2013,18766.917591694
LCN,"Latin America & Caribbean",2012,18433.7387345819
LCN,"Latin America & Caribbean",2011,18150.5882548775
LCN,"Latin America & Caribbean",2010,17550.7377870024
LCN,"Latin America & Caribbean",2009,16665.1020164418
LCN,"Latin America & Caribbean",2008,17242.6454978629
LCN,"Latin America & Caribbean",2007,16820.2801252913
LCN,"Latin America & Caribbean",2006,16172.0518023451
LCN,"Latin America & Caribbean",2005,15565.1750239356
LCN,"Latin America & Caribbean",2004,15159.8546462837
LCN,"Latin America & Caribbean",2003,14567.691251088
LCN,"Latin America & Caribbean",2002,14398.1472983889
LCN,"Latin America & Caribbean",2001,14517.4981001165
LCN,"Latin America & Caribbean",2000,14662.98009358
LCN,"Latin America & Caribbean",1999,14363.687175835
LCN,"Latin America & Caribbean",1998,14501.2773704622
LCN,"Latin America & Caribbean",1997,14298.0230325412
LCN,"Latin America & Caribbean",1996,13773.1725950955
LCN,"Latin America & Caribbean",1995,13463.6944120733
LCN,"Latin America & Caribbean",1994,13570.0746408401
LCN,"Latin America & Caribbean",1993,13103.0483830762
LCN,"Latin America & Caribbean",1992,12734.9200437577
LCN,"Latin America & Caribbean",1991,12603.5714249853
LCN,"Latin America & Caribbean",1990,12425.5780914071
LCN,"Latin America & Caribbean",1989,
LCN,"Latin America & Caribbean",1988,
LCN,"Latin America & Caribbean",1987,
LCN,"Latin America & Caribbean",1986,
LCN,"Latin America & Caribbean",1985,
LCN,"Latin America & Caribbean",1984,
LCN,"Latin America & Caribbean",1983,
LCN,"Latin America & Caribbean",1982,
LCN,"Latin America & Caribbean",1981,
LCN,"Latin America & Caribbean",1980,
LCN,"Latin America & Caribbean",1979,
LCN,"Latin America & Caribbean",1978,
LCN,"Latin America & Caribbean",1977,
LCN,"Latin America & Caribbean",1976,
LCN,"Latin America & Caribbean",1975,
LCN,"Latin America & Caribbean",1974,
LCN,"Latin America & Caribbean",1973,
LCN,"Latin America & Caribbean",1972,
LCN,"Latin America & Caribbean",1971,
LCN,"Latin America & Caribbean",1970,
LCN,"Latin America & Caribbean",1969,
LCN,"Latin America & Caribbean",1968,
LCN,"Latin America & Caribbean",1967,
LCN,"Latin America & Caribbean",1966,
LCN,"Latin America & Caribbean",1965,
LCN,"Latin America & Caribbean",1964,
LCN,"Latin America & Caribbean",1963,
LCN,"Latin America & Caribbean",1962,
LCN,"Latin America & Caribbean",1961,
LCN,"Latin America & Caribbean",1960,
LAC,"Latin America & Caribbean (excluding high income)",2025,19409.3062576196
LAC,"Latin America & Caribbean (excluding high income)",2024,19114.9636573284
LAC,"Latin America & Caribbean (excluding high income)",2023,18872.9989096637
LAC,"Latin America & Caribbean (excluding high income)",2022,18604.9631264863
LAC,"Latin America & Caribbean (excluding high income)",2021,17991.1283749974
LAC,"Latin America & Caribbean (excluding high income)",2020,16883.6083104718
LAC,"Latin America & Caribbean (excluding high income)",2019,18195.6679220187
LAC,"Latin America & Caribbean (excluding high income)",2018,18213.6232664927
LAC,"Latin America & Caribbean (excluding high income)",2017,18078.2959124229
LAC,"Latin America & Caribbean (excluding high income)",2016,17879.6160960042
LAC,"Latin America & Caribbean (excluding high income)",2015,18116.8775494236
LAC,"Latin America & Caribbean (excluding high income)",2014,18231.5556349808
LAC,"Latin America & Caribbean (excluding high income)",2013,18162.1070321562
LAC,"Latin America & Caribbean (excluding high income)",2012,17843.9103583108
LAC,"Latin America & Caribbean (excluding high income)",2011,17612.8529378709
LAC,"Latin America & Caribbean (excluding high income)",2010,17037.1271662537
LAC,"Latin America & Caribbean (excluding high income)",2009,16146.6158745104
LAC,"Latin America & Caribbean (excluding high income)",2008,16733.096469667
LAC,"Latin America & Caribbean (excluding high income)",2007,16321.8321811757
LAC,"Latin America & Caribbean (excluding high income)",2006,15689.2144065463
LAC,"Latin America & Caribbean (excluding high income)",2005,15100.9407755949
LAC,"Latin America & Caribbean (excluding high income)",2004,14714.1889558771
LAC,"Latin America & Caribbean (excluding high income)",2003,14161.0919133732
LAC,"Latin America & Caribbean (excluding high income)",2002,14013.3139307931
LAC,"Latin America & Caribbean (excluding high income)",2001,14150.3174722497
LAC,"Latin America & Caribbean (excluding high income)",2000,14331.7839148575
LAC,"Latin America & Caribbean (excluding high income)",1999,14044.8795352472
LAC,"Latin America & Caribbean (excluding high income)",1998,14203.2697588857
LAC,"Latin America & Caribbean (excluding high income)",1997,14033.9004995701
LAC,"Latin America & Caribbean (excluding high income)",1996,13535.3863903502
LAC,"Latin America & Caribbean (excluding high income)",1995,13245.8298079587
LAC,"Latin America & Caribbean (excluding high income)",1994,13406.2896778261
LAC,"Latin America & Caribbean (excluding high income)",1993,12942.1253667728
LAC,"Latin America & Caribbean (excluding high income)",1992,12586.8045095486
LAC,"Latin America & Caribbean (excluding high income)",1991,12513.826042173
LAC,"Latin America & Caribbean (excluding high income)",1990,12355.3054990239
LAC,"Latin America & Caribbean (excluding high income)",1989,
LAC,"Latin America & Caribbean (excluding high income)",1988,
LAC,"Latin America & Caribbean (excluding high income)",1987,
LAC,"Latin America & Caribbean (excluding high income)",1986,
LAC,"Latin America & Caribbean (excluding high income)",1985,
LAC,"Latin America & Caribbean (excluding high income)",1984,
LAC,"Latin America & Caribbean (excluding high income)",1983,
LAC,"Latin America & Caribbean (excluding high income)",1982,
LAC,"Latin America & Caribbean (excluding high income)",1981,
LAC,"Latin America & Caribbean (excluding high income)",1980,
LAC,"Latin America & Caribbean (excluding high income)",1979,
LAC,"Latin America & Caribbean (excluding high income)",1978,
LAC,"Latin America & Caribbean (excluding high income)",1977,
LAC,"Latin America & Caribbean (excluding high income)",1976,
LAC,"Latin America & Caribbean (excluding high income)",1975,
LAC,"Latin America & Caribbean (excluding high income)",1974,
LAC,"Latin America & Caribbean (excluding high income)",1973,
LAC,"Latin America & Caribbean (excluding high income)",1972,
LAC,"Latin America & Caribbean (excluding high income)",1971,
LAC,"Latin America & Caribbean (excluding high income)",1970,
LAC,"Latin America & Caribbean (excluding high income)",1969,
LAC,"Latin America & Caribbean (excluding high income)",1968,
LAC,"Latin America & Caribbean (excluding high income)",1967,
LAC,"Latin America & Caribbean (excluding high income)",1966,
LAC,"Latin America & Caribbean (excluding high income)",1965,
LAC,"Latin America & Caribbean (excluding high income)",1964,
LAC,"Latin America & Caribbean (excluding high income)",1963,
LAC,"Latin America & Caribbean (excluding high income)",1962,
LAC,"Latin America & Caribbean (excluding high income)",1961,
LAC,"Latin America & Caribbean (excluding high income)",1960,
TLA,"Latin America & the Caribbean (IDA & IBRD countries)",2025,20175.5982898323
TLA,"Latin America & the Caribbean (IDA & IBRD countries)",2024,19845.1254630959
TLA,"Latin America & the Caribbean (IDA & IBRD countries)",2023,19551.7411981811
TLA,"Latin America & the Caribbean (IDA & IBRD countries)",2022,19259.412041102
TLA,"Latin America & the Caribbean (IDA & IBRD countries)",2021,18609.1190317645
TLA,"Latin America & the Caribbean (IDA & IBRD countries)",2020,17418.680012511
TLA,"Latin America & the Caribbean (IDA & IBRD countries)",2019,18791.1714822657
TLA,"Latin America & the Caribbean (IDA & IBRD countries)",2018,18808.0604001973
TLA,"Latin America & the Caribbean (IDA & IBRD countries)",2017,18653.3433106036
TLA,"Latin America & the Caribbean (IDA & IBRD countries)",2016,18455.8801433133
TLA,"Latin America & the Caribbean (IDA & IBRD countries)",2015,18670.717514529
TLA,"Latin America & the Caribbean (IDA & IBRD countries)",2014,18762.6257531749
TLA,"Latin America & the Caribbean (IDA & IBRD countries)",2013,18676.7799220997
TLA,"Latin America & the Caribbean (IDA & IBRD countries)",2012,18340.3089340631
TLA,"Latin America & the Caribbean (IDA & IBRD countries)",2011,18055.3042757769
TLA,"Latin America & the Caribbean (IDA & IBRD countries)",2010,17448.2598325074
TLA,"Latin America & the Caribbean (IDA & IBRD countries)",2009,16550.9833188907
TLA,"Latin America & the Caribbean (IDA & IBRD countries)",2008,17128.9043164926
TLA,"Latin America & the Caribbean (IDA & IBRD countries)",2007,16696.6218868769
TLA,"Latin America & the Caribbean (IDA & IBRD countries)",2006,16038.2861869901
TLA,"Latin America & the Caribbean (IDA & IBRD countries)",2005,15420.2917523643
TLA,"Latin America & the Caribbean (IDA & IBRD countries)",2004,15003.8237166523
TLA,"Latin America & the Caribbean (IDA & IBRD countries)",2003,14430.216561199
TLA,"Latin America & the Caribbean (IDA & IBRD countries)",2002,14257.7222031593
TLA,"Latin America & the Caribbean (IDA & IBRD countries)",2001,14382.1387890536
TLA,"Latin America & the Caribbean (IDA & IBRD countries)",2000,14549.3372608149
TLA,"Latin America & the Caribbean (IDA & IBRD countries)",1999,14256.9607203277
TLA,"Latin America & the Caribbean (IDA & IBRD countries)",1998,14413.6490756706
TLA,"Latin America & the Caribbean (IDA & IBRD countries)",1997,14223.7229627084
TLA,"Latin America & the Caribbean (IDA & IBRD countries)",1996,13704.1157785271
TLA,"Latin America & the Caribbean (IDA & IBRD countries)",1995,13396.4986932028
TLA,"Latin America & the Caribbean (IDA & IBRD countries)",1994,13517.3711604967
TLA,"Latin America & the Caribbean (IDA & IBRD countries)",1993,13054.0314577269
TLA,"Latin America & the Caribbean (IDA & IBRD countries)",1992,12691.1338514121
TLA,"Latin America & the Caribbean (IDA & IBRD countries)",1991,12567.6202754437
TLA,"Latin America & the Caribbean (IDA & IBRD countries)",1990,12390.7892115963
TLA,"Latin America & the Caribbean (IDA & IBRD countries)",1989,
TLA,"Latin America & the Caribbean (IDA & IBRD countries)",1988,
TLA,"Latin America & the Caribbean (IDA & IBRD countries)",1987,
TLA,"Latin America & the Caribbean (IDA & IBRD countries)",1986,
TLA,"Latin America & the Caribbean (IDA & IBRD countries)",1985,
TLA,"Latin America & the Caribbean (IDA & IBRD countries)",1984,
TLA,"Latin America & the Caribbean (IDA & IBRD countries)",1983,
TLA,"Latin America & the Caribbean (IDA & IBRD countries)",1982,
TLA,"Latin America & the Caribbean (IDA & IBRD countries)",1981,
TLA,"Latin America & the Caribbean (IDA & IBRD countries)",1980,
TLA,"Latin America & the Caribbean (IDA & IBRD countries)",1979,
TLA,"Latin America & the Caribbean (IDA & IBRD countries)",1978,
TLA,"Latin America & the Caribbean (IDA & IBRD countries)",1977,
TLA,"Latin America & the Caribbean (IDA & IBRD countries)",1976,
TLA,"Latin America & the Caribbean (IDA & IBRD countries)",1975,
TLA,"Latin America & the Caribbean (IDA & IBRD countries)",1974,
TLA,"Latin America & the Caribbean (IDA & IBRD countries)",1973,
TLA,"Latin America & the Caribbean (IDA & IBRD countries)",1972,
TLA,"Latin America & the Caribbean (IDA & IBRD countries)",1971,
TLA,"Latin America & the Caribbean (IDA & IBRD countries)",1970,
TLA,"Latin America & the Caribbean (IDA & IBRD countries)",1969,
TLA,"Latin America & the Caribbean (IDA & IBRD countries)",1968,
TLA,"Latin America & the Caribbean (IDA & IBRD countries)",1967,
TLA,"Latin America & the Caribbean (IDA & IBRD countries)",1966,
TLA,"Latin America & the Caribbean (IDA & IBRD countries)",1965,
TLA,"Latin America & the Caribbean (IDA & IBRD countries)",1964,
TLA,"Latin America & the Caribbean (IDA & IBRD countries)",1963,
TLA,"Latin America & the Caribbean (IDA & IBRD countries)",1962,
TLA,"Latin America & the Caribbean (IDA & IBRD countries)",1961,
TLA,"Latin America & the Caribbean (IDA & IBRD countries)",1960,
LDC,"Least developed countries: UN classification",2025,4035.2417552817
LDC,"Least developed countries: UN classification",2024,3956.39663716034
LDC,"Least developed countries: UN classification",2023,3891.73641004671
LDC,"Least developed countries: UN classification",2022,3851.7539627313
LDC,"Least developed countries: UN classification",2021,3753.1278014194
LDC,"Least developed countries: UN classification",2020,3741.39972817227
LDC,"Least developed countries: UN classification",2019,3830.88853350413
LDC,"Least developed countries: UN classification",2018,3726.77808267188
LDC,"Least developed countries: UN classification",2017,3628.8467447362
LDC,"Least developed countries: UN classification",2016,3530.49118814527
LDC,"Least developed countries: UN classification",2015,3444.48573373338
LDC,"Least developed countries: UN classification",2014,3352.66131202589
LDC,"Least developed countries: UN classification",2013,3241.36780220136
LDC,"Least developed countries: UN classification",2012,3129.10024240458
LDC,"Least developed countries: UN classification",2011,3051.43683302234
LDC,"Least developed countries: UN classification",2010,2980.94840851133
LDC,"Least developed countries: UN classification",2009,2867.15245697277
LDC,"Least developed countries: UN classification",2008,2806.96555455219
LDC,"Least developed countries: UN classification",2007,2691.00800844867
LDC,"Least developed countries: UN classification",2006,2556.63271986189
LDC,"Least developed countries: UN classification",2005,2440.11770369825
LDC,"Least developed countries: UN classification",2004,2321.65342191161
LDC,"Least developed countries: UN classification",2003,2227.39805845854
LDC,"Least developed countries: UN classification",2002,2164.86433866971
LDC,"Least developed countries: UN classification",2001,2101.00285697336
LDC,"Least developed countries: UN classification",2000,2048.71959919672
LDC,"Least developed countries: UN classification",1999,2009.58049558818
LDC,"Least developed countries: UN classification",1998,1976.74633745167
LDC,"Least developed countries: UN classification",1997,1950.68947966068
LDC,"Least developed countries: UN classification",1996,1900.50440579373
LDC,"Least developed countries: UN classification",1995,1846.55167883725
LDC,"Least developed countries: UN classification",1994,1793.32284426074
LDC,"Least developed countries: UN classification",1993,1832.89513349639
LDC,"Least developed countries: UN classification",1992,1891.5115404983
LDC,"Least developed countries: UN classification",1991,1936.47394486678
LDC,"Least developed countries: UN classification",1990,1952.07525314564
LDC,"Least developed countries: UN classification",1989,
LDC,"Least developed countries: UN classification",1988,
LDC,"Least developed countries: UN classification",1987,
LDC,"Least developed countries: UN classification",1986,
LDC,"Least developed countries: UN classification",1985,
LDC,"Least developed countries: UN classification",1984,
LDC,"Least developed countries: UN classification",1983,
LDC,"Least developed countries: UN classification",1982,
LDC,"Least developed countries: UN classification",1981,
LDC,"Least developed countries: UN classification",1980,
LDC,"Least developed countries: UN classification",1979,
LDC,"Least developed countries: UN classification",1978,
LDC,"Least developed countries: UN classification",1977,
LDC,"Least developed countries: UN classification",1976,
LDC,"Least developed countries: UN classification",1975,
LDC,"Least developed countries: UN classification",1974,
LDC,"Least developed countries: UN classification",1973,
LDC,"Least developed countries: UN classification",1972,
LDC,"Least developed countries: UN classification",1971,
LDC,"Least developed countries: UN classification",1970,
LDC,"Least developed countries: UN classification",1969,
LDC,"Least developed countries: UN classification",1968,
LDC,"Least developed countries: UN classification",1967,
LDC,"Least developed countries: UN classification",1966,
LDC,"Least developed countries: UN classification",1965,
LDC,"Least developed countries: UN classification",1964,
LDC,"Least developed countries: UN classification",1963,
LDC,"Least developed countries: UN classification",1962,
LDC,"Least developed countries: UN classification",1961,
LDC,"Least developed countries: UN classification",1960,
LMY,"Low & middle income",2025,14102.0915988115
LMY,"Low & middle income",2024,13612.7879900807
LMY,"Low & middle income",2023,13155.1620681372
LMY,"Low & middle income",2022,12688.9670294297
LMY,"Low & middle income",2021,12294.6891013589
LMY,"Low & middle income",2020,11605.6207814452
LMY,"Low & middle income",2019,11942.5710199999
LMY,"Low & middle income",2018,11619.79598111
LMY,"Low & middle income",2017,11215.7885981508
LMY,"Low & middle income",2016,10798.4518286632
LMY,"Low & middle income",2015,10435.5053265179
LMY,"Low & middle income",2014,10105.0781953344
LMY,"Low & middle income",2013,9755.16890460974
LMY,"Low & middle income",2012,9388.20025846692
LMY,"Low & middle income",2011,9057.29727616674
LMY,"Low & middle income",2010,8663.85763037059
LMY,"Low & middle income",2009,8152.22412560338
LMY,"Low & middle income",2008,7977.46088036183
LMY,"Low & middle income",2007,7671.7507012782
LMY,"Low & middle income",2006,7185.63014243261
LMY,"Low & middle income",2005,6762.59683515012
LMY,"Low & middle income",2004,6413.33308387559
LMY,"Low & middle income",2003,6049.20754417552
LMY,"Low & middle income",2002,5806.43177431994
LMY,"Low & middle income",2001,5631.10697990246
LMY,"Low & middle income",2000,5516.65071098444
LMY,"Low & middle income",1999,5320.55870168961
LMY,"Low & middle income",1998,5215.30941351259
LMY,"Low & middle income",1997,5155.3722704368
LMY,"Low & middle income",1996,4987.6535921003
LMY,"Low & middle income",1995,4792.63014171768
LMY,"Low & middle income",1994,4678.32670210015
LMY,"Low & middle income",1993,4587.73474985262
LMY,"Low & middle income",1992,4502.70450087412
LMY,"Low & middle income",1991,4439.30867556387
LMY,"Low & middle income",1990,4440.58679169367
LMY,"Low & middle income",1989,
LMY,"Low & middle income",1988,
LMY,"Low & middle income",1987,
LMY,"Low & middle income",1986,
LMY,"Low & middle income",1985,
LMY,"Low & middle income",1984,
LMY,"Low & middle income",1983,
LMY,"Low & middle income",1982,
LMY,"Low & middle income",1981,
LMY,"Low & middle income",1980,
LMY,"Low & middle income",1979,
LMY,"Low & middle income",1978,
LMY,"Low & middle income",1977,
LMY,"Low & middle income",1976,
LMY,"Low & middle income",1975,
LMY,"Low & middle income",1974,
LMY,"Low & middle income",1973,
LMY,"Low & middle income",1972,
LMY,"Low & middle income",1971,
LMY,"Low & middle income",1970,
LMY,"Low & middle income",1969,
LMY,"Low & middle income",1968,
LMY,"Low & middle income",1967,
LMY,"Low & middle income",1966,
LMY,"Low & middle income",1965,
LMY,"Low & middle income",1964,
LMY,"Low & middle income",1963,
LMY,"Low & middle income",1962,
LMY,"Low & middle income",1961,
LMY,"Low & middle income",1960,
,"Low income",2025,2481.01315595719
,"Low income",2024,2395.99109855428
,"Low income",2023,2365.06299303399
,"Low income",2022,2395.91599638187
,"Low income",2021,2374.74913269038
,"Low income",2020,2399.29922464841
,"Low income",2019,2449.56269658666
,"Low income",2018,2422.64161564751
,"Low income",2017,2398.91418465668
,"Low income",2016,2367.13435583932
,"Low income",2015,2349.58022316902
,"Low income",2014,2312.39785199331
,"Low income",2013,2284.04770988727
,"Low income",2012,2314.6902870397
,"Low income",2011,2471.46990092247
,"Low income",2010,2461.60384878329
,"Low income",2009,2363.64532551769
,"Low income",2008,2332.31935449671
,"Low income",2007,2267.43652462977
,"Low income",2006,2183.70629205611
,"Low income",2005,2117.2453953109
,"Low income",2004,2037.73559020632
,"Low income",2003,1962.85839011974
,"Low income",2002,1938.9037333312
,"Low income",2001,1879.89185741637
,"Low income",2000,1848.07202366958
,"Low income",1999,1855.17329654055
,"Low income",1998,1879.34132897105
,"Low income",1997,1857.39678230419
,"Low income",1996,1802.88114599218
,"Low income",1995,1746.14868862413
,"Low income",1994,1711.92627016507
,"Low income",1993,1746.57470122899
,"Low income",1992,1779.98675412983
,"Low income",1991,1835.50541984467
,"Low income",1990,1861.4363955005
,"Low income",1989,
,"Low income",1988,
,"Low income",1987,
,"Low income",1986,
,"Low income",1985,
,"Low income",1984,
,"Low income",1983,
,"Low income",1982,
,"Low income",1981,
,"Low income",1980,
,"Low income",1979,
,"Low income",1978,
,"Low income",1977,
,"Low income",1976,
,"Low income",1975,
,"Low income",1974,
,"Low income",1973,
,"Low income",1972,
,"Low income",1971,
,"Low income",1970,
,"Low income",1969,
,"Low income",1968,
,"Low income",1967,
,"Low income",1966,
,"Low income",1965,
,"Low income",1964,
,"Low income",1963,
,"Low income",1962,
,"Low income",1961,
,"Low income",1960,
,"Lower middle income",2025,9350.30085073697
,"Lower middle income",2024,8930.71250643165
,"Lower middle income",2023,8575.83406829339
,"Lower middle income",2022,8239.02963162706
,"Lower middle income",2021,7838.34718454926
,"Lower middle income",2020,7421.0922949801
,"Lower middle income",2019,7828.88816562443
,"Lower middle income",2018,7634.72598689899
,"Lower middle income",2017,7336.66033715744
,"Lower middle income",2016,7060.83322568102
,"Lower middle income",2015,6770.17550450668
,"Lower middle income",2014,6478.86225993693
,"Lower middle income",2013,6197.54309245233
,"Lower middle income",2012,5959.12380566511
,"Lower middle income",2011,5768.54126854103
,"Lower middle income",2010,5602.46049037949
,"Lower middle income",2009,5327.71639726179
,"Lower middle income",2008,5091.43324856468
,"Lower middle income",2007,4960.878329707
,"Lower middle income",2006,4721.62738527555
,"Lower middle income",2005,4484.76374023139
,"Lower middle income",2004,4274.69610229025
,"Lower middle income",2003,4065.50236156351
,"Lower middle income",2002,3905.26609643631
,"Lower middle income",2001,3811.50335096094
,"Lower middle income",2000,3721.15583004668
,"Lower middle income",1999,3645.8916274424
,"Lower middle income",1998,3513.10079044313
,"Lower middle income",1997,3416.43102176628
,"Lower middle income",1996,3361.06610527447
,"Lower middle income",1995,3227.69254959929
,"Lower middle income",1994,3135.32439884394
,"Lower middle income",1993,3083.36754378992
,"Lower middle income",1992,3087.95328781828
,"Lower middle income",1991,3042.82483895626
,"Lower middle income",1990,3056.24289827227
,"Lower middle income",1989,
,"Lower middle income",1988,
,"Lower middle income",1987,
,"Lower middle income",1986,
,"Lower middle income",1985,
,"Lower middle income",1984,
,"Lower middle income",1983,
,"Lower middle income",1982,
,"Lower middle income",1981,
,"Lower middle income",1980,
,"Lower middle income",1979,
,"Lower middle income",1978,
,"Lower middle income",1977,
,"Lower middle income",1976,
,"Lower middle income",1975,
,"Lower middle income",1974,
,"Lower middle income",1973,
,"Lower middle income",1972,
,"Lower middle income",1971,
,"Lower middle income",1970,
,"Lower middle income",1969,
,"Lower middle income",1968,
,"Lower middle income",1967,
,"Lower middle income",1966,
,"Lower middle income",1965,
,"Lower middle income",1964,
,"Lower middle income",1963,
,"Lower middle income",1962,
,"Lower middle income",1961,
,"Lower middle income",1960,
MEA,"Middle East, North Africa, Afghanistan & Pakistan",2025,14512.0028970514
MEA,"Middle East, North Africa, Afghanistan & Pakistan",2024,14391.405949633
MEA,"Middle East, North Africa, Afghanistan & Pakistan",2023,14315.2058223182
MEA,"Middle East, North Africa, Afghanistan & Pakistan",2022,14260.8818255762
MEA,"Middle East, North Africa, Afghanistan & Pakistan",2021,13667.9618940942
MEA,"Middle East, North Africa, Afghanistan & Pakistan",2020,13261.5451067803
MEA,"Middle East, North Africa, Afghanistan & Pakistan",2019,13875.4354818805
MEA,"Middle East, North Africa, Afghanistan & Pakistan",2018,13857.6977166328
MEA,"Middle East, North Africa, Afghanistan & Pakistan",2017,13738.7112789254
MEA,"Middle East, North Africa, Afghanistan & Pakistan",2016,13660.6647261647
MEA,"Middle East, North Africa, Afghanistan & Pakistan",2015,13274.4834148132
MEA,"Middle East, North Africa, Afghanistan & Pakistan",2014,13125.9569108265
MEA,"Middle East, North Africa, Afghanistan & Pakistan",2013,12974.7088043422
MEA,"Middle East, North Africa, Afghanistan & Pakistan",2012,12998.8237760191
MEA,"Middle East, North Africa, Afghanistan & Pakistan",2011,12878.6633569426
MEA,"Middle East, North Africa, Afghanistan & Pakistan",2010,12644.5287639675
MEA,"Middle East, North Africa, Afghanistan & Pakistan",2009,12328.590525863
MEA,"Middle East, North Africa, Afghanistan & Pakistan",2008,12410.3548378055
MEA,"Middle East, North Africa, Afghanistan & Pakistan",2007,12172.6860848971
MEA,"Middle East, North Africa, Afghanistan & Pakistan",2006,11838.3024594452
MEA,"Middle East, North Africa, Afghanistan & Pakistan",2005,11466.1867676249
MEA,"Middle East, North Africa, Afghanistan & Pakistan",2004,11163.9098849067
MEA,"Middle East, North Africa, Afghanistan & Pakistan",2003,10590.2776590084
MEA,"Middle East, North Africa, Afghanistan & Pakistan",2002,10405.750570078
MEA,"Middle East, North Africa, Afghanistan & Pakistan",2001,10387.1843453909
MEA,"Middle East, North Africa, Afghanistan & Pakistan",2000,10396.7937182114
MEA,"Middle East, North Africa, Afghanistan & Pakistan",1999,10034.8137620933
MEA,"Middle East, North Africa, Afghanistan & Pakistan",1998,9976.80086991378
MEA,"Middle East, North Africa, Afghanistan & Pakistan",1997,9771.66464455899
MEA,"Middle East, North Africa, Afghanistan & Pakistan",1996,9635.95562657862
MEA,"Middle East, North Africa, Afghanistan & Pakistan",1995,9383.03781172441
MEA,"Middle East, North Africa, Afghanistan & Pakistan",1994,9333.41089422049
MEA,"Middle East, North Africa, Afghanistan & Pakistan",1993,9335.05184735193
MEA,"Middle East, North Africa, Afghanistan & Pakistan",1992,9384.77241913592
MEA,"Middle East, North Africa, Afghanistan & Pakistan",1991,9109.86983671017
MEA,"Middle East, North Africa, Afghanistan & Pakistan",1990,9219.82166050209
MEA,"Middle East, North Africa, Afghanistan & Pakistan",1989,
MEA,"Middle East, North Africa, Afghanistan & Pakistan",1988,
MEA,"Middle East, North Africa, Afghanistan & Pakistan",1987,
MEA,"Middle East, North Africa, Afghanistan & Pakistan",1986,
MEA,"Middle East, North Africa, Afghanistan & Pakistan",1985,
MEA,"Middle East, North Africa, Afghanistan & Pakistan",1984,
MEA,"Middle East, North Africa, Afghanistan & Pakistan",1983,
MEA,"Middle East, North Africa, Afghanistan & Pakistan",1982,
MEA,"Middle East, North Africa, Afghanistan & Pakistan",1981,
MEA,"Middle East, North Africa, Afghanistan & Pakistan",1980,
MEA,"Middle East, North Africa, Afghanistan & Pakistan",1979,
MEA,"Middle East, North Africa, Afghanistan & Pakistan",1978,
MEA,"Middle East, North Africa, Afghanistan & Pakistan",1977,
MEA,"Middle East, North Africa, Afghanistan & Pakistan",1976,
MEA,"Middle East, North Africa, Afghanistan & Pakistan",1975,
MEA,"Middle East, North Africa, Afghanistan & Pakistan",1974,
MEA,"Middle East, North Africa, Afghanistan & Pakistan",1973,
MEA,"Middle East, North Africa, Afghanistan & Pakistan",1972,
MEA,"Middle East, North Africa, Afghanistan & Pakistan",1971,
MEA,"Middle East, North Africa, Afghanistan & Pakistan",1970,
MEA,"Middle East, North Africa, Afghanistan & Pakistan",1969,
MEA,"Middle East, North Africa, Afghanistan & Pakistan",1968,
MEA,"Middle East, North Africa, Afghanistan & Pakistan",1967,
MEA,"Middle East, North Africa, Afghanistan & Pakistan",1966,
MEA,"Middle East, North Africa, Afghanistan & Pakistan",1965,
MEA,"Middle East, North Africa, Afghanistan & Pakistan",1964,
MEA,"Middle East, North Africa, Afghanistan & Pakistan",1963,
MEA,"Middle East, North Africa, Afghanistan & Pakistan",1962,
MEA,"Middle East, North Africa, Afghanistan & Pakistan",1961,
MEA,"Middle East, North Africa, Afghanistan & Pakistan",1960,
MNA,"Middle East, North Africa, Afghanistan & Pakistan (excluding high income)",2025,10013.6100237991
MNA,"Middle East, North Africa, Afghanistan & Pakistan (excluding high income)",2024,9972.93614849708
MNA,"Middle East, North Africa, Afghanistan & Pakistan (excluding high income)",2023,9902.17620602616
MNA,"Middle East, North Africa, Afghanistan & Pakistan (excluding high income)",2022,9789.57382056453
MNA,"Middle East, North Africa, Afghanistan & Pakistan (excluding high income)",2021,9516.64668717139
MNA,"Middle East, North Africa, Afghanistan & Pakistan (excluding high income)",2020,9308.58068497712
MNA,"Middle East, North Africa, Afghanistan & Pakistan (excluding high income)",2019,9622.70742842857
MNA,"Middle East, North Africa, Afghanistan & Pakistan (excluding high income)",2018,9610.53590554892
MNA,"Middle East, North Africa, Afghanistan & Pakistan (excluding high income)",2017,9558.34316749669
MNA,"Middle East, North Africa, Afghanistan & Pakistan (excluding high income)",2016,9412.5084550993
MNA,"Middle East, North Africa, Afghanistan & Pakistan (excluding high income)",2015,9038.56259409523
MNA,"Middle East, North Africa, Afghanistan & Pakistan (excluding high income)",2014,8991.33075661477
MNA,"Middle East, North Africa, Afghanistan & Pakistan (excluding high income)",2013,8907.44506975348
MNA,"Middle East, North Africa, Afghanistan & Pakistan (excluding high income)",2012,8984.93510074166
MNA,"Middle East, North Africa, Afghanistan & Pakistan (excluding high income)",2011,8988.59983471501
MNA,"Middle East, North Africa, Afghanistan & Pakistan (excluding high income)",2010,9052.10818995059
MNA,"Middle East, North Africa, Afghanistan & Pakistan (excluding high income)",2009,8831.71489382729
MNA,"Middle East, North Africa, Afghanistan & Pakistan (excluding high income)",2008,8753.13707659614
MNA,"Middle East, North Africa, Afghanistan & Pakistan (excluding high income)",2007,8627.73711127116
MNA,"Middle East, North Africa, Afghanistan & Pakistan (excluding high income)",2006,8323.68223524681
MNA,"Middle East, North Africa, Afghanistan & Pakistan (excluding high income)",2005,8068.28257623881
MNA,"Middle East, North Africa, Afghanistan & Pakistan (excluding high income)",2004,7872.21759398132
MNA,"Middle East, North Africa, Afghanistan & Pakistan (excluding high income)",2003,7478.85875079651
MNA,"Middle East, North Africa, Afghanistan & Pakistan (excluding high income)",2002,7465.73272422958
MNA,"Middle East, North Africa, Afghanistan & Pakistan (excluding high income)",2001,7371.3767408889
MNA,"Middle East, North Africa, Afghanistan & Pakistan (excluding high income)",2000,7317.26035832222
MNA,"Middle East, North Africa, Afghanistan & Pakistan (excluding high income)",1999,7073.21431976136
MNA,"Middle East, North Africa, Afghanistan & Pakistan (excluding high income)",1998,6940.76365209991
MNA,"Middle East, North Africa, Afghanistan & Pakistan (excluding high income)",1997,6724.19615178702
MNA,"Middle East, North Africa, Afghanistan & Pakistan (excluding high income)",1996,6651.3884649242
MNA,"Middle East, North Africa, Afghanistan & Pakistan (excluding high income)",1995,6422.97697967729
MNA,"Middle East, North Africa, Afghanistan & Pakistan (excluding high income)",1994,6374.46813239502
MNA,"Middle East, North Africa, Afghanistan & Pakistan (excluding high income)",1993,6394.88694570012
MNA,"Middle East, North Africa, Afghanistan & Pakistan (excluding high income)",1992,6457.88712751725
MNA,"Middle East, North Africa, Afghanistan & Pakistan (excluding high income)",1991,6308.17792595976
MNA,"Middle East, North Africa, Afghanistan & Pakistan (excluding high income)",1990,6460.15430040162
MNA,"Middle East, North Africa, Afghanistan & Pakistan (excluding high income)",1989,
MNA,"Middle East, North Africa, Afghanistan & Pakistan (excluding high income)",1988,
MNA,"Middle East, North Africa, Afghanistan & Pakistan (excluding high income)",1987,
MNA,"Middle East, North Africa, Afghanistan & Pakistan (excluding high income)",1986,
MNA,"Middle East, North Africa, Afghanistan & Pakistan (excluding high income)",1985,
MNA,"Middle East, North Africa, Afghanistan & Pakistan (excluding high income)",1984,
MNA,"Middle East, North Africa, Afghanistan & Pakistan (excluding high income)",1983,
MNA,"Middle East, North Africa, Afghanistan & Pakistan (excluding high income)",1982,
MNA,"Middle East, North Africa, Afghanistan & Pakistan (excluding high income)",1981,
MNA,"Middle East, North Africa, Afghanistan & Pakistan (excluding high income)",1980,
MNA,"Middle East, North Africa, Afghanistan & Pakistan (excluding high income)",1979,
MNA,"Middle East, North Africa, Afghanistan & Pakistan (excluding high income)",1978,
MNA,"Middle East, North Africa, Afghanistan & Pakistan (excluding high income)",1977,
MNA,"Middle East, North Africa, Afghanistan & Pakistan (excluding high income)",1976,
MNA,"Middle East, North Africa, Afghanistan & Pakistan (excluding high income)",1975,
MNA,"Middle East, North Africa, Afghanistan & Pakistan (excluding high income)",1974,
MNA,"Middle East, North Africa, Afghanistan & Pakistan (excluding high income)",1973,
MNA,"Middle East, North Africa, Afghanistan & Pakistan (excluding high income)",1972,
MNA,"Middle East, North Africa, Afghanistan & Pakistan (excluding high income)",1971,
MNA,"Middle East, North Africa, Afghanistan & Pakistan (excluding high income)",1970,
MNA,"Middle East, North Africa, Afghanistan & Pakistan (excluding high income)",1969,
MNA,"Middle East, North Africa, Afghanistan & Pakistan (excluding high income)",1968,
MNA,"Middle East, North Africa, Afghanistan & Pakistan (excluding high income)",1967,
MNA,"Middle East, North Africa, Afghanistan & Pakistan (excluding high income)",1966,
MNA,"Middle East, North Africa, Afghanistan & Pakistan (excluding high income)",1965,
MNA,"Middle East, North Africa, Afghanistan & Pakistan (excluding high income)",1964,
MNA,"Middle East, North Africa, Afghanistan & Pakistan (excluding high income)",1963,
MNA,"Middle East, North Africa, Afghanistan & Pakistan (excluding high income)",1962,
MNA,"Middle East, North Africa, Afghanistan & Pakistan (excluding high income)",1961,
MNA,"Middle East, North Africa, Afghanistan & Pakistan (excluding high income)",1960,
TMN,"Middle East, North Africa, Afghanistan & Pakistan (IDA & IBRD)",2025,10056.4320194968
TMN,"Middle East, North Africa, Afghanistan & Pakistan (IDA & IBRD)",2024,10015.7953971077
TMN,"Middle East, North Africa, Afghanistan & Pakistan (IDA & IBRD)",2023,9934.12763020633
TMN,"Middle East, North Africa, Afghanistan & Pakistan (IDA & IBRD)",2022,9819.10765239761
TMN,"Middle East, North Africa, Afghanistan & Pakistan (IDA & IBRD)",2021,9544.65393425022
TMN,"Middle East, North Africa, Afghanistan & Pakistan (IDA & IBRD)",2020,9336.60440871316
TMN,"Middle East, North Africa, Afghanistan & Pakistan (IDA & IBRD)",2019,9646.79140996012
TMN,"Middle East, North Africa, Afghanistan & Pakistan (IDA & IBRD)",2018,9633.85835874122
TMN,"Middle East, North Africa, Afghanistan & Pakistan (IDA & IBRD)",2017,9580.54922221665
TMN,"Middle East, North Africa, Afghanistan & Pakistan (IDA & IBRD)",2016,9433.37331636818
TMN,"Middle East, North Africa, Afghanistan & Pakistan (IDA & IBRD)",2015,9059.41391427741
TMN,"Middle East, North Africa, Afghanistan & Pakistan (IDA & IBRD)",2014,9012.30780450401
TMN,"Middle East, North Africa, Afghanistan & Pakistan (IDA & IBRD)",2013,8926.7135503703
TMN,"Middle East, North Africa, Afghanistan & Pakistan (IDA & IBRD)",2012,9005.54949728912
TMN,"Middle East, North Africa, Afghanistan & Pakistan (IDA & IBRD)",2011,9010.52759049832
TMN,"Middle East, North Africa, Afghanistan & Pakistan (IDA & IBRD)",2010,9076.89041241803
TMN,"Middle East, North Africa, Afghanistan & Pakistan (IDA & IBRD)",2009,8855.99168481009
TMN,"Middle East, North Africa, Afghanistan & Pakistan (IDA & IBRD)",2008,8778.68857917021
TMN,"Middle East, North Africa, Afghanistan & Pakistan (IDA & IBRD)",2007,8653.73763157619
TMN,"Middle East, North Africa, Afghanistan & Pakistan (IDA & IBRD)",2006,8347.93200878985
TMN,"Middle East, North Africa, Afghanistan & Pakistan (IDA & IBRD)",2005,8089.64903827668
TMN,"Middle East, North Africa, Afghanistan & Pakistan (IDA & IBRD)",2004,7894.73920422743
TMN,"Middle East, North Africa, Afghanistan & Pakistan (IDA & IBRD)",2003,7503.40085813174
TMN,"Middle East, North Africa, Afghanistan & Pakistan (IDA & IBRD)",2002,7492.5839251724
TMN,"Middle East, North Africa, Afghanistan & Pakistan (IDA & IBRD)",2001,7393.68924291584
TMN,"Middle East, North Africa, Afghanistan & Pakistan (IDA & IBRD)",2000,7335.74567056542
TMN,"Middle East, North Africa, Afghanistan & Pakistan (IDA & IBRD)",1999,7086.45389810569
TMN,"Middle East, North Africa, Afghanistan & Pakistan (IDA & IBRD)",1998,6954.84271034817
TMN,"Middle East, North Africa, Afghanistan & Pakistan (IDA & IBRD)",1997,6740.03688747731
TMN,"Middle East, North Africa, Afghanistan & Pakistan (IDA & IBRD)",1996,6668.86543267253
TMN,"Middle East, North Africa, Afghanistan & Pakistan (IDA & IBRD)",1995,6437.87751082351
TMN,"Middle East, North Africa, Afghanistan & Pakistan (IDA & IBRD)",1994,6389.38430101237
TMN,"Middle East, North Africa, Afghanistan & Pakistan (IDA & IBRD)",1993,6409.12436035239
TMN,"Middle East, North Africa, Afghanistan & Pakistan (IDA & IBRD)",1992,6471.5959466368
TMN,"Middle East, North Africa, Afghanistan & Pakistan (IDA & IBRD)",1991,6320.9543964451
TMN,"Middle East, North Africa, Afghanistan & Pakistan (IDA & IBRD)",1990,6472.6383761248
TMN,"Middle East, North Africa, Afghanistan & Pakistan (IDA & IBRD)",1989,
TMN,"Middle East, North Africa, Afghanistan & Pakistan (IDA & IBRD)",1988,
TMN,"Middle East, North Africa, Afghanistan & Pakistan (IDA & IBRD)",1987,
TMN,"Middle East, North Africa, Afghanistan & Pakistan (IDA & IBRD)",1986,
TMN,"Middle East, North Africa, Afghanistan & Pakistan (IDA & IBRD)",1985,
TMN,"Middle East, North Africa, Afghanistan & Pakistan (IDA & IBRD)",1984,
TMN,"Middle East, North Africa, Afghanistan & Pakistan (IDA & IBRD)",1983,
TMN,"Middle East, North Africa, Afghanistan & Pakistan (IDA & IBRD)",1982,
TMN,"Middle East, North Africa, Afghanistan & Pakistan (IDA & IBRD)",1981,
TMN,"Middle East, North Africa, Afghanistan & Pakistan (IDA & IBRD)",1980,
TMN,"Middle East, North Africa, Afghanistan & Pakistan (IDA & IBRD)",1979,
TMN,"Middle East, North Africa, Afghanistan & Pakistan (IDA & IBRD)",1978,
TMN,"Middle East, North Africa, Afghanistan & Pakistan (IDA & IBRD)",1977,
TMN,"Middle East, North Africa, Afghanistan & Pakistan (IDA & IBRD)",1976,
TMN,"Middle East, North Africa, Afghanistan & Pakistan (IDA & IBRD)",1975,
TMN,"Middle East, North Africa, Afghanistan & Pakistan (IDA & IBRD)",1974,
TMN,"Middle East, North Africa, Afghanistan & Pakistan (IDA & IBRD)",1973,
TMN,"Middle East, North Africa, Afghanistan & Pakistan (IDA & IBRD)",1972,
TMN,"Middle East, North Africa, Afghanistan & Pakistan (IDA & IBRD)",1971,
TMN,"Middle East, North Africa, Afghanistan & Pakistan (IDA & IBRD)",1970,
TMN,"Middle East, North Africa, Afghanistan & Pakistan (IDA & IBRD)",1969,
TMN,"Middle East, North Africa, Afghanistan & Pakistan (IDA & IBRD)",1968,
TMN,"Middle East, North Africa, Afghanistan & Pakistan (IDA & IBRD)",1967,
TMN,"Middle East, North Africa, Afghanistan & Pakistan (IDA & IBRD)",1966,
TMN,"Middle East, North Africa, Afghanistan & Pakistan (IDA & IBRD)",1965,
TMN,"Middle East, North Africa, Afghanistan & Pakistan (IDA & IBRD)",1964,
TMN,"Middle East, North Africa, Afghanistan & Pakistan (IDA & IBRD)",1963,
TMN,"Middle East, North Africa, Afghanistan & Pakistan (IDA & IBRD)",1962,
TMN,"Middle East, North Africa, Afghanistan & Pakistan (IDA & IBRD)",1961,
TMN,"Middle East, North Africa, Afghanistan & Pakistan (IDA & IBRD)",1960,
MIC,"Middle income",2025,15594.2386038478
MIC,"Middle income",2024,15025.1337351136
MIC,"Middle income",2023,14488.6453367075
MIC,"Middle income",2022,13938.71550771
MIC,"Middle income",2021,13477.1480288886
MIC,"Middle income",2020,12685.0950213792
MIC,"Middle income",2019,13034.1513333008
MIC,"Middle income",2018,12658.3244996246
MIC,"Middle income",2017,12195.0632181132
MIC,"Middle income",2016,11720.8222579728
MIC,"Middle income",2015,11307.9180137805
MIC,"Middle income",2014,10935.2532861253
MIC,"Middle income",2013,10542.026674052
MIC,"Middle income",2012,10125.510949148
MIC,"Middle income",2011,9737.81435931152
MIC,"Middle income",2010,9296.31778418793
MIC,"Middle income",2009,8733.86163528882
MIC,"Middle income",2008,8535.84090946808
MIC,"Middle income",2007,8197.99268490885
MIC,"Middle income",2006,7665.31771724037
MIC,"Middle income",2005,7201.40053186685
MIC,"Middle income",2004,6820.50538313605
MIC,"Middle income",2003,6424.20602384843
MIC,"Middle income",2002,6156.3157470722
MIC,"Middle income",2001,5965.0670590156
MIC,"Middle income",2000,5839.15688660076
MIC,"Middle income",1999,5622.72676657745
MIC,"Middle income",1998,5503.3384952339
MIC,"Middle income",1997,5436.38229390239
MIC,"Middle income",1996,5255.64118230755
MIC,"Middle income",1995,5045.74981253275
MIC,"Middle income",1994,4921.83961052995
MIC,"Middle income",1993,4819.0321408954
MIC,"Middle income",1992,4722.09677497986
MIC,"Middle income",1991,4648.01430999731
MIC,"Middle income",1990,4646.25957151285
MIC,"Middle income",1989,
MIC,"Middle income",1988,
MIC,"Middle income",1987,
MIC,"Middle income",1986,
MIC,"Middle income",1985,
MIC,"Middle income",1984,
MIC,"Middle income",1983,
MIC,"Middle income",1982,
MIC,"Middle income",1981,
MIC,"Middle income",1980,
MIC,"Middle income",1979,
MIC,"Middle income",1978,
MIC,"Middle income",1977,
MIC,"Middle income",1976,
MIC,"Middle income",1975,
MIC,"Middle income",1974,
MIC,"Middle income",1973,
MIC,"Middle income",1972,
MIC,"Middle income",1971,
MIC,"Middle income",1970,
MIC,"Middle income",1969,
MIC,"Middle income",1968,
MIC,"Middle income",1967,
MIC,"Middle income",1966,
MIC,"Middle income",1965,
MIC,"Middle income",1964,
MIC,"Middle income",1963,
MIC,"Middle income",1962,
MIC,"Middle income",1961,
MIC,"Middle income",1960,
NAC,"North America",2025,74879.0715449462
NAC,"North America",2024,73737.55979381
NAC,"North America",2023,72628.1971323768
NAC,"North America",2022,71345.564015877
NAC,"North America",2021,69953.4846892959
NAC,"North America",2020,66040.8731205658
NAC,"North America",2019,67946.3411183071
NAC,"North America",2018,66679.8386372116
NAC,"North America",2017,65208.2856615564
NAC,"North America",2016,64087.4542421837
NAC,"North America",2015,63503.57678579
NAC,"North America",2014,62302.7654278932
NAC,"North America",2013,61249.6479379237
NAC,"North America",2012,60442.1261871716
NAC,"North America",2011,59609.0873919323
NAC,"North America",2010,59088.9185210479
NAC,"North America",2009,58023.6383008921
NAC,"North America",2008,60117.4818737471
NAC,"North America",2007,60581.9753282087
NAC,"North America",2006,59957.8206045602
NAC,"North America",2005,58908.2584676373
NAC,"North America",2004,57467.3638694953
NAC,"North America",2003,55889.0635834998
NAC,"North America",2002,54887.4019899778
NAC,"North America",2001,54420.5866049262
NAC,"North America",2000,54402.3453045356
NAC,"North America",1999,52798.9751017311
NAC,"North America",1998,50936.8171803254
NAC,"North America",1997,49330.7151815117
NAC,"North America",1996,47799.0041600258
NAC,"North America",1995,46677.7284439811
NAC,"North America",1994,45994.6361911594
NAC,"North America",1993,44735.8394519389
NAC,"North America",1992,44109.5160995159
NAC,"North America",1991,43294.678029107
NAC,"North America",1990,44001.2866962696
NAC,"North America",1989,
NAC,"North America",1988,
NAC,"North America",1987,
NAC,"North America",1986,
NAC,"North America",1985,
NAC,"North America",1984,
NAC,"North America",1983,
NAC,"North America",1982,
NAC,"North America",1981,
NAC,"North America",1980,
NAC,"North America",1979,
NAC,"North America",1978,
NAC,"North America",1977,
NAC,"North America",1976,
NAC,"North America",1975,
NAC,"North America",1974,
NAC,"North America",1973,
NAC,"North America",1972,
NAC,"North America",1971,
NAC,"North America",1970,
NAC,"North America",1969,
NAC,"North America",1968,
NAC,"North America",1967,
NAC,"North America",1966,
NAC,"North America",1965,
NAC,"North America",1964,
NAC,"North America",1963,
NAC,"North America",1962,
NAC,"North America",1961,
NAC,"North America",1960,
,"Not classified",2025,
,"Not classified",2024,
,"Not classified",2023,
,"Not classified",2022,
,"Not classified",2021,
,"Not classified",2020,
,"Not classified",2019,
,"Not classified",2018,
,"Not classified",2017,
,"Not classified",2016,
,"Not classified",2015,
,"Not classified",2014,
,"Not classified",2013,
,"Not classified",2012,
,"Not classified",2011,
,"Not classified",2010,
,"Not classified",2009,
,"Not classified",2008,
,"Not classified",2007,
,"Not classified",2006,
,"Not classified",2005,
,"Not classified",2004,
,"Not classified",2003,
,"Not classified",2002,
,"Not classified",2001,
,"Not classified",2000,
,"Not classified",1999,
,"Not classified",1998,
,"Not classified",1997,
,"Not classified",1996,
,"Not classified",1995,
,"Not classified",1994,
,"Not classified",1993,
,"Not classified",1992,
,"Not classified",1991,
,"Not classified",1990,
,"Not classified",1989,
,"Not classified",1988,
,"Not classified",1987,
,"Not classified",1986,
,"Not classified",1985,
,"Not classified",1984,
,"Not classified",1983,
,"Not classified",1982,
,"Not classified",1981,
,"Not classified",1980,
,"Not classified",1979,
,"Not classified",1978,
,"Not classified",1977,
,"Not classified",1976,
,"Not classified",1975,
,"Not classified",1974,
,"Not classified",1973,
,"Not classified",1972,
,"Not classified",1971,
,"Not classified",1970,
,"Not classified",1969,
,"Not classified",1968,
,"Not classified",1967,
,"Not classified",1966,
,"Not classified",1965,
,"Not classified",1964,
,"Not classified",1963,
,"Not classified",1962,
,"Not classified",1961,
,"Not classified",1960,
OED,"OECD members",2025,54545.7635258645
OED,"OECD members",2024,53798.0599443819
OED,"OECD members",2023,53203.8203533137
OED,"OECD members",2022,52633.5158572918
OED,"OECD members",2021,51208.8336430486
OED,"OECD members",2020,48279.8578743016
OED,"OECD members",2019,50499.1828634038
OED,"OECD members",2018,49885.2296815603
OED,"OECD members",2017,49000.2450341257
OED,"OECD members",2016,47990.2203158456
OED,"OECD members",2015,47398.5562028596
OED,"OECD members",2014,46491.7899829914
OED,"OECD members",2013,45741.9859886325
OED,"OECD members",2012,45281.102496489
OED,"OECD members",2011,44960.672133865
OED,"OECD members",2010,44296.3842287079
OED,"OECD members",2009,43274.1924719738
OED,"OECD members",2008,45165.4822304847
OED,"OECD members",2007,45303.2152816216
OED,"OECD members",2006,44393.8812932118
OED,"OECD members",2005,43314.4668519001
OED,"OECD members",2004,42397.8667348579
OED,"OECD members",2003,41333.2324314448
OED,"OECD members",2002,40811.3471480594
OED,"OECD members",2001,40475.8813871568
OED,"OECD members",2000,40219.7068164739
OED,"OECD members",1999,38877.180707839
OED,"OECD members",1998,37920.9012868331
OED,"OECD members",1997,37129.6562248437
OED,"OECD members",1996,36072.5872423758
OED,"OECD members",1995,35240.9990035223
OED,"OECD members",1994,34580.6901712668
OED,"OECD members",1993,33779.8396070497
OED,"OECD members",1992,33616.3121971947
OED,"OECD members",1991,33242.6352659394
OED,"OECD members",1990,33168.2298311981
OED,"OECD members",1989,
OED,"OECD members",1988,
OED,"OECD members",1987,
OED,"OECD members",1986,
OED,"OECD members",1985,
OED,"OECD members",1984,
OED,"OECD members",1983,
OED,"OECD members",1982,
OED,"OECD members",1981,
OED,"OECD members",1980,
OED,"OECD members",1979,
OED,"OECD members",1978,
OED,"OECD members",1977,
OED,"OECD members",1976,
OED,"OECD members",1975,
OED,"OECD members",1974,
OED,"OECD members",1973,
OED,"OECD members",1972,
OED,"OECD members",1971,
OED,"OECD members",1970,
OED,"OECD members",1969,
OED,"OECD members",1968,
OED,"OECD members",1967,
OED,"OECD members",1966,
OED,"OECD members",1965,
OED,"OECD members",1964,
OED,"OECD members",1963,
OED,"OECD members",1962,
OED,"OECD members",1961,
OED,"OECD members",1960,
OSS,"Other small states",2025,25689.4338456009
OSS,"Other small states",2024,25138.8563350085
OSS,"Other small states",2023,24612.8870286862
OSS,"Other small states",2022,24168.7876712146
OSS,"Other small states",2021,23632.4052569572
OSS,"Other small states",2020,22204.358146968
OSS,"Other small states",2019,23776.9773929696
OSS,"Other small states",2018,23016.1225593731
OSS,"Other small states",2017,22394.7899889508
OSS,"Other small states",2016,21627.6861621069
OSS,"Other small states",2015,21083.6921175309
OSS,"Other small states",2014,20672.6945499764
OSS,"Other small states",2013,20455.8345932464
OSS,"Other small states",2012,20484.2211190429
OSS,"Other small states",2011,20400.5925129711
OSS,"Other small states",2010,19867.3807612748
OSS,"Other small states",2009,19493.3000281391
OSS,"Other small states",2008,20642.7124569961
OSS,"Other small states",2007,20725.0165004664
OSS,"Other small states",2006,19972.170220709
OSS,"Other small states",2005,19025.7152123296
OSS,"Other small states",2004,18438.7138473718
OSS,"Other small states",2003,17897.0165687635
OSS,"Other small states",2002,17362.7308684968
OSS,"Other small states",2001,17039.3162165268
OSS,"Other small states",2000,16811.3428576562
OSS,"Other small states",1999,15713.3051451393
OSS,"Other small states",1998,15436.1925254732
OSS,"Other small states",1997,15253.3468311571
OSS,"Other small states",1996,14515.944591082
OSS,"Other small states",1995,14229.3530959369
OSS,"Other small states",1994,13728.8105704333
OSS,"Other small states",1993,13497.7360767486
OSS,"Other small states",1992,13520.1132843319
OSS,"Other small states",1991,14091.5376279518
OSS,"Other small states",1990,14423.3468603592
OSS,"Other small states",1989,
OSS,"Other small states",1988,
OSS,"Other small states",1987,
OSS,"Other small states",1986,
OSS,"Other small states",1985,
OSS,"Other small states",1984,
OSS,"Other small states",1983,
OSS,"Other small states",1982,
OSS,"Other small states",1981,
OSS,"Other small states",1980,
OSS,"Other small states",1979,
OSS,"Other small states",1978,
OSS,"Other small states",1977,
OSS,"Other small states",1976,
OSS,"Other small states",1975,
OSS,"Other small states",1974,
OSS,"Other small states",1973,
OSS,"Other small states",1972,
OSS,"Other small states",1971,
OSS,"Other small states",1970,
OSS,"Other small states",1969,
OSS,"Other small states",1968,
OSS,"Other small states",1967,
OSS,"Other small states",1966,
OSS,"Other small states",1965,
OSS,"Other small states",1964,
OSS,"Other small states",1963,
OSS,"Other small states",1962,
OSS,"Other small states",1961,
OSS,"Other small states",1960,
PSS,"Pacific island small states",2025,7464.75790445642
PSS,"Pacific island small states",2024,7314.41647178348
PSS,"Pacific island small states",2023,7145.20419623831
PSS,"Pacific island small states",2022,6703.99054222771
PSS,"Pacific island small states",2021,6133.27337662878
PSS,"Pacific island small states",2020,6398.88980378789
PSS,"Pacific island small states",2019,7345.58196205993
PSS,"Pacific island small states",2018,7370.26163890891
PSS,"Pacific island small states",2017,7249.20252559116
PSS,"Pacific island small states",2016,7044.71064474168
PSS,"Pacific island small states",2015,6896.50177083272
PSS,"Pacific island small states",2014,6710.09392298631
PSS,"Pacific island small states",2013,6531.90012102663
PSS,"Pacific island small states",2012,6386.94052753522
PSS,"Pacific island small states",2011,6402.09924410503
PSS,"Pacific island small states",2010,6266.69938542944
PSS,"Pacific island small states",2009,6128.78865472213
PSS,"Pacific island small states",2008,6237.22081249056
PSS,"Pacific island small states",2007,6191.93685021462
PSS,"Pacific island small states",2006,6270.20561026621
PSS,"Pacific island small states",2005,6203.63940608642
PSS,"Pacific island small states",2004,6151.76388674443
PSS,"Pacific island small states",2003,5969.03144612377
PSS,"Pacific island small states",2002,5941.54718486772
PSS,"Pacific island small states",2001,5877.75118308161
PSS,"Pacific island small states",2000,5881.81676747283
PSS,"Pacific island small states",1999,6050.7249525707
PSS,"Pacific island small states",1998,5826.61645152408
PSS,"Pacific island small states",1997,5835.05607310425
PSS,"Pacific island small states",1996,6010.66699919422
PSS,"Pacific island small states",1995,5884.83214446907
PSS,"Pacific island small states",1994,5736.46620206534
PSS,"Pacific island small states",1993,5549.63856144096
PSS,"Pacific island small states",1992,5520.87344527551
PSS,"Pacific island small states",1991,5330.58675721246
PSS,"Pacific island small states",1990,5472.29610727272
PSS,"Pacific island small states",1989,
PSS,"Pacific island small states",1988,
PSS,"Pacific island small states",1987,
PSS,"Pacific island small states",1986,
PSS,"Pacific island small states",1985,
PSS,"Pacific island small states",1984,
PSS,"Pacific island small states",1983,
PSS,"Pacific island small states",1982,
PSS,"Pacific island small states",1981,
PSS,"Pacific island small states",1980,
PSS,"Pacific island small states",1979,
PSS,"Pacific island small states",1978,
PSS,"Pacific island small states",1977,
PSS,"Pacific island small states",1976,
PSS,"Pacific island small states",1975,
PSS,"Pacific island small states",1974,
PSS,"Pacific island small states",1973,
PSS,"Pacific island small states",1972,
PSS,"Pacific island small states",1971,
PSS,"Pacific island small states",1970,
PSS,"Pacific island small states",1969,
PSS,"Pacific island small states",1968,
PSS,"Pacific island small states",1967,
PSS,"Pacific island small states",1966,
PSS,"Pacific island small states",1965,
PSS,"Pacific island small states",1964,
PSS,"Pacific island small states",1963,
PSS,"Pacific island small states",1962,
PSS,"Pacific island small states",1961,
PSS,"Pacific island small states",1960,
PST,"Post-demographic dividend",2025,60280.2892550301
PST,"Post-demographic dividend",2024,59533.8945611197
PST,"Post-demographic dividend",2023,58864.5073143586
PST,"Post-demographic dividend",2022,58044.4953903551
PST,"Post-demographic dividend",2021,56629.4428654399
PST,"Post-demographic dividend",2020,53484.386473395
PST,"Post-demographic dividend",2019,55954.6056964726
PST,"Post-demographic dividend",2018,55143.3332401636
PST,"Post-demographic dividend",2017,54108.2407867178
PST,"Post-demographic dividend",2016,52980.6671692557
PST,"Post-demographic dividend",2015,52274.7981957443
PST,"Post-demographic dividend",2014,51441.7405935107
PST,"Post-demographic dividend",2013,50706.4050971727
PST,"Post-demographic dividend",2012,50202.3862277536
PST,"Post-demographic dividend",2011,49888.7882058408
PST,"Post-demographic dividend",2010,49202.4977605287
PST,"Post-demographic dividend",2009,48022.2819554498
PST,"Post-demographic dividend",2008,50097.1139120419
PST,"Post-demographic dividend",2007,50178.5292615153
PST,"Post-demographic dividend",2006,49124.6017545878
PST,"Post-demographic dividend",2005,47910.7270616016
PST,"Post-demographic dividend",2004,46849.0191927991
PST,"Post-demographic dividend",2003,45591.7759389496
PST,"Post-demographic dividend",2002,44901.6600902881
PST,"Post-demographic dividend",2001,44417.508802848
PST,"Post-demographic dividend",2000,43905.492095485
PST,"Post-demographic dividend",1999,42376.7168957967
PST,"Post-demographic dividend",1998,41168.2559180044
PST,"Post-demographic dividend",1997,40326.9427257722
PST,"Post-demographic dividend",1996,39231.8438928608
PST,"Post-demographic dividend",1995,38400.0230487946
PST,"Post-demographic dividend",1994,37634.8163211918
PST,"Post-demographic dividend",1993,36865.5991971415
PST,"Post-demographic dividend",1992,36849.6200126583
PST,"Post-demographic dividend",1991,36552.2289298025
PST,"Post-demographic dividend",1990,36519.9455134056
PST,"Post-demographic dividend",1989,
PST,"Post-demographic dividend",1988,
PST,"Post-demographic dividend",1987,
PST,"Post-demographic dividend",1986,
PST,"Post-demographic dividend",1985,
PST,"Post-demographic dividend",1984,
PST,"Post-demographic dividend",1983,
PST,"Post-demographic dividend",1982,
PST,"Post-demographic dividend",1981,
PST,"Post-demographic dividend",1980,
PST,"Post-demographic dividend",1979,
PST,"Post-demographic dividend",1978,
PST,"Post-demographic dividend",1977,
PST,"Post-demographic dividend",1976,
PST,"Post-demographic dividend",1975,
PST,"Post-demographic dividend",1974,
PST,"Post-demographic dividend",1973,
PST,"Post-demographic dividend",1972,
PST,"Post-demographic dividend",1971,
PST,"Post-demographic dividend",1970,
PST,"Post-demographic dividend",1969,
PST,"Post-demographic dividend",1968,
PST,"Post-demographic dividend",1967,
PST,"Post-demographic dividend",1966,
PST,"Post-demographic dividend",1965,
PST,"Post-demographic dividend",1964,
PST,"Post-demographic dividend",1963,
PST,"Post-demographic dividend",1962,
PST,"Post-demographic dividend",1961,
PST,"Post-demographic dividend",1960,
PRE,"Pre-demographic dividend",2025,4703.90905404386
PRE,"Pre-demographic dividend",2024,4654.29644706482
PRE,"Pre-demographic dividend",2023,4616.90450089091
PRE,"Pre-demographic dividend",2022,4622.84662154362
PRE,"Pre-demographic dividend",2021,4534.67817255594
PRE,"Pre-demographic dividend",2020,4560.44774666763
PRE,"Pre-demographic dividend",2019,4894.86910665179
PRE,"Pre-demographic dividend",2018,4877.52526198822
PRE,"Pre-demographic dividend",2017,4883.51888202169
PRE,"Pre-demographic dividend",2016,4937.98687866513
PRE,"Pre-demographic dividend",2015,4955.04368705216
PRE,"Pre-demographic dividend",2014,4943.93909593226
PRE,"Pre-demographic dividend",2013,4836.16367046518
PRE,"Pre-demographic dividend",2012,4699.8157799984
PRE,"Pre-demographic dividend",2011,4601.80263323492
PRE,"Pre-demographic dividend",2010,4542.96699291196
PRE,"Pre-demographic dividend",2009,4380.77455783827
PRE,"Pre-demographic dividend",2008,4296.51657824143
PRE,"Pre-demographic dividend",2007,4156.31275431464
PRE,"Pre-demographic dividend",2006,4024.27616541647
PRE,"Pre-demographic dividend",2005,3897.99424559981
PRE,"Pre-demographic dividend",2004,3785.58312127129
PRE,"Pre-demographic dividend",2003,3488.33290730793
PRE,"Pre-demographic dividend",2002,3596.88399002625
PRE,"Pre-demographic dividend",2001,3480.90890614231
PRE,"Pre-demographic dividend",2000,3431.99058523226
PRE,"Pre-demographic dividend",1999,3345.85404324636
PRE,"Pre-demographic dividend",1998,3308.60839607551
PRE,"Pre-demographic dividend",1997,3188.36652614713
PRE,"Pre-demographic dividend",1996,3085.46952197498
PRE,"Pre-demographic dividend",1995,3002.29249935504
PRE,"Pre-demographic dividend",1994,3007.41310613781
PRE,"Pre-demographic dividend",1993,3110.53977591151
PRE,"Pre-demographic dividend",1992,3233.3324028651
PRE,"Pre-demographic dividend",1991,3248.59839417835
PRE,"Pre-demographic dividend",1990,3606.54398991268
PRE,"Pre-demographic dividend",1989,
PRE,"Pre-demographic dividend",1988,
PRE,"Pre-demographic dividend",1987,
PRE,"Pre-demographic dividend",1986,
PRE,"Pre-demographic dividend",1985,
PRE,"Pre-demographic dividend",1984,
PRE,"Pre-demographic dividend",1983,
PRE,"Pre-demographic dividend",1982,
PRE,"Pre-demographic dividend",1981,
PRE,"Pre-demographic dividend",1980,
PRE,"Pre-demographic dividend",1979,
PRE,"Pre-demographic dividend",1978,
PRE,"Pre-demographic dividend",1977,
PRE,"Pre-demographic dividend",1976,
PRE,"Pre-demographic dividend",1975,
PRE,"Pre-demographic dividend",1974,
PRE,"Pre-demographic dividend",1973,
PRE,"Pre-demographic dividend",1972,
PRE,"Pre-demographic dividend",1971,
PRE,"Pre-demographic dividend",1970,
PRE,"Pre-demographic dividend",1969,
PRE,"Pre-demographic dividend",1968,
PRE,"Pre-demographic dividend",1967,
PRE,"Pre-demographic dividend",1966,
PRE,"Pre-demographic dividend",1965,
PRE,"Pre-demographic dividend",1964,
PRE,"Pre-demographic dividend",1963,
PRE,"Pre-demographic dividend",1962,
PRE,"Pre-demographic dividend",1961,
PRE,"Pre-demographic dividend",1960,
SST,"Small states",2025,25668.7054117567
SST,"Small states",2024,24725.3895821776
SST,"Small states",2023,23393.3466796632
SST,"Small states",2022,22478.8845331697
SST,"Small states",2021,21262.5948218682
SST,"Small states",2020,20101.6503085454
SST,"Small states",2019,21662.7739795661
SST,"Small states",2018,21165.1370912777
SST,"Small states",2017,20732.8384950461
SST,"Small states",2016,20323.0292175365
SST,"Small states",2015,20214.6306771707
SST,"Small states",2014,19992.2837971004
SST,"Small states",2013,19725.1292380478
SST,"Small states",2012,19647.9643191463
SST,"Small states",2011,19390.3808189536
SST,"Small states",2010,19016.7659318866
SST,"Small states",2009,18696.6740492489
SST,"Small states",2008,19636.9550115867
SST,"Small states",2007,19592.5639538724
SST,"Small states",2006,18934.0339750992
SST,"Small states",2005,17926.7361863699
SST,"Small states",2004,17308.1619537788
SST,"Small states",2003,16725.5980095054
SST,"Small states",2002,16095.2953198447
SST,"Small states",2001,15729.0854144625
SST,"Small states",2000,15514.5363818178
SST,"Small states",1999,14708.7703636254
SST,"Small states",1998,14352.9783783546
SST,"Small states",1997,14087.3048454144
SST,"Small states",1996,13504.6264827435
SST,"Small states",1995,13164.0125114313
SST,"Small states",1994,12769.542925409
SST,"Small states",1993,12511.8296627357
SST,"Small states",1992,12548.4784954924
SST,"Small states",1991,12772.7070111196
SST,"Small states",1990,12972.8696136279
SST,"Small states",1989,
SST,"Small states",1988,
SST,"Small states",1987,
SST,"Small states",1986,
SST,"Small states",1985,
SST,"Small states",1984,
SST,"Small states",1983,
SST,"Small states",1982,
SST,"Small states",1981,
SST,"Small states",1980,
SST,"Small states",1979,
SST,"Small states",1978,
SST,"Small states",1977,
SST,"Small states",1976,
SST,"Small states",1975,
SST,"Small states",1974,
SST,"Small states",1973,
SST,"Small states",1972,
SST,"Small states",1971,
SST,"Small states",1970,
SST,"Small states",1969,
SST,"Small states",1968,
SST,"Small states",1967,
SST,"Small states",1966,
SST,"Small states",1965,
SST,"Small states",1964,
SST,"Small states",1963,
SST,"Small states",1962,
SST,"Small states",1961,
SST,"Small states",1960,
SAS,"South Asia",2025,9880.35624819064
SAS,"South Asia",2024,9307.06752508413
SAS,"South Asia",2023,8796.72942063676
SAS,"South Asia",2022,8308.38014181846
SAS,"South Asia",2021,7815.21278442871
SAS,"South Asia",2020,7215.20736191888
SAS,"South Asia",2019,7660.41899011306
SAS,"South Asia",2018,7430.46384287571
SAS,"South Asia",2017,7055.83469512198
SAS,"South Asia",2016,6681.44601575684
SAS,"South Asia",2015,6259.31717310526
SAS,"South Asia",2014,5878.67479791218
SAS,"South Asia",2013,5548.16105526486
SAS,"South Asia",2012,5285.90684170559
SAS,"South Asia",2011,5069.45396503048
SAS,"South Asia",2010,4872.71064899734
SAS,"South Asia",2009,4566.50695762565
SAS,"South Asia",2008,4309.94806835076
SAS,"South Asia",2007,4222.24103901725
SAS,"South Asia",2006,3983.25023893144
SAS,"South Asia",2005,3748.35844477212
SAS,"South Asia",2004,3536.63492979436
SAS,"South Asia",2003,3343.17936577198
SAS,"South Asia",2002,3164.42111189042
SAS,"South Asia",2001,3103.92321367445
SAS,"South Asia",2000,3021.63279439044
SAS,"South Asia",1999,2957.79775686178
SAS,"South Asia",1998,2786.01550520478
SAS,"South Asia",1997,2679.99154602438
SAS,"South Asia",1996,2622.89612404834
SAS,"South Asia",1995,2498.68327723447
SAS,"South Asia",1994,2378.29855614022
SAS,"South Asia",1993,2281.98365680147
SAS,"South Asia",1992,2223.06499275144
SAS,"South Asia",1991,2153.67851336539
SAS,"South Asia",1990,2167.05307825032
SAS,"South Asia",1989,
SAS,"South Asia",1988,
SAS,"South Asia",1987,
SAS,"South Asia",1986,
SAS,"South Asia",1985,
SAS,"South Asia",1984,
SAS,"South Asia",1983,
SAS,"South Asia",1982,
SAS,"South Asia",1981,
SAS,"South Asia",1980,
SAS,"South Asia",1979,
SAS,"South Asia",1978,
SAS,"South Asia",1977,
SAS,"South Asia",1976,
SAS,"South Asia",1975,
SAS,"South Asia",1974,
SAS,"South Asia",1973,
SAS,"South Asia",1972,
SAS,"South Asia",1971,
SAS,"South Asia",1970,
SAS,"South Asia",1969,
SAS,"South Asia",1968,
SAS,"South Asia",1967,
SAS,"South Asia",1966,
SAS,"South Asia",1965,
SAS,"South Asia",1964,
SAS,"South Asia",1963,
SAS,"South Asia",1962,
SAS,"South Asia",1961,
SAS,"South Asia",1960,
TSA,"South Asia (IDA & IBRD)",2025,9880.35624819064
TSA,"South Asia (IDA & IBRD)",2024,9307.06752508413
TSA,"South Asia (IDA & IBRD)",2023,8796.72942063676
TSA,"South Asia (IDA & IBRD)",2022,8308.38014181846
TSA,"South Asia (IDA & IBRD)",2021,7815.21278442871
TSA,"South Asia (IDA & IBRD)",2020,7215.20736191888
TSA,"South Asia (IDA & IBRD)",2019,7660.41899011306
TSA,"South Asia (IDA & IBRD)",2018,7430.46384287571
TSA,"South Asia (IDA & IBRD)",2017,7055.83469512198
TSA,"South Asia (IDA & IBRD)",2016,6681.44601575684
TSA,"South Asia (IDA & IBRD)",2015,6259.31717310526
TSA,"South Asia (IDA & IBRD)",2014,5878.67479791218
TSA,"South Asia (IDA & IBRD)",2013,5548.16105526486
TSA,"South Asia (IDA & IBRD)",2012,5285.90684170559
TSA,"South Asia (IDA & IBRD)",2011,5069.45396503048
TSA,"South Asia (IDA & IBRD)",2010,4872.71064899734
TSA,"South Asia (IDA & IBRD)",2009,4566.50695762565
TSA,"South Asia (IDA & IBRD)",2008,4309.94806835076
TSA,"South Asia (IDA & IBRD)",2007,4222.24103901725
TSA,"South Asia (IDA & IBRD)",2006,3983.25023893144
TSA,"South Asia (IDA & IBRD)",2005,3748.35844477212
TSA,"South Asia (IDA & IBRD)",2004,3536.63492979436
TSA,"South Asia (IDA & IBRD)",2003,3343.17936577198
TSA,"South Asia (IDA & IBRD)",2002,3164.42111189042
TSA,"South Asia (IDA & IBRD)",2001,3103.92321367445
TSA,"South Asia (IDA & IBRD)",2000,3021.63279439044
TSA,"South Asia (IDA & IBRD)",1999,2957.79775686178
TSA,"South Asia (IDA & IBRD)",1998,2786.01550520478
TSA,"South Asia (IDA & IBRD)",1997,2679.99154602438
TSA,"South Asia (IDA & IBRD)",1996,2622.89612404834
TSA,"South Asia (IDA & IBRD)",1995,2498.68327723447
TSA,"South Asia (IDA & IBRD)",1994,2378.29855614022
TSA,"South Asia (IDA & IBRD)",1993,2281.98365680147
TSA,"South Asia (IDA & IBRD)",1992,2223.06499275144
TSA,"South Asia (IDA & IBRD)",1991,2153.67851336538
TSA,"South Asia (IDA & IBRD)",1990,2167.05307825032
TSA,"South Asia (IDA & IBRD)",1989,
TSA,"South Asia (IDA & IBRD)",1988,
TSA,"South Asia (IDA & IBRD)",1987,
TSA,"South Asia (IDA & IBRD)",1986,
TSA,"South Asia (IDA & IBRD)",1985,
TSA,"South Asia (IDA & IBRD)",1984,
TSA,"South Asia (IDA & IBRD)",1983,
TSA,"South Asia (IDA & IBRD)",1982,
TSA,"South Asia (IDA & IBRD)",1981,
TSA,"South Asia (IDA & IBRD)",1980,
TSA,"South Asia (IDA & IBRD)",1979,
TSA,"South Asia (IDA & IBRD)",1978,
TSA,"South Asia (IDA & IBRD)",1977,
TSA,"South Asia (IDA & IBRD)",1976,
TSA,"South Asia (IDA & IBRD)",1975,
TSA,"South Asia (IDA & IBRD)",1974,
TSA,"South Asia (IDA & IBRD)",1973,
TSA,"South Asia (IDA & IBRD)",1972,
TSA,"South Asia (IDA & IBRD)",1971,
TSA,"South Asia (IDA & IBRD)",1970,
TSA,"South Asia (IDA & IBRD)",1969,
TSA,"South Asia (IDA & IBRD)",1968,
TSA,"South Asia (IDA & IBRD)",1967,
TSA,"South Asia (IDA & IBRD)",1966,
TSA,"South Asia (IDA & IBRD)",1965,
TSA,"South Asia (IDA & IBRD)",1964,
TSA,"South Asia (IDA & IBRD)",1963,
TSA,"South Asia (IDA & IBRD)",1962,
TSA,"South Asia (IDA & IBRD)",1961,
TSA,"South Asia (IDA & IBRD)",1960,
SSF,"Sub-Saharan Africa",2025,4963.3760177896
SSF,"Sub-Saharan Africa",2024,4872.91556737875
SSF,"Sub-Saharan Africa",2023,4809.48422824725
SSF,"Sub-Saharan Africa",2022,4795.24715624599
SSF,"Sub-Saharan Africa",2021,4720.48407808675
SSF,"Sub-Saharan Africa",2020,4677.92219768928
SSF,"Sub-Saharan Africa",2019,4962.55290682237
SSF,"Sub-Saharan Africa",2018,4963.20882492551
SSF,"Sub-Saharan Africa",2017,4953.2648572016
SSF,"Sub-Saharan Africa",2016,4956.58486807326
SSF,"Sub-Saharan Africa",2015,5019.95019038994
SSF,"Sub-Saharan Africa",2014,5002.96695140382
SSF,"Sub-Saharan Africa",2013,4896.32543067071
SSF,"Sub-Saharan Africa",2012,4775.8739329678
SSF,"Sub-Saharan Africa",2011,4713.42233131106
SSF,"Sub-Saharan Africa",2010,4632.84408191438
SSF,"Sub-Saharan Africa",2009,4479.1406301998
SSF,"Sub-Saharan Africa",2008,4445.5273501557
SSF,"Sub-Saharan Africa",2007,4337.79844704611
SSF,"Sub-Saharan Africa",2006,4198.85922825456
SSF,"Sub-Saharan Africa",2005,4067.54686495063
SSF,"Sub-Saharan Africa",2004,3941.14291024738
SSF,"Sub-Saharan Africa",2003,3789.70221048341
SSF,"Sub-Saharan Africa",2002,3734.54815647759
SSF,"Sub-Saharan Africa",2001,3594.49268935584
SSF,"Sub-Saharan Africa",2000,3536.74164552249
SSF,"Sub-Saharan Africa",1999,3511.45394031025
SSF,"Sub-Saharan Africa",1998,3531.51838340967
SSF,"Sub-Saharan Africa",1997,3533.19594417372
SSF,"Sub-Saharan Africa",1996,3484.76695002218
SSF,"Sub-Saharan Africa",1995,3402.78267461483
SSF,"Sub-Saharan Africa",1994,3384.95251744949
SSF,"Sub-Saharan Africa",1993,3448.82105754797
SSF,"Sub-Saharan Africa",1992,3588.38052775321
SSF,"Sub-Saharan Africa",1991,3695.49669475325
SSF,"Sub-Saharan Africa",1990,3778.06278298322
SSF,"Sub-Saharan Africa",1989,
SSF,"Sub-Saharan Africa",1988,
SSF,"Sub-Saharan Africa",1987,
SSF,"Sub-Saharan Africa",1986,
SSF,"Sub-Saharan Africa",1985,
SSF,"Sub-Saharan Africa",1984,
SSF,"Sub-Saharan Africa",1983,
SSF,"Sub-Saharan Africa",1982,
SSF,"Sub-Saharan Africa",1981,
SSF,"Sub-Saharan Africa",1980,
SSF,"Sub-Saharan Africa",1979,
SSF,"Sub-Saharan Africa",1978,
SSF,"Sub-Saharan Africa",1977,
SSF,"Sub-Saharan Africa",1976,
SSF,"Sub-Saharan Africa",1975,
SSF,"Sub-Saharan Africa",1974,
SSF,"Sub-Saharan Africa",1973,
SSF,"Sub-Saharan Africa",1972,
SSF,"Sub-Saharan Africa",1971,
SSF,"Sub-Saharan Africa",1970,
SSF,"Sub-Saharan Africa",1969,
SSF,"Sub-Saharan Africa",1968,
SSF,"Sub-Saharan Africa",1967,
SSF,"Sub-Saharan Africa",1966,
SSF,"Sub-Saharan Africa",1965,
SSF,"Sub-Saharan Africa",1964,
SSF,"Sub-Saharan Africa",1963,
SSF,"Sub-Saharan Africa",1962,
SSF,"Sub-Saharan Africa",1961,
SSF,"Sub-Saharan Africa",1960,
SSA,"Sub-Saharan Africa (excluding high income)",2025,4960.99925544113
SSA,"Sub-Saharan Africa (excluding high income)",2024,4870.62629918304
SSA,"Sub-Saharan Africa (excluding high income)",2023,4807.21723713092
SSA,"Sub-Saharan Africa (excluding high income)",2022,4793.06085560333
SSA,"Sub-Saharan Africa (excluding high income)",2021,4718.40031939935
SSA,"Sub-Saharan Africa (excluding high income)",2020,4675.79132727431
SSA,"Sub-Saharan Africa (excluding high income)",2019,4960.03991221743
SSA,"Sub-Saharan Africa (excluding high income)",2018,4960.78415927401
SSA,"Sub-Saharan Africa (excluding high income)",2017,4950.9087329327
SSA,"Sub-Saharan Africa (excluding high income)",2016,4954.34861846369
SSA,"Sub-Saharan Africa (excluding high income)",2015,5017.95424219798
SSA,"Sub-Saharan Africa (excluding high income)",2014,5001.112536621
SSA,"Sub-Saharan Africa (excluding high income)",2013,4894.49542314043
SSA,"Sub-Saharan Africa (excluding high income)",2012,4774.00118699953
SSA,"Sub-Saharan Africa (excluding high income)",2011,4711.55900120705
SSA,"Sub-Saharan Africa (excluding high income)",2010,4631.14077014951
SSA,"Sub-Saharan Africa (excluding high income)",2009,4477.4566945111
SSA,"Sub-Saharan Africa (excluding high income)",2008,4443.73351543474
SSA,"Sub-Saharan Africa (excluding high income)",2007,4335.8656884027
SSA,"Sub-Saharan Africa (excluding high income)",2006,4197.05577656382
SSA,"Sub-Saharan Africa (excluding high income)",2005,4065.86938644099
SSA,"Sub-Saharan Africa (excluding high income)",2004,3939.58298141437
SSA,"Sub-Saharan Africa (excluding high income)",2003,3788.02167205614
SSA,"Sub-Saharan Africa (excluding high income)",2002,3732.68238996596
SSA,"Sub-Saharan Africa (excluding high income)",2001,3592.57344712939
SSA,"Sub-Saharan Africa (excluding high income)",2000,3534.70587189064
SSA,"Sub-Saharan Africa (excluding high income)",1999,3509.45956428651
SSA,"Sub-Saharan Africa (excluding high income)",1998,3529.50972450317
SSA,"Sub-Saharan Africa (excluding high income)",1997,3531.18512078905
SSA,"Sub-Saharan Africa (excluding high income)",1996,3482.9657524372
SSA,"Sub-Saharan Africa (excluding high income)",1995,3401.12538852783
SSA,"Sub-Saharan Africa (excluding high income)",1994,3383.2517472887
SSA,"Sub-Saharan Africa (excluding high income)",1993,3447.01550750533
SSA,"Sub-Saharan Africa (excluding high income)",1992,3586.692337476
SSA,"Sub-Saharan Africa (excluding high income)",1991,3693.92365132483
SSA,"Sub-Saharan Africa (excluding high income)",1990,3776.50845984511
SSA,"Sub-Saharan Africa (excluding high income)",1989,
SSA,"Sub-Saharan Africa (excluding high income)",1988,
SSA,"Sub-Saharan Africa (excluding high income)",1987,
SSA,"Sub-Saharan Africa (excluding high income)",1986,
SSA,"Sub-Saharan Africa (excluding high income)",1985,
SSA,"Sub-Saharan Africa (excluding high income)",1984,
SSA,"Sub-Saharan Africa (excluding high income)",1983,
SSA,"Sub-Saharan Africa (excluding high income)",1982,
SSA,"Sub-Saharan Africa (excluding high income)",1981,
SSA,"Sub-Saharan Africa (excluding high income)",1980,
SSA,"Sub-Saharan Africa (excluding high income)",1979,
SSA,"Sub-Saharan Africa (excluding high income)",1978,
SSA,"Sub-Saharan Africa (excluding high income)",1977,
SSA,"Sub-Saharan Africa (excluding high income)",1976,
SSA,"Sub-Saharan Africa (excluding high income)",1975,
SSA,"Sub-Saharan Africa (excluding high income)",1974,
SSA,"Sub-Saharan Africa (excluding high income)",1973,
SSA,"Sub-Saharan Africa (excluding high income)",1972,
SSA,"Sub-Saharan Africa (excluding high income)",1971,
SSA,"Sub-Saharan Africa (excluding high income)",1970,
SSA,"Sub-Saharan Africa (excluding high income)",1969,
SSA,"Sub-Saharan Africa (excluding high income)",1968,
SSA,"Sub-Saharan Africa (excluding high income)",1967,
SSA,"Sub-Saharan Africa (excluding high income)",1966,
SSA,"Sub-Saharan Africa (excluding high income)",1965,
SSA,"Sub-Saharan Africa (excluding high income)",1964,
SSA,"Sub-Saharan Africa (excluding high income)",1963,
SSA,"Sub-Saharan Africa (excluding high income)",1962,
SSA,"Sub-Saharan Africa (excluding high income)",1961,
SSA,"Sub-Saharan Africa (excluding high income)",1960,
TSS,"Sub-Saharan Africa (IDA & IBRD countries)",2025,4963.3760177896
TSS,"Sub-Saharan Africa (IDA & IBRD countries)",2024,4872.91556737875
TSS,"Sub-Saharan Africa (IDA & IBRD countries)",2023,4809.48422824725
TSS,"Sub-Saharan Africa (IDA & IBRD countries)",2022,4795.24715624599
TSS,"Sub-Saharan Africa (IDA & IBRD countries)",2021,4720.48407808675
TSS,"Sub-Saharan Africa (IDA & IBRD countries)",2020,4677.92219768928
TSS,"Sub-Saharan Africa (IDA & IBRD countries)",2019,4962.55290682237
TSS,"Sub-Saharan Africa (IDA & IBRD countries)",2018,4963.20882492551
TSS,"Sub-Saharan Africa (IDA & IBRD countries)",2017,4953.2648572016
TSS,"Sub-Saharan Africa (IDA & IBRD countries)",2016,4956.58486807326
TSS,"Sub-Saharan Africa (IDA & IBRD countries)",2015,5019.95019038994
TSS,"Sub-Saharan Africa (IDA & IBRD countries)",2014,5002.96695140382
TSS,"Sub-Saharan Africa (IDA & IBRD countries)",2013,4896.32543067071
TSS,"Sub-Saharan Africa (IDA & IBRD countries)",2012,4775.8739329678
TSS,"Sub-Saharan Africa (IDA & IBRD countries)",2011,4713.42233131106
TSS,"Sub-Saharan Africa (IDA & IBRD countries)",2010,4632.84408191438
TSS,"Sub-Saharan Africa (IDA & IBRD countries)",2009,4479.1406301998
TSS,"Sub-Saharan Africa (IDA & IBRD countries)",2008,4445.5273501557
TSS,"Sub-Saharan Africa (IDA & IBRD countries)",2007,4337.79844704611
TSS,"Sub-Saharan Africa (IDA & IBRD countries)",2006,4198.85922825456
TSS,"Sub-Saharan Africa (IDA & IBRD countries)",2005,4067.54686495063
TSS,"Sub-Saharan Africa (IDA & IBRD countries)",2004,3941.14291024738
TSS,"Sub-Saharan Africa (IDA & IBRD countries)",2003,3789.70221048341
TSS,"Sub-Saharan Africa (IDA & IBRD countries)",2002,3734.54815647759
TSS,"Sub-Saharan Africa (IDA & IBRD countries)",2001,3594.49268935584
TSS,"Sub-Saharan Africa (IDA & IBRD countries)",2000,3536.74164552249
TSS,"Sub-Saharan Africa (IDA & IBRD countries)",1999,3511.45394031025
TSS,"Sub-Saharan Africa (IDA & IBRD countries)",1998,3531.51838340967
TSS,"Sub-Saharan Africa (IDA & IBRD countries)",1997,3533.19594417371
TSS,"Sub-Saharan Africa (IDA & IBRD countries)",1996,3484.76695002218
TSS,"Sub-Saharan Africa (IDA & IBRD countries)",1995,3402.78267461483
TSS,"Sub-Saharan Africa (IDA & IBRD countries)",1994,3384.95251744949
TSS,"Sub-Saharan Africa (IDA & IBRD countries)",1993,3448.82105754797
TSS,"Sub-Saharan Africa (IDA & IBRD countries)",1992,3588.38052775321
TSS,"Sub-Saharan Africa (IDA & IBRD countries)",1991,3695.49669475325
TSS,"Sub-Saharan Africa (IDA & IBRD countries)",1990,3778.06278298322
TSS,"Sub-Saharan Africa (IDA & IBRD countries)",1989,
TSS,"Sub-Saharan Africa (IDA & IBRD countries)",1988,
TSS,"Sub-Saharan Africa (IDA & IBRD countries)",1987,
TSS,"Sub-Saharan Africa (IDA & IBRD countries)",1986,
TSS,"Sub-Saharan Africa (IDA & IBRD countries)",1985,
TSS,"Sub-Saharan Africa (IDA & IBRD countries)",1984,
TSS,"Sub-Saharan Africa (IDA & IBRD countries)",1983,
TSS,"Sub-Saharan Africa (IDA & IBRD countries)",1982,
TSS,"Sub-Saharan Africa (IDA & IBRD countries)",1981,
TSS,"Sub-Saharan Africa (IDA & IBRD countries)",1980,
TSS,"Sub-Saharan Africa (IDA & IBRD countries)",1979,
TSS,"Sub-Saharan Africa (IDA & IBRD countries)",1978,
TSS,"Sub-Saharan Africa (IDA & IBRD countries)",1977,
TSS,"Sub-Saharan Africa (IDA & IBRD countries)",1976,
TSS,"Sub-Saharan Africa (IDA & IBRD countries)",1975,
TSS,"Sub-Saharan Africa (IDA & IBRD countries)",1974,
TSS,"Sub-Saharan Africa (IDA & IBRD countries)",1973,
TSS,"Sub-Saharan Africa (IDA & IBRD countries)",1972,
TSS,"Sub-Saharan Africa (IDA & IBRD countries)",1971,
TSS,"Sub-Saharan Africa (IDA & IBRD countries)",1970,
TSS,"Sub-Saharan Africa (IDA & IBRD countries)",1969,
TSS,"Sub-Saharan Africa (IDA & IBRD countries)",1968,
TSS,"Sub-Saharan Africa (IDA & IBRD countries)",1967,
TSS,"Sub-Saharan Africa (IDA & IBRD countries)",1966,
TSS,"Sub-Saharan Africa (IDA & IBRD countries)",1965,
TSS,"Sub-Saharan Africa (IDA & IBRD countries)",1964,
TSS,"Sub-Saharan Africa (IDA & IBRD countries)",1963,
TSS,"Sub-Saharan Africa (IDA & IBRD countries)",1962,
TSS,"Sub-Saharan Africa (IDA & IBRD countries)",1961,
TSS,"Sub-Saharan Africa (IDA & IBRD countries)",1960,
,"Upper middle income",2025,21748.8781857464
,"Upper middle income",2024,20967.3589459748
,"Upper middle income",2023,20194.4437195401
,"Upper middle income",2022,19378.7095594057
,"Upper middle income",2021,18796.441497948
,"Upper middle income",2020,17611.7434455076
,"Upper middle income",2019,17882.2048457814
,"Upper middle income",2018,17308.0850217702
,"Upper middle income",2017,16662.4284387368
,"Upper middle income",2016,15979.55362127
,"Upper middle income",2015,15424.5615868064
,"Upper middle income",2014,14947.2403476526
,"Upper middle income",2013,14423.8295348435
,"Upper middle income",2012,13822.3046874476
,"Upper middle income",2011,13236.515304434
,"Upper middle income",2010,12531.0895213844
,"Upper middle income",2009,11694.2221159018
,"Upper middle income",2008,11494.8903381638
,"Upper middle income",2007,10958.7142005081
,"Upper middle income",2006,10156.8285798117
,"Upper middle income",2005,9482.47316024402
,"Upper middle income",2004,8939.4315710973
,"Upper middle income",2003,8370.32235025016
,"Upper middle income",2002,7995.26895874639
,"Upper middle income",2001,7707.83336797882
,"Upper middle income",2000,7534.46601304186
,"Upper middle income",1999,7193.22707987242
,"Upper middle income",1998,7065.40946908576
,"Upper middle income",1997,7003.13563219198
,"Upper middle income",1996,6714.8088077637
,"Upper middle income",1995,6432.68540027582
,"Upper middle income",1994,6270.83865713217
,"Upper middle income",1993,6118.06189336087
,"Upper middle income",1992,5937.92673470106
,"Upper middle income",1991,5832.26269411493
,"Upper middle income",1990,5810.41961910228
,"Upper middle income",1989,
,"Upper middle income",1988,
,"Upper middle income",1987,
,"Upper middle income",1986,
,"Upper middle income",1985,
,"Upper middle income",1984,
,"Upper middle income",1983,
,"Upper middle income",1982,
,"Upper middle income",1981,
,"Upper middle income",1980,
,"Upper middle income",1979,
,"Upper middle income",1978,
,"Upper middle income",1977,
,"Upper middle income",1976,
,"Upper middle income",1975,
,"Upper middle income",1974,
,"Upper middle income",1973,
,"Upper middle income",1972,
,"Upper middle income",1971,
,"Upper middle income",1970,
,"Upper middle income",1969,
,"Upper middle income",1968,
,"Upper middle income",1967,
,"Upper middle income",1966,
,"Upper middle income",1965,
,"Upper middle income",1964,
,"Upper middle income",1963,
,"Upper middle income",1962,
,"Upper middle income",1961,
,"Upper middle income",1960,
WLD,"World",2025,21913.5094934531
WLD,"World",2024,21393.1843594226
WLD,"World",2023,20894.8663747649
WLD,"World",2022,20421.733679962
WLD,"World",2021,19875.5669160609
WLD,"World",2020,18812.4921846351
WLD,"World",2019,19551.0853720052
WLD,"World",2018,19189.4922263446
WLD,"World",2017,18714.5736777743
WLD,"World",2016,18234.0187668301
WLD,"World",2015,17870.9797405245
WLD,"World",2014,17502.7804590175
WLD,"World",2013,17121.7231789375
WLD,"World",2012,16785.0538810187
WLD,"World",2011,16478.6508721961
WLD,"World",2010,16050.8528459331
WLD,"World",2009,15456.5925081159
WLD,"World",2008,15756.1973918277
WLD,"World",2007,15519.537511648
WLD,"World",2006,14934.6932991325
WLD,"World",2005,14377.2053638343
WLD,"World",2004,13921.3400955101
WLD,"World",2003,13410.5978266564
WLD,"World",2002,13104.3468043873
WLD,"World",2001,12915.0553238791
WLD,"World",2000,12780.6381391491
WLD,"World",1999,12360.7433274205
WLD,"World",1998,12098.403188088
WLD,"World",1997,11979.7237951368
WLD,"World",1996,11691.7078594973
WLD,"World",1995,11442.8041494803
WLD,"World",1994,11264.7778299107
WLD,"World",1993,11138.3321858645
WLD,"World",1992,11147.557598
WLD,"World",1991,11183.4106923389
WLD,"World",1990,11275.1339775825
WLD,"World",1989,
WLD,"World",1988,
WLD,"World",1987,
WLD,"World",1986,
WLD,"World",1985,
WLD,"World",1984,
WLD,"World",1983,
WLD,"World",1982,
WLD,"World",1981,
WLD,"World",1980,
WLD,"World",1979,
WLD,"World",1978,
WLD,"World",1977,
WLD,"World",1976,
WLD,"World",1975,
WLD,"World",1974,
WLD,"World",1973,
WLD,"World",1972,
WLD,"World",1971,
WLD,"World",1970,
WLD,"World",1969,
WLD,"World",1968,
WLD,"World",1967,
WLD,"World",1966,
WLD,"World",1965,
WLD,"World",1964,
WLD,"World",1963,
WLD,"World",1962,
WLD,"World",1961,
WLD,"World",1960,
AFG,"Afghanistan",2025,
AFG,"Afghanistan",2024,1964.45228895456
AFG,"Afghanistan",2023,1983.81261992909
AFG,"Afghanistan",2022,1981.71016810561
AFG,"Afghanistan",2021,2144.16657002819
AFG,"Afghanistan",2020,2769.68574507111
AFG,"Afghanistan",2019,2927.2451435353
AFG,"Afghanistan",2018,2902.39211285546
AFG,"Afghanistan",2017,2952.99891598909
AFG,"Afghanistan",2016,2958.7853992308
AFG,"Afghanistan",2015,2967.692067153
AFG,"Afghanistan",2014,3017.94254424696
AFG,"Afghanistan",2013,3046.57993117128
AFG,"Afghanistan",2012,2985.31914452845
AFG,"Afghanistan",2011,2757.05258747725
AFG,"Afghanistan",2010,2848.58606111495
AFG,"Afghanistan",2009,2565.02208584099
AFG,"Afghanistan",2008,2191.50435559062
AFG,"Afghanistan",2007,2155.35306784413
AFG,"Afghanistan",2006,1929.72389709372
AFG,"Afghanistan",2005,1908.11478234587
AFG,"Afghanistan",2004,1776.91820712187
AFG,"Afghanistan",2003,1815.92819979586
AFG,"Afghanistan",2002,1774.30874287341
AFG,"Afghanistan",2001,1454.11078195559
AFG,"Afghanistan",2000,1617.82647494969
AFG,"Afghanistan",1999,
AFG,"Afghanistan",1998,
AFG,"Afghanistan",1997,
AFG,"Afghanistan",1996,
AFG,"Afghanistan",1995,
AFG,"Afghanistan",1994,
AFG,"Afghanistan",1993,
AFG,"Afghanistan",1992,
AFG,"Afghanistan",1991,
AFG,"Afghanistan",1990,
AFG,"Afghanistan",1989,
AFG,"Afghanistan",1988,
AFG,"Afghanistan",1987,
AFG,"Afghanistan",1986,
AFG,"Afghanistan",1985,
AFG,"Afghanistan",1984,
AFG,"Afghanistan",1983,
AFG,"Afghanistan",1982,
AFG,"Afghanistan",1981,
AFG,"Afghanistan",1980,
AFG,"Afghanistan",1979,
AFG,"Afghanistan",1978,
AFG,"Afghanistan",1977,
AFG,"Afghanistan",1976,
AFG,"Afghanistan",1975,
AFG,"Afghanistan",1974,
AFG,"Afghanistan",1973,
AFG,"Afghanistan",1972,
AFG,"Afghanistan",1971,
AFG,"Afghanistan",1970,
AFG,"Afghanistan",1969,
AFG,"Afghanistan",1968,
AFG,"Afghanistan",1967,
AFG,"Afghanistan",1966,
AFG,"Afghanistan",1965,
AFG,"Afghanistan",1964,
AFG,"Afghanistan",1963,
AFG,"Afghanistan",1962,
AFG,"Afghanistan",1961,
AFG,"Afghanistan",1960,
ALB,"Albania",2025,22724.2938194949
ALB,"Albania",2024,21640.9835773271
ALB,"Albania",2023,20501.6470726741
ALB,"Albania",2022,19388.7927279351
ALB,"Albania",2021,18212.794718288
ALB,"Albania",2020,16457.7189744991
ALB,"Albania",2019,16761.1230178682
ALB,"Albania",2018,16170.9234325287
ALB,"Albania",2017,15359.3974577025
ALB,"Albania",2016,14643.4285614716
ALB,"Albania",2015,13876.7616296598
ALB,"Albania",2014,13366.5040948145
ALB,"Albania",2013,12873.4298184073
ALB,"Albania",2012,12463.518369846
ALB,"Albania",2011,12153.0636591785
ALB,"Albania",2010,11829.0042369631
ALB,"Albania",2009,11430.5746310655
ALB,"Albania",2008,11056.3059173381
ALB,"Albania",2007,10262.9242359026
ALB,"Albania",2006,9563.98954154527
ALB,"Albania",2005,8964.28082219496
ALB,"Albania",2004,8483.25881549279
ALB,"Albania",2003,8025.2480324802
ALB,"Albania",2002,7590.45852377781
ALB,"Albania",2001,7232.96055449664
ALB,"Albania",2000,6581.98909242849
ALB,"Albania",1999,6085.98339706701
ALB,"Albania",1998,5387.54588745977
ALB,"Albania",1997,4942.98350018006
ALB,"Albania",1996,5563.77007788975
ALB,"Albania",1995,5151.37596211047
ALB,"Albania",1994,4517.78007862677
ALB,"Albania",1993,4145.90250530525
ALB,"Albania",1992,3761.13980833495
ALB,"Albania",1991,4027.88880714791
ALB,"Albania",1990,5560.8339349099
ALB,"Albania",1989,
ALB,"Albania",1988,
ALB,"Albania",1987,
ALB,"Albania",1986,
ALB,"Albania",1985,
ALB,"Albania",1984,
ALB,"Albania",1983,
ALB,"Albania",1982,
ALB,"Albania",1981,
ALB,"Albania",1980,
ALB,"Albania",1979,
ALB,"Albania",1978,
ALB,"Albania",1977,
ALB,"Albania",1976,
ALB,"Albania",1975,
ALB,"Albania",1974,
ALB,"Albania",1973,
ALB,"Albania",1972,
ALB,"Albania",1971,
ALB,"Albania",1970,
ALB,"Albania",1969,
ALB,"Albania",1968,
ALB,"Albania",1967,
ALB,"Albania",1966,
ALB,"Albania",1965,
ALB,"Albania",1964,
ALB,"Albania",1963,
ALB,"Albania",1962,
ALB,"Albania",1961,
ALB,"Albania",1960,
DZA,"Algeria",2025,15882.7138836328
DZA,"Algeria",2024,15501.9197003966
DZA,"Algeria",2023,15159.3242373415
DZA,"Algeria",2022,14782.2002970247
DZA,"Algeria",2021,14496.8654697299
DZA,"Algeria",2020,14194.1557479619
DZA,"Algeria",2019,15199.1989965639
DZA,"Algeria",2018,15343.4261222434
DZA,"Algeria",2017,15427.6641894713
DZA,"Algeria",2016,15511.6858768094
DZA,"Algeria",2015,15239.5171456469
DZA,"Algeria",2014,15073.7629403565
DZA,"Algeria",2013,14778.1914257233
DZA,"Algeria",2012,14697.5396133853
DZA,"Algeria",2011,14641.9640935685
DZA,"Algeria",2010,14496.4211312996
DZA,"Algeria",2009,14104.42817214
DZA,"Algeria",2008,14206.7767147039
DZA,"Algeria",2007,14114.6745192683
DZA,"Algeria",2006,13920.6940553701
DZA,"Algeria",2005,13738.495644436
DZA,"Algeria",2004,13226.7650481165
DZA,"Algeria",2003,12835.1814413331
DZA,"Algeria",2002,12213.1263531246
DZA,"Algeria",2001,11742.5946761225
DZA,"Algeria",2000,11558.220469383
DZA,"Algeria",1999,11292.0372997165
DZA,"Algeria",1998,11094.8875368585
DZA,"Algeria",1997,10725.9673493368
DZA,"Algeria",1996,10808.8788666941
DZA,"Algeria",1995,10588.4433695754
DZA,"Algeria",1994,10414.0348241407
DZA,"Algeria",1993,10743.7063534104
DZA,"Algeria",1992,11241.4154173757
DZA,"Algeria",1991,11314.8647351204
DZA,"Algeria",1990,11728.5457286791
DZA,"Algeria",1989,
DZA,"Algeria",1988,
DZA,"Algeria",1987,
DZA,"Algeria",1986,
DZA,"Algeria",1985,
DZA,"Algeria",1984,
DZA,"Algeria",1983,
DZA,"Algeria",1982,
DZA,"Algeria",1981,
DZA,"Algeria",1980,
DZA,"Algeria",1979,
DZA,"Algeria",1978,
DZA,"Algeria",1977,
DZA,"Algeria",1976,
DZA,"Algeria",1975,
DZA,"Algeria",1974,
DZA,"Algeria",1973,
DZA,"Algeria",1972,
DZA,"Algeria",1971,
DZA,"Algeria",1970,
DZA,"Algeria",1969,
DZA,"Algeria",1968,
DZA,"Algeria",1967,
DZA,"Algeria",1966,
DZA,"Algeria",1965,
DZA,"Algeria",1964,
DZA,"Algeria",1963,
DZA,"Algeria",1962,
DZA,"Algeria",1961,
DZA,"Algeria",1960,
ASM,"American Samoa",2025,
ASM,"American Samoa",2024,
ASM,"American Samoa",2023,
ASM,"American Samoa",2022,
ASM,"American Samoa",2021,
ASM,"American Samoa",2020,
ASM,"American Samoa",2019,
ASM,"American Samoa",2018,
ASM,"American Samoa",2017,
ASM,"American Samoa",2016,
ASM,"American Samoa",2015,
ASM,"American Samoa",2014,
ASM,"American Samoa",2013,
ASM,"American Samoa",2012,
ASM,"American Samoa",2011,
ASM,"American Samoa",2010,
ASM,"American Samoa",2009,
ASM,"American Samoa",2008,
ASM,"American Samoa",2007,
ASM,"American Samoa",2006,
ASM,"American Samoa",2005,
ASM,"American Samoa",2004,
ASM,"American Samoa",2003,
ASM,"American Samoa",2002,
ASM,"American Samoa",2001,
ASM,"American Samoa",2000,
ASM,"American Samoa",1999,
ASM,"American Samoa",1998,
ASM,"American Samoa",1997,
ASM,"American Samoa",1996,
ASM,"American Samoa",1995,
ASM,"American Samoa",1994,
ASM,"American Samoa",1993,
ASM,"American Samoa",1992,
ASM,"American Samoa",1991,
ASM,"American Samoa",1990,
ASM,"American Samoa",1989,
ASM,"American Samoa",1988,
ASM,"American Samoa",1987,
ASM,"American Samoa",1986,
ASM,"American Samoa",1985,
ASM,"American Samoa",1984,
ASM,"American Samoa",1983,
ASM,"American Samoa",1982,
ASM,"American Samoa",1981,
ASM,"American Samoa",1980,
ASM,"American Samoa",1979,
ASM,"American Samoa",1978,
ASM,"American Samoa",1977,
ASM,"American Samoa",1976,
ASM,"American Samoa",1975,
ASM,"American Samoa",1974,
ASM,"American Samoa",1973,
ASM,"American Samoa",1972,
ASM,"American Samoa",1971,
ASM,"American Samoa",1970,
ASM,"American Samoa",1969,
ASM,"American Samoa",1968,
ASM,"American Samoa",1967,
ASM,"American Samoa",1966,
ASM,"American Samoa",1965,
ASM,"American Samoa",1964,
ASM,"American Samoa",1963,
ASM,"American Samoa",1962,
ASM,"American Samoa",1961,
ASM,"American Samoa",1960,
AND,"Andorra",2025,67993.0524178882
AND,"Andorra",2024,66232.7444195598
AND,"Andorra",2023,64631.2963909271
AND,"Andorra",2022,63913.3835079105
AND,"Andorra",2021,59332.2029100127
AND,"Andorra",2020,55488.4902991095
AND,"Andorra",2019,63215.899791913
AND,"Andorra",2018,63048.5985572834
AND,"Andorra",2017,63239.6577711911
AND,"Andorra",2016,64402.8092369468
AND,"Andorra",2015,62105.1542389675
AND,"Andorra",2014,59929.2444670501
AND,"Andorra",2013,57332.1585611366
AND,"Andorra",2012,58172.1323929474
AND,"Andorra",2011,60470.4662377044
AND,"Andorra",2010,58285.0577756981
AND,"Andorra",2009,57203.9708883731
AND,"Andorra",2008,60691.6051530637
AND,"Andorra",2007,65534.1168555171
AND,"Andorra",2006,66390.293726491
AND,"Andorra",2005,65114.8053663021
AND,"Andorra",2004,64353.4858113531
AND,"Andorra",2003,63656.1958332184
AND,"Andorra",2002,61188.6370851474
AND,"Andorra",2001,59109.0136806378
AND,"Andorra",2000,54809.1441679423
AND,"Andorra",1999,52921.0452609846
AND,"Andorra",1998,51092.2222352218
AND,"Andorra",1997,50032.3529125128
AND,"Andorra",1996,46386.0912022485
AND,"Andorra",1995,44375.0247238159
AND,"Andorra",1994,42716.3656354
AND,"Andorra",1993,42605.6595832451
AND,"Andorra",1992,45246.53307101
AND,"Andorra",1991,47624.9668573542
AND,"Andorra",1990,50036.3007757561
AND,"Andorra",1989,
AND,"Andorra",1988,
AND,"Andorra",1987,
AND,"Andorra",1986,
AND,"Andorra",1985,
AND,"Andorra",1984,
AND,"Andorra",1983,
AND,"Andorra",1982,
AND,"Andorra",1981,
AND,"Andorra",1980,
AND,"Andorra",1979,
AND,"Andorra",1978,
AND,"Andorra",1977,
AND,"Andorra",1976,
AND,"Andorra",1975,
AND,"Andorra",1974,
AND,"Andorra",1973,
AND,"Andorra",1972,
AND,"Andorra",1971,
AND,"Andorra",1970,
AND,"Andorra",1969,
AND,"Andorra",1968,
AND,"Andorra",1967,
AND,"Andorra",1966,
AND,"Andorra",1965,
AND,"Andorra",1964,
AND,"Andorra",1963,
AND,"Andorra",1962,
AND,"Andorra",1961,
AND,"Andorra",1960,
AGO,"Angola",2025,8760.19081963151
AGO,"Angola",2024,8752.7974709833
AGO,"Angola",2023,8597.53878787554
AGO,"Angola",2022,8750.99363032299
AGO,"Angola",2021,8720.18768742123
AGO,"Angola",2020,8904.94900580168
AGO,"Angola",2019,9712.97944927269
AGO,"Angola",2018,10154.8389228005
AGO,"Angola",2017,10565.1676483607
AGO,"Angola",2016,10963.9967887173
AGO,"Angola",2015,11389.7609549481
AGO,"Angola",2014,11718.4286832376
AGO,"Angola",2013,11622.978345524
AGO,"Angola",2012,11516.8133246588
AGO,"Angola",2011,11034.5919687814
AGO,"Angola",2010,11074.0723813984
AGO,"Angola",2009,10930.2531201205
AGO,"Angola",2008,11131.6310145389
AGO,"Angola",2007,10434.7087224445
AGO,"Angola",2006,9586.17542123825
AGO,"Angola",2005,8892.92106099154
AGO,"Angola",2004,8079.52613328266
AGO,"Angola",2003,7516.81391491319
AGO,"Angola",2002,7521.73598754911
AGO,"Angola",2001,6846.79269543978
AGO,"Angola",2000,6794.53021072097
AGO,"Angola",1999,6815.17530603212
AGO,"Angola",1998,6893.12265289502
AGO,"Angola",1997,6808.33628106109
AGO,"Angola",1996,6565.86479361918
AGO,"Angola",1995,5981.53257569901
AGO,"Angola",1994,5377.99034967929
AGO,"Angola",1993,5481.76386792194
AGO,"Angola",1992,7445.43836708148
AGO,"Angola",1991,8170.24939362119
AGO,"Angola",1990,8366.41271626349
AGO,"Angola",1989,
AGO,"Angola",1988,
AGO,"Angola",1987,
AGO,"Angola",1986,
AGO,"Angola",1985,
AGO,"Angola",1984,
AGO,"Angola",1983,
AGO,"Angola",1982,
AGO,"Angola",1981,
AGO,"Angola",1980,
AGO,"Angola",1979,
AGO,"Angola",1978,
AGO,"Angola",1977,
AGO,"Angola",1976,
AGO,"Angola",1975,
AGO,"Angola",1974,
AGO,"Angola",1973,
AGO,"Angola",1972,
AGO,"Angola",1971,
AGO,"Angola",1970,
AGO,"Angola",1969,
AGO,"Angola",1968,
AGO,"Angola",1967,
AGO,"Angola",1966,
AGO,"Angola",1965,
AGO,"Angola",1964,
AGO,"Angola",1963,
AGO,"Angola",1962,
AGO,"Angola",1961,
AGO,"Angola",1960,
ATG,"Antigua and Barbuda",2025,30620.3075553859
ATG,"Antigua and Barbuda",2024,29298.6474164727
ATG,"Antigua and Barbuda",2023,28712.3970492192
ATG,"Antigua and Barbuda",2022,27785.5572316838
ATG,"Antigua and Barbuda",2021,25745.4958067746
ATG,"Antigua and Barbuda",2020,23930.6714995115
ATG,"Antigua and Barbuda",2019,29651.8641526705
ATG,"Antigua and Barbuda",2018,28878.6067675471
ATG,"Antigua and Barbuda",2017,27199.1952402262
ATG,"Antigua and Barbuda",2016,26627.71453894
ATG,"Antigua and Barbuda",2015,25734.1516444171
ATG,"Antigua and Barbuda",2014,25557.5249124716
ATG,"Antigua and Barbuda",2013,25206.8458285339
ATG,"Antigua and Barbuda",2012,25592.9066121735
ATG,"Antigua and Barbuda",2011,25023.9174488179
ATG,"Antigua and Barbuda",2010,25826.6086383235
ATG,"Antigua and Barbuda",2009,28405.6900929523
ATG,"Antigua and Barbuda",2008,32756.3067839753
ATG,"Antigua and Barbuda",2007,33245.2678606765
ATG,"Antigua and Barbuda",2006,30827.3416754916
ATG,"Antigua and Barbuda",2005,27692.634871178
ATG,"Antigua and Barbuda",2004,26303.6179046605
ATG,"Antigua and Barbuda",2003,25136.001691807
ATG,"Antigua and Barbuda",2002,23958.1638142071
ATG,"Antigua and Barbuda",2001,24014.7754593511
ATG,"Antigua and Barbuda",2000,25547.6120273679
ATG,"Antigua and Barbuda",1999,24462.2034022412
ATG,"Antigua and Barbuda",1998,23996.1144041367
ATG,"Antigua and Barbuda",1997,23350.3093865169
ATG,"Antigua and Barbuda",1996,22597.314506816
ATG,"Antigua and Barbuda",1995,21639.6020640854
ATG,"Antigua and Barbuda",1994,23081.6639123529
ATG,"Antigua and Barbuda",1993,22051.4373204261
ATG,"Antigua and Barbuda",1992,21330.2731918527
ATG,"Antigua and Barbuda",1991,21424.2911871461
ATG,"Antigua and Barbuda",1990,21074.57643609
ATG,"Antigua and Barbuda",1989,
ATG,"Antigua and Barbuda",1988,
ATG,"Antigua and Barbuda",1987,
ATG,"Antigua and Barbuda",1986,
ATG,"Antigua and Barbuda",1985,
ATG,"Antigua and Barbuda",1984,
ATG,"Antigua and Barbuda",1983,
ATG,"Antigua and Barbuda",1982,
ATG,"Antigua and Barbuda",1981,
ATG,"Antigua and Barbuda",1980,
ATG,"Antigua and Barbuda",1979,
ATG,"Antigua and Barbuda",1978,
ATG,"Antigua and Barbuda",1977,
ATG,"Antigua and Barbuda",1976,
ATG,"Antigua and Barbuda",1975,
ATG,"Antigua and Barbuda",1974,
ATG,"Antigua and Barbuda",1973,
ATG,"Antigua and Barbuda",1972,
ATG,"Antigua and Barbuda",1971,
ATG,"Antigua and Barbuda",1970,
ATG,"Antigua and Barbuda",1969,
ATG,"Antigua and Barbuda",1968,
ATG,"Antigua and Barbuda",1967,
ATG,"Antigua and Barbuda",1966,
ATG,"Antigua and Barbuda",1965,
ATG,"Antigua and Barbuda",1964,
ATG,"Antigua and Barbuda",1963,
ATG,"Antigua and Barbuda",1962,
ATG,"Antigua and Barbuda",1961,
ATG,"Antigua and Barbuda",1960,
ARG,"Argentina",2025,27846.5984597239
ARG,"Argentina",2024,26771.9657650571
ARG,"Argentina",2023,27230.3968496682
ARG,"Argentina",2022,27825.0273492567
ARG,"Argentina",2021,26300.274261175
ARG,"Argentina",2020,23877.0931404855
ARG,"Argentina",2019,26629.5529419501
ARG,"Argentina",2018,27367.115094108
ARG,"Argentina",2017,28334.904184742
ARG,"Argentina",2016,27802.1057201498
ARG,"Argentina",2015,28669.2061336796
ARG,"Argentina",2014,28200.8152571318
ARG,"Argentina",2013,29227.6601818437
ARG,"Argentina",2012,28825.9666865361
ARG,"Argentina",2011,29425.7593876084
ARG,"Argentina",2010,28056.2570212342
ARG,"Argentina",2009,25747.1976809995
ARG,"Argentina",2008,27658.4853446831
ARG,"Argentina",2007,26850.6645932771
ARG,"Argentina",2006,24877.2493922296
ARG,"Argentina",2005,23262.4075792816
ARG,"Argentina",2004,21591.449396517
ARG,"Argentina",2003,20005.1385113465
ARG,"Argentina",2002,18571.7020471274
ARG,"Argentina",2001,21066.4581290433
ARG,"Argentina",2000,22281.3814299958
ARG,"Argentina",1999,22714.5111302701
ARG,"Argentina",1998,23783.1017185449
ARG,"Argentina",1997,23172.1583398342
ARG,"Argentina",1996,21695.5949515372
ARG,"Argentina",1995,20819.4999479903
ARG,"Argentina",1994,21711.842788091
ARG,"Argentina",1993,20791.3451479504
ARG,"Argentina",1992,19476.2840606477
ARG,"Argentina",1991,18295.6091996812
ARG,"Argentina",1990,17007.2844317191
ARG,"Argentina",1989,
ARG,"Argentina",1988,
ARG,"Argentina",1987,
ARG,"Argentina",1986,
ARG,"Argentina",1985,
ARG,"Argentina",1984,
ARG,"Argentina",1983,
ARG,"Argentina",1982,
ARG,"Argentina",1981,
ARG,"Argentina",1980,
ARG,"Argentina",1979,
ARG,"Argentina",1978,
ARG,"Argentina",1977,
ARG,"Argentina",1976,
ARG,"Argentina",1975,
ARG,"Argentina",1974,
ARG,"Argentina",1973,
ARG,"Argentina",1972,
ARG,"Argentina",1971,
ARG,"Argentina",1970,
ARG,"Argentina",1969,
ARG,"Argentina",1968,
ARG,"Argentina",1967,
ARG,"Argentina",1966,
ARG,"Argentina",1965,
ARG,"Argentina",1964,
ARG,"Argentina",1963,
ARG,"Argentina",1962,
ARG,"Argentina",1961,
ARG,"Argentina",1960,
ARM,"Armenia",2025,21153.478328571
ARM,"Armenia",2024,20078.7848984844
ARM,"Armenia",2023,19402.7510915578
ARM,"Armenia",2022,17886.1783877168
ARM,"Armenia",2021,15921.705281964
ARM,"Armenia",2020,15052.9359791136
ARM,"Armenia",2019,16215.3607965094
ARM,"Armenia",2018,15037.0452420712
ARM,"Armenia",2017,14243.8749003795
ARM,"Armenia",2016,13192.9940731731
ARM,"Armenia",2015,13112.7600902915
ARM,"Armenia",2014,12667.3757330249
ARM,"Armenia",2013,12194.0189523843
ARM,"Armenia",2012,11796.2741177994
ARM,"Armenia",2011,10990.177099035
ARM,"Armenia",2010,10438.5641904169
ARM,"Armenia",2009,10143.2350796867
ARM,"Armenia",2008,11727.4821272949
ARM,"Armenia",2007,10898.8483795634
ARM,"Armenia",2006,9525.23146779778
ARM,"Armenia",2005,8362.90084037119
ARM,"Armenia",2004,7299.40001858866
ARM,"Armenia",2003,6569.26023440631
ARM,"Armenia",2002,5731.35346609213
ARM,"Armenia",2001,5044.11647826468
ARM,"Armenia",2000,4589.00825039977
ARM,"Armenia",1999,4406.96706718618
ARM,"Armenia",1998,4211.51276778797
ARM,"Armenia",1997,3879.17938009678
ARM,"Armenia",1996,3717.33576522762
ARM,"Armenia",1995,3480.7559365251
ARM,"Armenia",1994,3200.89649468569
ARM,"Armenia",1993,2958.88037185647
ARM,"Armenia",1992,3136.72428260526
ARM,"Armenia",1991,5326.75285558236
ARM,"Armenia",1990,6137.60045786761
ARM,"Armenia",1989,
ARM,"Armenia",1988,
ARM,"Armenia",1987,
ARM,"Armenia",1986,
ARM,"Armenia",1985,
ARM,"Armenia",1984,
ARM,"Armenia",1983,
ARM,"Armenia",1982,
ARM,"Armenia",1981,
ARM,"Armenia",1980,
ARM,"Armenia",1979,
ARM,"Armenia",1978,
ARM,"Armenia",1977,
ARM,"Armenia",1976,
ARM,"Armenia",1975,
ARM,"Armenia",1974,
ARM,"Armenia",1973,
ARM,"Armenia",1972,
ARM,"Armenia",1971,
ARM,"Armenia",1970,
ARM,"Armenia",1969,
ARM,"Armenia",1968,
ARM,"Armenia",1967,
ARM,"Armenia",1966,
ARM,"Armenia",1965,
ARM,"Armenia",1964,
ARM,"Armenia",1963,
ARM,"Armenia",1962,
ARM,"Armenia",1961,
ARM,"Armenia",1960,
ABW,"Aruba",2025,
ABW,"Aruba",2024,45428.0027283518
ABW,"Aruba",2023,42783.2489072067
ABW,"Aruba",2022,39083.4616398507
ABW,"Aruba",2021,35207.1709088639
ABW,"Aruba",2020,30408.8270901983
ABW,"Aruba",2019,39754.5600722149
ABW,"Aruba",2018,39378.2284109047
ABW,"Aruba",2017,38213.2892388309
ABW,"Aruba",2016,36926.1130685729
ABW,"Aruba",2015,36753.4041726178
ABW,"Aruba",2014,35837.3240929711
ABW,"Aruba",2013,35711.9290506967
ABW,"Aruba",2012,34058.3102329903
ABW,"Aruba",2011,34926.1008924322
ABW,"Aruba",2010,34037.5423205595
ABW,"Aruba",2009,35074.6841221014
ABW,"Aruba",2008,39982.5119922148
ABW,"Aruba",2007,39562.4488484876
ABW,"Aruba",2006,38664.3995098654
ABW,"Aruba",2005,38926.4750002706
ABW,"Aruba",2004,40101.7876131851
ABW,"Aruba",2003,38182.3925262649
ABW,"Aruba",2002,38195.3176084346
ABW,"Aruba",2001,38827.4672740448
ABW,"Aruba",2000,37618.9926155094
ABW,"Aruba",1999,35316.6229395578
ABW,"Aruba",1998,35361.1658888898
ABW,"Aruba",1997,35534.2745034868
ABW,"Aruba",1996,34506.5330803752
ABW,"Aruba",1995,35476.4099870864
ABW,"Aruba",1994,35580.5339781279
ABW,"Aruba",1993,34627.74347531
ABW,"Aruba",1992,34458.142297503
ABW,"Aruba",1991,34079.2304630075
ABW,"Aruba",1990,33146.6705478771
ABW,"Aruba",1989,
ABW,"Aruba",1988,
ABW,"Aruba",1987,
ABW,"Aruba",1986,
ABW,"Aruba",1985,
ABW,"Aruba",1984,
ABW,"Aruba",1983,
ABW,"Aruba",1982,
ABW,"Aruba",1981,
ABW,"Aruba",1980,
ABW,"Aruba",1979,
ABW,"Aruba",1978,
ABW,"Aruba",1977,
ABW,"Aruba",1976,
ABW,"Aruba",1975,
ABW,"Aruba",1974,
ABW,"Aruba",1973,
ABW,"Aruba",1972,
ABW,"Aruba",1971,
ABW,"Aruba",1970,
ABW,"Aruba",1969,
ABW,"Aruba",1968,
ABW,"Aruba",1967,
ABW,"Aruba",1966,
ABW,"Aruba",1965,
ABW,"Aruba",1964,
ABW,"Aruba",1963,
ABW,"Aruba",1962,
ABW,"Aruba",1961,
ABW,"Aruba",1960,
AUS,"Australia",2025,60194.0633547961
AUS,"Australia",2024,60309.5831772339
AUS,"Australia",2023,60684.9596204883
AUS,"Australia",2022,60029.1329190733
AUS,"Australia",2021,58327.4146842325
AUS,"Australia",2020,57260.4650530108
AUS,"Australia",2019,58048.6188420831
AUS,"Australia",2018,57647.8455068105
AUS,"Australia",2017,56881.8569859104
AUS,"Australia",2016,56529.951824687
AUS,"Australia",2015,55879.9958817103
AUS,"Australia",2014,55489.068844146
AUS,"Australia",2013,54895.0052588984
AUS,"Australia",2012,54403.8836902433
AUS,"Australia",2011,53257.0473237603
AUS,"Australia",2010,52739.2681556133
AUS,"Australia",2009,52407.9115378584
AUS,"Australia",2008,52473.3819160773
AUS,"Australia",2007,51663.2403953881
AUS,"Australia",2006,50693.7248649798
AUS,"Australia",2005,49997.0664953941
AUS,"Australia",2004,49061.2761503925
AUS,"Australia",2003,47581.2285345879
AUS,"Australia",2002,46688.3947760633
AUS,"Australia",2001,45428.2000837579
AUS,"Australia",2000,45099.0752097084
AUS,"Australia",1999,43899.073794405
AUS,"Australia",1998,42257.1718122395
AUS,"Australia",1997,40773.5660516518
AUS,"Australia",1996,39663.1617728168
AUS,"Australia",1995,38653.3366778657
AUS,"Australia",1994,37622.6524772939
AUS,"Australia",1993,36533.1468283451
AUS,"Australia",1992,35426.2848289008
AUS,"Australia",1991,35670.6678637309
AUS,"Australia",1990,36267.7410592234
AUS,"Australia",1989,
AUS,"Australia",1988,
AUS,"Australia",1987,
AUS,"Australia",1986,
AUS,"Australia",1985,
AUS,"Australia",1984,
AUS,"Australia",1983,
AUS,"Australia",1982,
AUS,"Australia",1981,
AUS,"Australia",1980,
AUS,"Australia",1979,
AUS,"Australia",1978,
AUS,"Australia",1977,
AUS,"Australia",1976,
AUS,"Australia",1975,
AUS,"Australia",1974,
AUS,"Australia",1973,
AUS,"Australia",1972,
AUS,"Australia",1971,
AUS,"Australia",1970,
AUS,"Australia",1969,
AUS,"Australia",1968,
AUS,"Australia",1967,
AUS,"Australia",1966,
AUS,"Australia",1965,
AUS,"Australia",1964,
AUS,"Australia",1963,
AUS,"Australia",1962,
AUS,"Australia",1961,
AUS,"Australia",1960,
AUT,"Austria",2025,63970.4008534859
AUT,"Austria",2024,63787.9891749462
AUT,"Austria",2023,64536.2076307547
AUT,"Austria",2022,65694.4591501468
AUT,"Austria",2021,62968.8538770186
AUT,"Austria",2020,60276.3307697326
AUT,"Austria",2019,64609.2836396895
AUT,"Austria",2018,63777.9362157476
AUT,"Austria",2017,62535.8105711345
AUT,"Austria",2016,61572.6257402404
AUT,"Austria",2015,60951.6037273662
AUT,"Austria",2014,60845.5743980711
AUT,"Austria",2013,60862.9693673785
AUT,"Austria",2012,61376.6345930428
AUT,"Austria",2011,61272.1724662899
AUT,"Austria",2010,59730.4673903053
AUT,"Austria",2009,58810.3596828696
AUT,"Austria",2008,61157.9014974191
AUT,"Austria",2007,60470.825141587
AUT,"Austria",2006,58460.1550504163
AUT,"Austria",2005,56890.1996184204
AUT,"Austria",2004,55980.1531665622
AUT,"Austria",2003,54919.7101911513
AUT,"Austria",2002,54565.0004227482
AUT,"Austria",2001,54032.075746659
AUT,"Austria",2000,53534.2669894259
AUT,"Austria",1999,52004.459782806
AUT,"Austria",1998,50216.6282284105
AUT,"Austria",1997,48575.090714407
AUT,"Austria",1996,47608.5642962955
AUT,"Austria",1995,46639.4667421613
AUT,"Austria",1994,45497.074754296
AUT,"Austria",1993,44601.1442274518
AUT,"Austria",1992,44734.7911157679
AUT,"Austria",1991,44302.3593080223
AUT,"Austria",1990,43258.1144095785
AUT,"Austria",1989,
AUT,"Austria",1988,
AUT,"Austria",1987,
AUT,"Austria",1986,
AUT,"Austria",1985,
AUT,"Austria",1984,
AUT,"Austria",1983,
AUT,"Austria",1982,
AUT,"Austria",1981,
AUT,"Austria",1980,
AUT,"Austria",1979,
AUT,"Austria",1978,
AUT,"Austria",1977,
AUT,"Austria",1976,
AUT,"Austria",1975,
AUT,"Austria",1974,
AUT,"Austria",1973,
AUT,"Austria",1972,
AUT,"Austria",1971,
AUT,"Austria",1970,
AUT,"Austria",1969,
AUT,"Austria",1968,
AUT,"Austria",1967,
AUT,"Austria",1966,
AUT,"Austria",1965,
AUT,"Austria",1964,
AUT,"Austria",1963,
AUT,"Austria",1962,
AUT,"Austria",1961,
AUT,"Austria",1960,
AZE,"Azerbaijan",2025,22314.2168957333
AZE,"Azerbaijan",2024,22090.5298026929
AZE,"Azerbaijan",2023,21310.7386915022
AZE,"Azerbaijan",2022,21051.2442291612
AZE,"Azerbaijan",2021,20111.3756952109
AZE,"Azerbaijan",2020,19126.096851126
AZE,"Azerbaijan",2019,20101.491875147
AZE,"Azerbaijan",2018,19781.8509058437
AZE,"Azerbaijan",2017,19659.0048562768
AZE,"Azerbaijan",2016,19822.4105943941
AZE,"Azerbaijan",2015,20678.7539572375
AZE,"Azerbaijan",2014,20709.201611232
AZE,"Azerbaijan",2013,20398.6462250349
AZE,"Azerbaijan",2012,19523.3737161356
AZE,"Azerbaijan",2011,19358.0778100345
AZE,"Azerbaijan",2010,19925.3900662137
AZE,"Azerbaijan",2009,19242.3900077231
AZE,"Azerbaijan",2008,17963.0208126838
AZE,"Azerbaijan",2007,16587.3657240228
AZE,"Azerbaijan",2006,13371.6585214534
AZE,"Azerbaijan",2005,10054.1003389401
AZE,"Azerbaijan",2004,7937.8594791002
AZE,"Azerbaijan",2003,7329.40601818943
AZE,"Azerbaijan",2002,6701.08174444207
AZE,"Azerbaijan",2001,6168.98512059749
AZE,"Azerbaijan",2000,5656.92989378687
AZE,"Azerbaijan",1999,5133.74812032569
AZE,"Azerbaijan",1998,4822.1601856452
AZE,"Azerbaijan",1997,4425.5882352872
AZE,"Azerbaijan",1996,4223.5229711304
AZE,"Azerbaijan",1995,4211.72114349636
AZE,"Azerbaijan",1994,4830.69940287626
AZE,"Azerbaijan",1993,6097.48622316834
AZE,"Azerbaijan",1992,8050.21624195194
AZE,"Azerbaijan",1991,10559.2119361527
AZE,"Azerbaijan",1990,10776.0677018086
AZE,"Azerbaijan",1989,
AZE,"Azerbaijan",1988,
AZE,"Azerbaijan",1987,
AZE,"Azerbaijan",1986,
AZE,"Azerbaijan",1985,
AZE,"Azerbaijan",1984,
AZE,"Azerbaijan",1983,
AZE,"Azerbaijan",1982,
AZE,"Azerbaijan",1981,
AZE,"Azerbaijan",1980,
AZE,"Azerbaijan",1979,
AZE,"Azerbaijan",1978,
AZE,"Azerbaijan",1977,
AZE,"Azerbaijan",1976,
AZE,"Azerbaijan",1975,
AZE,"Azerbaijan",1974,
AZE,"Azerbaijan",1973,
AZE,"Azerbaijan",1972,
AZE,"Azerbaijan",1971,
AZE,"Azerbaijan",1970,
AZE,"Azerbaijan",1969,
AZE,"Azerbaijan",1968,
AZE,"Azerbaijan",1967,
AZE,"Azerbaijan",1966,
AZE,"Azerbaijan",1965,
AZE,"Azerbaijan",1964,
AZE,"Azerbaijan",1963,
AZE,"Azerbaijan",1962,
AZE,"Azerbaijan",1961,
AZE,"Azerbaijan",1960,
BHS,"Bahamas, The",2025,
BHS,"Bahamas, The",2024,36244.0500123244
BHS,"Bahamas, The",2023,35221.2696932313
BHS,"Bahamas, The",2022,34342.9285316569
BHS,"Bahamas, The",2021,31064.6822166194
BHS,"Bahamas, The",2020,26452.695760929
BHS,"Bahamas, The",2019,33202.4902105068
BHS,"Bahamas, The",2018,33650.2164350935
BHS,"Bahamas, The",2017,33050.0350128611
BHS,"Bahamas, The",2016,32172.3365152976
BHS,"Bahamas, The",2015,32777.5849410742
BHS,"Bahamas, The",2014,32712.6356664811
BHS,"Bahamas, The",2013,32402.9163503108
BHS,"Bahamas, The",2012,33667.5547098911
BHS,"Bahamas, The",2011,32535.6625139135
BHS,"Bahamas, The",2010,32711.4592459383
BHS,"Bahamas, The",2009,32630.263065979
BHS,"Bahamas, The",2008,34498.0351399173
BHS,"Bahamas, The",2007,35797.118972073
BHS,"Bahamas, The",2006,35789.1322131898
BHS,"Bahamas, The",2005,35365.4663980219
BHS,"Bahamas, The",2004,34617.8051137459
BHS,"Bahamas, The",2003,34740.7635535381
BHS,"Bahamas, The",2002,35610.6786425646
BHS,"Bahamas, The",2001,35072.3658990461
BHS,"Bahamas, The",2000,34597.1621145274
BHS,"Bahamas, The",1999,33657.804588874
BHS,"Bahamas, The",1998,31836.5264901331
BHS,"Bahamas, The",1997,30839.0247952491
BHS,"Bahamas, The",1996,30907.8208035756
BHS,"Bahamas, The",1995,30128.1935557246
BHS,"Bahamas, The",1994,29346.3604837079
BHS,"Bahamas, The",1993,28955.3510589021
BHS,"Bahamas, The",1992,29412.8804985919
BHS,"Bahamas, The",1991,31148.9052622825
BHS,"Bahamas, The",1990,33072.1596125382
BHS,"Bahamas, The",1989,
BHS,"Bahamas, The",1988,
BHS,"Bahamas, The",1987,
BHS,"Bahamas, The",1986,
BHS,"Bahamas, The",1985,
BHS,"Bahamas, The",1984,
BHS,"Bahamas, The",1983,
BHS,"Bahamas, The",1982,
BHS,"Bahamas, The",1981,
BHS,"Bahamas, The",1980,
BHS,"Bahamas, The",1979,
BHS,"Bahamas, The",1978,
BHS,"Bahamas, The",1977,
BHS,"Bahamas, The",1976,
BHS,"Bahamas, The",1975,
BHS,"Bahamas, The",1974,
BHS,"Bahamas, The",1973,
BHS,"Bahamas, The",1972,
BHS,"Bahamas, The",1971,
BHS,"Bahamas, The",1970,
BHS,"Bahamas, The",1969,
BHS,"Bahamas, The",1968,
BHS,"Bahamas, The",1967,
BHS,"Bahamas, The",1966,
BHS,"Bahamas, The",1965,
BHS,"Bahamas, The",1964,
BHS,"Bahamas, The",1963,
BHS,"Bahamas, The",1962,
BHS,"Bahamas, The",1961,
BHS,"Bahamas, The",1960,
BHR,"Bahrain",2025,60669.6307795772
BHR,"Bahrain",2024,59060.1818363183
BHR,"Bahrain",2023,57819.9051831242
BHR,"Bahrain",2022,57572.997981018
BHR,"Bahrain",2021,54954.6757895532
BHR,"Bahrain",2020,53814.2452592358
BHR,"Bahrain",2019,56749.9628370612
BHR,"Bahrain",2018,54893.0724411368
BHR,"Bahrain",2017,53859.7749589601
BHR,"Bahrain",2016,54107.0752236423
BHR,"Bahrain",2015,54149.9131524721
BHR,"Bahrain",2014,55065.8189472129
BHR,"Bahrain",2013,55376.4005147894
BHR,"Bahrain",2012,54516.8406594787
BHR,"Bahrain",2011,53132.3284162611
BHR,"Bahrain",2010,50704.8479679819
BHR,"Bahrain",2009,50665.7507489219
BHR,"Bahrain",2008,52765.3899455546
BHR,"Bahrain",2007,52731.7921672618
BHR,"Bahrain",2006,52691.9323366851
BHR,"Bahrain",2005,53478.2662415503
BHR,"Bahrain",2004,54045.092888858
BHR,"Bahrain",2003,54431.8763559658
BHR,"Bahrain",2002,55096.6571550779
BHR,"Bahrain",2001,57280.6986707494
BHR,"Bahrain",2000,57968.9956082135
BHR,"Bahrain",1999,56522.2261899823
BHR,"Bahrain",1998,55638.6935860684
BHR,"Bahrain",1997,54512.8551056888
BHR,"Bahrain",1996,54289.4380390309
BHR,"Bahrain",1995,53537.6828948177
BHR,"Bahrain",1994,52886.5789027329
BHR,"Bahrain",1993,54433.1375084971
BHR,"Bahrain",1992,49511.9474019627
BHR,"Bahrain",1991,47644.0234716882
BHR,"Bahrain",1990,41856.54450772
BHR,"Bahrain",1989,
BHR,"Bahrain",1988,
BHR,"Bahrain",1987,
BHR,"Bahrain",1986,
BHR,"Bahrain",1985,
BHR,"Bahrain",1984,
BHR,"Bahrain",1983,
BHR,"Bahrain",1982,
BHR,"Bahrain",1981,
BHR,"Bahrain",1980,
BHR,"Bahrain",1979,
BHR,"Bahrain",1978,
BHR,"Bahrain",1977,
BHR,"Bahrain",1976,
BHR,"Bahrain",1975,
BHR,"Bahrain",1974,
BHR,"Bahrain",1973,
BHR,"Bahrain",1972,
BHR,"Bahrain",1971,
BHR,"Bahrain",1970,
BHR,"Bahrain",1969,
BHR,"Bahrain",1968,
BHR,"Bahrain",1967,
BHR,"Bahrain",1966,
BHR,"Bahrain",1965,
BHR,"Bahrain",1964,
BHR,"Bahrain",1963,
BHR,"Bahrain",1962,
BHR,"Bahrain",1961,
BHR,"Bahrain",1960,
BGD,"Bangladesh",2025,8676.7557622508
BGD,"Bangladesh",2024,8486.78495660517
BGD,"Bangladesh",2023,8242.39798977242
BGD,"Bangladesh",2022,7888.16389098304
BGD,"Bangladesh",2021,7441.06913961254
BGD,"Bangladesh",2020,7015.19792797056
BGD,"Bangladesh",2019,6838.32611608243
BGD,"Bangladesh",2018,6392.59334024091
BGD,"Bangladesh",2017,6005.70718781048
BGD,"Bangladesh",2016,5682.53553494306
BGD,"Bangladesh",2015,5352.71133299566
BGD,"Bangladesh",2014,5068.63965672741
BGD,"Bangladesh",2013,4822.72621378266
BGD,"Bangladesh",2012,4592.04840919812
BGD,"Bangladesh",2011,4352.42643359325
BGD,"Bangladesh",2010,4125.46390163202
BGD,"Bangladesh",2009,3942.13631207203
BGD,"Bangladesh",2008,3787.9382761855
BGD,"Bangladesh",2007,3608.91543819399
BGD,"Bangladesh",2006,3407.4273502159
BGD,"Bangladesh",2005,3231.61370692891
BGD,"Bangladesh",2004,3071.83778764611
BGD,"Bangladesh",2003,2958.91503115633
BGD,"Bangladesh",2002,2866.43454328715
BGD,"Bangladesh",2001,2803.55471950946
BGD,"Bangladesh",2000,2712.93512215725
BGD,"Bangladesh",1999,2624.06553797638
BGD,"Bangladesh",1998,2555.06119218282
BGD,"Bangladesh",1997,2475.59574602489
BGD,"Bangladesh",1996,2413.54298201505
BGD,"Bangladesh",1995,2351.70387946903
BGD,"Bangladesh",1994,2279.09435302944
BGD,"Bangladesh",1993,2234.8101219225
BGD,"Bangladesh",1992,2174.38232866943
BGD,"Bangladesh",1991,2101.38366035658
BGD,"Bangladesh",1990,2069.78230100672
BGD,"Bangladesh",1989,
BGD,"Bangladesh",1988,
BGD,"Bangladesh",1987,
BGD,"Bangladesh",1986,
BGD,"Bangladesh",1985,
BGD,"Bangladesh",1984,
BGD,"Bangladesh",1983,
BGD,"Bangladesh",1982,
BGD,"Bangladesh",1981,
BGD,"Bangladesh",1980,
BGD,"Bangladesh",1979,
BGD,"Bangladesh",1978,
BGD,"Bangladesh",1977,
BGD,"Bangladesh",1976,
BGD,"Bangladesh",1975,
BGD,"Bangladesh",1974,
BGD,"Bangladesh",1973,
BGD,"Bangladesh",1972,
BGD,"Bangladesh",1971,
BGD,"Bangladesh",1970,
BGD,"Bangladesh",1969,
BGD,"Bangladesh",1968,
BGD,"Bangladesh",1967,
BGD,"Bangladesh",1966,
BGD,"Bangladesh",1965,
BGD,"Bangladesh",1964,
BGD,"Bangladesh",1963,
BGD,"Bangladesh",1962,
BGD,"Bangladesh",1961,
BGD,"Bangladesh",1960,
BRB,"Barbados",2025,22127.3604979718
BRB,"Barbados",2024,21557.5276350385
BRB,"Barbados",2023,20865.0155437147
BRB,"Barbados",2022,20494.5343836936
BRB,"Barbados",2021,17686.7469386289
BRB,"Barbados",2020,16399.7020111405
BRB,"Barbados",2019,19890.455714094
BRB,"Barbados",2018,19877.6759569235
BRB,"Barbados",2017,19966.3202405154
BRB,"Barbados",2016,19877.1120083968
BRB,"Barbados",2015,19642.2322500219
BRB,"Barbados",2014,19840.8306179644
BRB,"Barbados",2013,19730.3469740518
BRB,"Barbados",2012,19743.57827095
BRB,"Barbados",2011,20383.2530917687
BRB,"Barbados",2010,20464.7939658776
BRB,"Barbados",2009,22354.8404800399
BRB,"Barbados",2008,23657.2900650446
BRB,"Barbados",2007,23631.9433885299
BRB,"Barbados",2006,23260.8645438811
BRB,"Barbados",2005,22035.3859581035
BRB,"Barbados",2004,21308.6052569587
BRB,"Barbados",2003,21132.3281963019
BRB,"Barbados",2002,20809.8567218941
BRB,"Barbados",2001,20782.8432453701
BRB,"Barbados",2000,21315.7684300571
BRB,"Barbados",1999,20372.8839348705
BRB,"Barbados",1998,20311.199276816
BRB,"Barbados",1997,19584.4075964016
BRB,"Barbados",1996,18705.7976314677
BRB,"Barbados",1995,18007.2337725556
BRB,"Barbados",1994,17679.9985547176
BRB,"Barbados",1993,17370.8734866422
BRB,"Barbados",1992,17284.5196561055
BRB,"Barbados",1991,18391.0074040066
BRB,"Barbados",1990,19195.8871160038
BRB,"Barbados",1989,
BRB,"Barbados",1988,
BRB,"Barbados",1987,
BRB,"Barbados",1986,
BRB,"Barbados",1985,
BRB,"Barbados",1984,
BRB,"Barbados",1983,
BRB,"Barbados",1982,
BRB,"Barbados",1981,
BRB,"Barbados",1980,
BRB,"Barbados",1979,
BRB,"Barbados",1978,
BRB,"Barbados",1977,
BRB,"Barbados",1976,
BRB,"Barbados",1975,
BRB,"Barbados",1974,
BRB,"Barbados",1973,
BRB,"Barbados",1972,
BRB,"Barbados",1971,
BRB,"Barbados",1970,
BRB,"Barbados",1969,
BRB,"Barbados",1968,
BRB,"Barbados",1967,
BRB,"Barbados",1966,
BRB,"Barbados",1965,
BRB,"Barbados",1964,
BRB,"Barbados",1963,
BRB,"Barbados",1962,
BRB,"Barbados",1961,
BRB,"Barbados",1960,
BLR,"Belarus",2025,29666.2115719117
BLR,"Belarus",2024,29135.9465139232
BLR,"Belarus",2023,27782.4380139967
BLR,"Belarus",2022,26537.5083081674
BLR,"Belarus",2021,27611.1801135157
BLR,"Belarus",2020,26731.4953869922
BLR,"Belarus",2019,26798.8206398076
BLR,"Belarus",2018,26363.4629778536
BLR,"Belarus",2017,25503.9809845207
BLR,"Belarus",2016,24846.8301529359
BLR,"Belarus",2015,25513.2132958317
BLR,"Belarus",2014,26564.4347246547
BLR,"Belarus",2013,26147.6253584645
BLR,"Belarus",2012,25879.1319400701
BLR,"Belarus",2011,25404.7566082412
BLR,"Belarus",2010,24012.6133040213
BLR,"Belarus",2009,22236.8387691136
BLR,"Belarus",2008,22137.9472928315
BLR,"Belarus",2007,20019.6111676728
BLR,"Belarus",2006,18349.8719060634
BLR,"Belarus",2005,16579.8731683834
BLR,"Belarus",2004,15052.1182160947
BLR,"Belarus",2003,13413.9265504854
BLR,"Belarus",2002,12443.9322575939
BLR,"Belarus",2001,11771.0872003861
BLR,"Belarus",2000,11182.4548339393
BLR,"Belarus",1999,10519.7489145442
BLR,"Belarus",1998,10128.1560469563
BLR,"Belarus",1997,9301.32717519867
BLR,"Belarus",1996,8314.85656685025
BLR,"Belarus",1995,8061.19604112609
BLR,"Belarus",1994,8967.73072971831
BLR,"Belarus",1993,10143.9840118445
BLR,"Belarus",1992,11002.6017626136
BLR,"Belarus",1991,12197.7877887634
BLR,"Belarus",1990,12351.6357110065
BLR,"Belarus",1989,
BLR,"Belarus",1988,
BLR,"Belarus",1987,
BLR,"Belarus",1986,
BLR,"Belarus",1985,
BLR,"Belarus",1984,
BLR,"Belarus",1983,
BLR,"Belarus",1982,
BLR,"Belarus",1981,
BLR,"Belarus",1980,
BLR,"Belarus",1979,
BLR,"Belarus",1978,
BLR,"Belarus",1977,
BLR,"Belarus",1976,
BLR,"Belarus",1975,
BLR,"Belarus",1974,
BLR,"Belarus",1973,
BLR,"Belarus",1972,
BLR,"Belarus",1971,
BLR,"Belarus",1970,
BLR,"Belarus",1969,
BLR,"Belarus",1968,
BLR,"Belarus",1967,
BLR,"Belarus",1966,
BLR,"Belarus",1965,
BLR,"Belarus",1964,
BLR,"Belarus",1963,
BLR,"Belarus",1962,
BLR,"Belarus",1961,
BLR,"Belarus",1960,
BEL,"Belgium",2025,63488.4217622523
BEL,"Belgium",2024,63311.2766917178
BEL,"Belgium",2023,63042.0099876309
BEL,"Belgium",2022,62602.9270469765
BEL,"Belgium",2021,60669.2137746534
BEL,"Belgium",2020,57333.5424137924
BEL,"Belgium",2019,60479.9769955469
BEL,"Belgium",2018,59357.6896884396
BEL,"Belgium",2017,58529.3302957537
BEL,"Belgium",2016,57901.497690315
BEL,"Belgium",2015,57509.0245728704
BEL,"Belgium",2014,57002.9092185206
BEL,"Belgium",2013,56263.175267967
BEL,"Belgium",2012,56356.8251292137
BEL,"Belgium",2011,56585.302500068
BEL,"Belgium",2010,56240.2030936241
BEL,"Belgium",2009,55258.7071019668
BEL,"Belgium",2008,56787.7366257416
BEL,"Belgium",2007,56983.4612170064
BEL,"Belgium",2006,55367.6227467909
BEL,"Belgium",2005,54346.8934219288
BEL,"Belgium",2004,53406.6918625203
BEL,"Belgium",2003,51788.8439641975
BEL,"Belgium",2002,51471.8532550934
BEL,"Belgium",2001,50835.3969916063
BEL,"Belgium",2000,50455.7338920674
BEL,"Belgium",1999,48765.7668571998
BEL,"Belgium",1998,47205.3098527355
BEL,"Belgium",1997,46396.0021283995
BEL,"Belgium",1996,44808.5243580352
BEL,"Belgium",1995,44310.6278688276
BEL,"Belgium",1994,43369.275944431
BEL,"Belgium",1993,42143.1960612051
BEL,"Belgium",1992,42719.0486134247
BEL,"Belgium",1991,42246.0760496851
BEL,"Belgium",1990,41640.0583572134
BEL,"Belgium",1989,
BEL,"Belgium",1988,
BEL,"Belgium",1987,
BEL,"Belgium",1986,
BEL,"Belgium",1985,
BEL,"Belgium",1984,
BEL,"Belgium",1983,
BEL,"Belgium",1982,
BEL,"Belgium",1981,
BEL,"Belgium",1980,
BEL,"Belgium",1979,
BEL,"Belgium",1978,
BEL,"Belgium",1977,
BEL,"Belgium",1976,
BEL,"Belgium",1975,
BEL,"Belgium",1974,
BEL,"Belgium",1973,
BEL,"Belgium",1972,
BEL,"Belgium",1971,
BEL,"Belgium",1970,
BEL,"Belgium",1969,
BEL,"Belgium",1968,
BEL,"Belgium",1967,
BEL,"Belgium",1966,
BEL,"Belgium",1965,
BEL,"Belgium",1964,
BEL,"Belgium",1963,
BEL,"Belgium",1962,
BEL,"Belgium",1961,
BEL,"Belgium",1960,
BLZ,"Belize",2025,12788.8423713826
BLZ,"Belize",2024,12621.4081961897
BLZ,"Belize",2023,12371.0086545348
BLZ,"Belize",2022,12565.3645829576
BLZ,"Belize",2021,11716.3267818656
BLZ,"Belize",2020,10045.1404163746
BLZ,"Belize",2019,11765.9748661176
BLZ,"Belize",2018,11451.8979413877
BLZ,"Belize",2017,11572.3007931461
BLZ,"Belize",2016,12063.0600374093
BLZ,"Belize",2015,12348.7944978311
BLZ,"Belize",2014,12272.2957895446
BLZ,"Belize",2013,12064.797259406
BLZ,"Belize",2012,11843.4153404212
BLZ,"Belize",2011,11641.7717375703
BLZ,"Belize",2010,11913.6635959061
BLZ,"Belize",2009,12033.9096816588
BLZ,"Belize",2008,12415.6811300464
BLZ,"Belize",2007,12973.2067214746
BLZ,"Belize",2006,12912.5300233774
BLZ,"Belize",2005,12714.9697390831
BLZ,"Belize",2004,12807.1658774384
BLZ,"Belize",2003,12589.2679378206
BLZ,"Belize",2002,11828.1865744067
BLZ,"Belize",2001,11567.0265720608
BLZ,"Belize",2000,11363.6868781615
BLZ,"Belize",1999,10460.6346102795
BLZ,"Belize",1998,9894.59919785026
BLZ,"Belize",1997,9862.26634546876
BLZ,"Belize",1996,9782.64416029651
BLZ,"Belize",1995,9967.84688088643
BLZ,"Belize",1994,10146.3996755203
BLZ,"Belize",1993,10366.8590598807
BLZ,"Belize",1992,9967.77779283553
BLZ,"Belize",1991,9028.07343837562
BLZ,"Belize",1990,8251.61762539471
BLZ,"Belize",1989,
BLZ,"Belize",1988,
BLZ,"Belize",1987,
BLZ,"Belize",1986,
BLZ,"Belize",1985,
BLZ,"Belize",1984,
BLZ,"Belize",1983,
BLZ,"Belize",1982,
BLZ,"Belize",1981,
BLZ,"Belize",1980,
BLZ,"Belize",1979,
BLZ,"Belize",1978,
BLZ,"Belize",1977,
BLZ,"Belize",1976,
BLZ,"Belize",1975,
BLZ,"Belize",1974,
BLZ,"Belize",1973,
BLZ,"Belize",1972,
BLZ,"Belize",1971,
BLZ,"Belize",1970,
BLZ,"Belize",1969,
BLZ,"Belize",1968,
BLZ,"Belize",1967,
BLZ,"Belize",1966,
BLZ,"Belize",1965,
BLZ,"Belize",1964,
BLZ,"Belize",1963,
BLZ,"Belize",1962,
BLZ,"Belize",1961,
BLZ,"Belize",1960,
BEN,"Benin",2025,4116.2151559488
BEN,"Benin",2024,3901.32588494392
BEN,"Benin",2023,3721.21254814808
BEN,"Benin",2022,3588.32519938147
BEN,"Benin",2021,3464.2886286745
BEN,"Benin",2020,3317.8597222557
BEN,"Benin",2019,3281.10470051465
BEN,"Benin",2018,3155.4510650627
BEN,"Benin",2017,3041.77929984989
BEN,"Benin",2016,2962.66381572265
BEN,"Benin",2015,2952.00218338705
BEN,"Benin",2014,2987.38236326153
BEN,"Benin",2013,2893.0467015352
BEN,"Benin",2012,2779.7264808532
BEN,"Benin",2011,2732.01249647957
BEN,"Benin",2010,2733.57399641151
BEN,"Benin",2009,2758.07243150648
BEN,"Benin",2008,2777.61974031765
BEN,"Benin",2007,2729.13741390352
BEN,"Benin",2006,2652.21841967159
BEN,"Benin",2005,2632.47251454328
BEN,"Benin",2004,2672.84404357157
BEN,"Benin",2003,2639.04370114641
BEN,"Benin",2002,2630.18061029627
BEN,"Benin",2001,2591.06485220288
BEN,"Benin",2000,2536.16885867097
BEN,"Benin",1999,2470.68504400549
BEN,"Benin",1998,2419.10014338548
BEN,"Benin",1997,2399.78593127356
BEN,"Benin",1996,2337.63030771279
BEN,"Benin",1995,2300.14122107459
BEN,"Benin",1994,2215.36616821938
BEN,"Benin",1993,2254.24565428893
BEN,"Benin",1992,2226.56666006625
BEN,"Benin",1991,2230.46054664537
BEN,"Benin",1990,2207.06796428357
BEN,"Benin",1989,
BEN,"Benin",1988,
BEN,"Benin",1987,
BEN,"Benin",1986,
BEN,"Benin",1985,
BEN,"Benin",1984,
BEN,"Benin",1983,
BEN,"Benin",1982,
BEN,"Benin",1981,
BEN,"Benin",1980,
BEN,"Benin",1979,
BEN,"Benin",1978,
BEN,"Benin",1977,
BEN,"Benin",1976,
BEN,"Benin",1975,
BEN,"Benin",1974,
BEN,"Benin",1973,
BEN,"Benin",1972,
BEN,"Benin",1971,
BEN,"Benin",1970,
BEN,"Benin",1969,
BEN,"Benin",1968,
BEN,"Benin",1967,
BEN,"Benin",1966,
BEN,"Benin",1965,
BEN,"Benin",1964,
BEN,"Benin",1963,
BEN,"Benin",1962,
BEN,"Benin",1961,
BEN,"Benin",1960,
BMU,"Bermuda",2025,
BMU,"Bermuda",2024,104299.944358815
BMU,"Bermuda",2023,102268.922803272
BMU,"Bermuda",2022,97943.0548977322
BMU,"Bermuda",2021,92319.6714861222
BMU,"Bermuda",2020,88484.8155997921
BMU,"Bermuda",2019,95523.9623126026
BMU,"Bermuda",2018,95643.2734055543
BMU,"Bermuda",2017,96441.2718767256
BMU,"Bermuda",2016,93269.0137558453
BMU,"Bermuda",2015,93863.8483363419
BMU,"Bermuda",2014,93046.2100976443
BMU,"Bermuda",2013,96553.8726827819
BMU,"Bermuda",2012,96715.1659966888
BMU,"Bermuda",2011,101994.242680484
BMU,"Bermuda",2010,105973.358845444
BMU,"Bermuda",2009,108967.427366927
BMU,"Bermuda",2008,115947.63292703
BMU,"Bermuda",2007,118696.092066629
BMU,"Bermuda",2006,115175.773016307
BMU,"Bermuda",2005,109340.012116084
BMU,"Bermuda",2004,107807.760712997
BMU,"Bermuda",2003,105647.446050466
BMU,"Bermuda",2002,102564.108880562
BMU,"Bermuda",2001,104565.263948121
BMU,"Bermuda",2000,98024.0788793146
BMU,"Bermuda",1999,90294.3828538243
BMU,"Bermuda",1998,88038.5381561316
BMU,"Bermuda",1997,85384.4474553667
BMU,"Bermuda",1996,82126.2573825069
BMU,"Bermuda",1995,80430.6436481323
BMU,"Bermuda",1994,77473.5756060332
BMU,"Bermuda",1993,77506.7437396645
BMU,"Bermuda",1992,75769.902935257
BMU,"Bermuda",1991,76368.2742018138
BMU,"Bermuda",1990,79750.8567680695
BMU,"Bermuda",1989,
BMU,"Bermuda",1988,
BMU,"Bermuda",1987,
BMU,"Bermuda",1986,
BMU,"Bermuda",1985,
BMU,"Bermuda",1984,
BMU,"Bermuda",1983,
BMU,"Bermuda",1982,
BMU,"Bermuda",1981,
BMU,"Bermuda",1980,
BMU,"Bermuda",1979,
BMU,"Bermuda",1978,
BMU,"Bermuda",1977,
BMU,"Bermuda",1976,
BMU,"Bermuda",1975,
BMU,"Bermuda",1974,
BMU,"Bermuda",1973,
BMU,"Bermuda",1972,
BMU,"Bermuda",1971,
BMU,"Bermuda",1970,
BMU,"Bermuda",1969,
BMU,"Bermuda",1968,
BMU,"Bermuda",1967,
BMU,"Bermuda",1966,
BMU,"Bermuda",1965,
BMU,"Bermuda",1964,
BMU,"Bermuda",1963,
BMU,"Bermuda",1962,
BMU,"Bermuda",1961,
BMU,"Bermuda",1960,
BTN,"Bhutan",2025,16743.8703854575
BTN,"Bhutan",2024,15603.8871298469
BTN,"Bhutan",2023,14610.2959097837
BTN,"Bhutan",2022,14061.3120274588
BTN,"Bhutan",2021,13458.812666743
BTN,"Bhutan",2020,12979.9369485824
BTN,"Bhutan",2019,14555.1884045845
BTN,"Bhutan",2018,13854.8543977158
BTN,"Bhutan",2017,13482.3425280358
BTN,"Bhutan",2016,13320.9759036882
BTN,"Bhutan",2015,12400.2983237391
BTN,"Bhutan",2014,11744.5189124825
BTN,"Bhutan",2013,11212.479426698
BTN,"Bhutan",2012,11143.9445354588
BTN,"Bhutan",2011,10714.686566371
BTN,"Bhutan",2010,9985.28455483655
BTN,"Bhutan",2009,9019.11861272397
BTN,"Bhutan",2008,8470.03471622855
BTN,"Bhutan",2007,8195.07074477912
BTN,"Bhutan",2006,7140.85609148376
BTN,"Bhutan",2005,6850.80441609334
BTN,"Bhutan",2004,6517.99683290216
BTN,"Bhutan",2003,6323.5411950973
BTN,"Bhutan",2002,5991.25497571775
BTN,"Bhutan",2001,5545.6305511084
BTN,"Bhutan",2000,5287.57434721684
BTN,"Bhutan",1999,5241.36663790737
BTN,"Bhutan",1998,4965.87646031681
BTN,"Bhutan",1997,4778.70511731732
BTN,"Bhutan",1996,4616.91979198439
BTN,"Bhutan",1995,4379.87046667778
BTN,"Bhutan",1994,4042.49417769249
BTN,"Bhutan",1993,3850.551287421
BTN,"Bhutan",1992,3624.59781500136
BTN,"Bhutan",1991,3338.00941826599
BTN,"Bhutan",1990,3411.3837599176
BTN,"Bhutan",1989,
BTN,"Bhutan",1988,
BTN,"Bhutan",1987,
BTN,"Bhutan",1986,
BTN,"Bhutan",1985,
BTN,"Bhutan",1984,
BTN,"Bhutan",1983,
BTN,"Bhutan",1982,
BTN,"Bhutan",1981,
BTN,"Bhutan",1980,
BTN,"Bhutan",1979,
BTN,"Bhutan",1978,
BTN,"Bhutan",1977,
BTN,"Bhutan",1976,
BTN,"Bhutan",1975,
BTN,"Bhutan",1974,
BTN,"Bhutan",1973,
BTN,"Bhutan",1972,
BTN,"Bhutan",1971,
BTN,"Bhutan",1970,
BTN,"Bhutan",1969,
BTN,"Bhutan",1968,
BTN,"Bhutan",1967,
BTN,"Bhutan",1966,
BTN,"Bhutan",1965,
BTN,"Bhutan",1964,
BTN,"Bhutan",1963,
BTN,"Bhutan",1962,
BTN,"Bhutan",1961,
BTN,"Bhutan",1960,
BOL,"Bolivia",2025,11000.5345220728
BOL,"Bolivia",2024,11329.1518061536
BOL,"Bolivia",2023,11616.1575595159
BOL,"Bolivia",2022,11487.7148799194
BOL,"Bolivia",2021,11202.4409836707
BOL,"Bolivia",2020,10285.6590750222
BOL,"Bolivia",2019,11930.9159145918
BOL,"Bolivia",2018,11920.3135079645
BOL,"Bolivia",2017,11755.2556195885
BOL,"Bolivia",2016,11448.02180322
BOL,"Bolivia",2015,11144.6415720641
BOL,"Bolivia",2014,10790.8472887528
BOL,"Bolivia",2013,10391.3833756917
BOL,"Bolivia",2012,9884.46163594645
BOL,"Bolivia",2011,9554.44502513
BOL,"Bolivia",2010,9230.3980801466
BOL,"Bolivia",2009,9011.55629873547
BOL,"Bolivia",2008,8865.27246616683
BOL,"Bolivia",2007,8493.94848212653
BOL,"Bolivia",2006,8263.31896853691
BOL,"Bolivia",2005,8020.63568834793
BOL,"Bolivia",2004,7811.59684093936
BOL,"Bolivia",2003,7625.90515918892
BOL,"Bolivia",2002,7550.01554645092
BOL,"Bolivia",2001,7491.15257765571
BOL,"Bolivia",2000,7492.4338168091
BOL,"Bolivia",1999,7435.72544286949
BOL,"Bolivia",1998,7534.51656369605
BOL,"Bolivia",1997,7301.50935861496
BOL,"Bolivia",1996,7083.6131331083
BOL,"Bolivia",1995,6914.34189614304
BOL,"Bolivia",1994,6731.28487501595
BOL,"Bolivia",1993,6556.81640551449
BOL,"Bolivia",1992,6414.32866825436
BOL,"Bolivia",1991,6440.48571428318
BOL,"Bolivia",1990,6247.10446615403
BOL,"Bolivia",1989,
BOL,"Bolivia",1988,
BOL,"Bolivia",1987,
BOL,"Bolivia",1986,
BOL,"Bolivia",1985,
BOL,"Bolivia",1984,
BOL,"Bolivia",1983,
BOL,"Bolivia",1982,
BOL,"Bolivia",1981,
BOL,"Bolivia",1980,
BOL,"Bolivia",1979,
BOL,"Bolivia",1978,
BOL,"Bolivia",1977,
BOL,"Bolivia",1976,
BOL,"Bolivia",1975,
BOL,"Bolivia",1974,
BOL,"Bolivia",1973,
BOL,"Bolivia",1972,
BOL,"Bolivia",1971,
BOL,"Bolivia",1970,
BOL,"Bolivia",1969,
BOL,"Bolivia",1968,
BOL,"Bolivia",1967,
BOL,"Bolivia",1966,
BOL,"Bolivia",1965,
BOL,"Bolivia",1964,
BOL,"Bolivia",1963,
BOL,"Bolivia",1962,
BOL,"Bolivia",1961,
BOL,"Bolivia",1960,
BIH,"Bosnia and Herzegovina",2025,21178.2260059497
BIH,"Bosnia and Herzegovina",2024,20578.4995446816
BIH,"Bosnia and Herzegovina",2023,19804.9181465635
BIH,"Bosnia and Herzegovina",2022,19298.117076437
BIH,"Bosnia and Herzegovina",2021,18286.6614977175
BIH,"Bosnia and Herzegovina",2020,16747.0353918695
BIH,"Bosnia and Herzegovina",2019,17029.2971980343
BIH,"Bosnia and Herzegovina",2018,16348.9997145353
BIH,"Bosnia and Herzegovina",2017,15554.6587430766
BIH,"Bosnia and Herzegovina",2016,14873.6411107879
BIH,"Bosnia and Herzegovina",2015,14220.0900038037
BIH,"Bosnia and Herzegovina",2014,13458.852576408
BIH,"Bosnia and Herzegovina",2013,13135.7175053454
BIH,"Bosnia and Herzegovina",2012,12626.9263237753
BIH,"Bosnia and Herzegovina",2011,12487.6490566037
BIH,"Bosnia and Herzegovina",2010,12142.8616958168
BIH,"Bosnia and Herzegovina",2009,11826.6501351383
BIH,"Bosnia and Herzegovina",2008,11983.7199632138
BIH,"Bosnia and Herzegovina",2007,11178.6814832392
BIH,"Bosnia and Herzegovina",2006,10430.4119951847
BIH,"Bosnia and Herzegovina",2005,9814.46964102531
BIH,"Bosnia and Herzegovina",2004,9344.83015887193
BIH,"Bosnia and Herzegovina",2003,8709.95671578197
BIH,"Bosnia and Herzegovina",2002,8366.69155604844
BIH,"Bosnia and Herzegovina",2001,7982.5188539099
BIH,"Bosnia and Herzegovina",2000,7830.5018609252
BIH,"Bosnia and Herzegovina",1999,7481.30398935927
BIH,"Bosnia and Herzegovina",1998,6899.29705850819
BIH,"Bosnia and Herzegovina",1997,6020.96023732543
BIH,"Bosnia and Herzegovina",1996,4568.98265882687
BIH,"Bosnia and Herzegovina",1995,3090.37823581462
BIH,"Bosnia and Herzegovina",1994,2657.80295240973
BIH,"Bosnia and Herzegovina",1993,2281.88983603662
BIH,"Bosnia and Herzegovina",1992,2150.91074083366
BIH,"Bosnia and Herzegovina",1991,2183.52604942539
BIH,"Bosnia and Herzegovina",1990,2413.93822928526
BIH,"Bosnia and Herzegovina",1989,
BIH,"Bosnia and Herzegovina",1988,
BIH,"Bosnia and Herzegovina",1987,
BIH,"Bosnia and Herzegovina",1986,
BIH,"Bosnia and Herzegovina",1985,
BIH,"Bosnia and Herzegovina",1984,
BIH,"Bosnia and Herzegovina",1983,
BIH,"Bosnia and Herzegovina",1982,
BIH,"Bosnia and Herzegovina",1981,
BIH,"Bosnia and Herzegovina",1980,
BIH,"Bosnia and Herzegovina",1979,
BIH,"Bosnia and Herzegovina",1978,
BIH,"Bosnia and Herzegovina",1977,
BIH,"Bosnia and Herzegovina",1976,
BIH,"Bosnia and Herzegovina",1975,
BIH,"Bosnia and Herzegovina",1974,
BIH,"Bosnia and Herzegovina",1973,
BIH,"Bosnia and Herzegovina",1972,
BIH,"Bosnia and Herzegovina",1971,
BIH,"Bosnia and Herzegovina",1970,
BIH,"Bosnia and Herzegovina",1969,
BIH,"Bosnia and Herzegovina",1968,
BIH,"Bosnia and Herzegovina",1967,
BIH,"Bosnia and Herzegovina",1966,
BIH,"Bosnia and Herzegovina",1965,
BIH,"Bosnia and Herzegovina",1964,
BIH,"Bosnia and Herzegovina",1963,
BIH,"Bosnia and Herzegovina",1962,
BIH,"Bosnia and Herzegovina",1961,
BIH,"Bosnia and Herzegovina",1960,
BWA,"Botswana",2025,17687.2042407934
BWA,"Botswana",2024,18107.614452913
BWA,"Botswana",2023,18932.4802712334
BWA,"Botswana",2022,18647.3734588832
BWA,"Botswana",2021,17960.6254447437
BWA,"Botswana",2020,16289.3913582645
BWA,"Botswana",2019,18106.0105471124
BWA,"Botswana",2018,17825.018569213
BWA,"Botswana",2017,17352.8958451454
BWA,"Botswana",2016,16905.588740873
BWA,"Botswana",2015,15994.9643042101
BWA,"Botswana",2014,17052.1924105361
BWA,"Botswana",2013,16369.4252971454
BWA,"Botswana",2012,14957.6189142932
BWA,"Botswana",2011,15236.7188843522
BWA,"Botswana",2010,14545.0198074427
BWA,"Botswana",2009,13489.9509168296
BWA,"Botswana",2008,16040.3153236098
BWA,"Botswana",2007,15850.2343496231
BWA,"Botswana",2006,15275.5828811117
BWA,"Botswana",2005,14361.9576327759
BWA,"Botswana",2004,13984.8415112641
BWA,"Botswana",2003,13857.2588264737
BWA,"Botswana",2002,13479.6960719923
BWA,"Botswana",2001,12949.6403104655
BWA,"Botswana",2000,13185.8171514278
BWA,"Botswana",1999,13207.447346512
BWA,"Botswana",1998,12306.250477233
BWA,"Botswana",1997,12526.352236393
BWA,"Botswana",1996,11832.9387782379
BWA,"Botswana",1995,11457.6994362472
BWA,"Botswana",1994,10989.6700551057
BWA,"Botswana",1993,10902.9512774946
BWA,"Botswana",1992,11008.6810214184
BWA,"Botswana",1991,11001.8013588128
BWA,"Botswana",1990,10520.9183978405
BWA,"Botswana",1989,
BWA,"Botswana",1988,
BWA,"Botswana",1987,
BWA,"Botswana",1986,
BWA,"Botswana",1985,
BWA,"Botswana",1984,
BWA,"Botswana",1983,
BWA,"Botswana",1982,
BWA,"Botswana",1981,
BWA,"Botswana",1980,
BWA,"Botswana",1979,
BWA,"Botswana",1978,
BWA,"Botswana",1977,
BWA,"Botswana",1976,
BWA,"Botswana",1975,
BWA,"Botswana",1974,
BWA,"Botswana",1973,
BWA,"Botswana",1972,
BWA,"Botswana",1971,
BWA,"Botswana",1970,
BWA,"Botswana",1969,
BWA,"Botswana",1968,
BWA,"Botswana",1967,
BWA,"Botswana",1966,
BWA,"Botswana",1965,
BWA,"Botswana",1964,
BWA,"Botswana",1963,
BWA,"Botswana",1962,
BWA,"Botswana",1961,
BWA,"Botswana",1960,
BRA,"Brazil",2025,20024.6968256903
BRA,"Brazil",2024,19652.365499171
BRA,"Brazil",2023,19079.8122134028
BRA,"Brazil",2022,18554.0461828566
BRA,"Brazil",2021,18075.7060049068
BRA,"Brazil",2020,17327.5157249466
BRA,"Brazil",2019,18018.6209151518
BRA,"Brazil",2018,17917.7492123359
BRA,"Brazil",2017,17724.4799577784
BRA,"Brazil",2016,17620.9272434136
BRA,"Brazil",2015,18357.0690617991
BRA,"Brazil",2014,19183.172744636
BRA,"Brazil",2013,19241.5059815726
BRA,"Brazil",2012,18832.2195527075
BRA,"Brazil",2011,18627.8104529397
BRA,"Brazil",2010,18062.1581103659
BRA,"Brazil",2009,16939.4407810328
BRA,"Brazil",2008,17113.3679822643
BRA,"Brazil",2007,16440.583740032
BRA,"Brazil",2006,15657.4795716983
BRA,"Brazil",2005,15221.0138281541
BRA,"Brazil",2004,14911.2609608592
BRA,"Brazil",2003,14259.3664089322
BRA,"Brazil",2002,14265.9048770292
BRA,"Brazil",2001,14016.1313772236
BRA,"Brazil",2000,14005.3471874231
BRA,"Brazil",1999,13602.4137067874
BRA,"Brazil",1998,13737.7026433556
BRA,"Brazil",1997,13896.6249901072
BRA,"Brazil",1996,13641.6295995961
BRA,"Brazil",1995,13550.4393735843
BRA,"Brazil",1994,13202.9308011881
BRA,"Brazil",1993,12669.4287209749
BRA,"Brazil",1992,12271.9788478727
BRA,"Brazil",1991,12546.5605005559
BRA,"Brazil",1990,12633.2884560597
BRA,"Brazil",1989,
BRA,"Brazil",1988,
BRA,"Brazil",1987,
BRA,"Brazil",1986,
BRA,"Brazil",1985,
BRA,"Brazil",1984,
BRA,"Brazil",1983,
BRA,"Brazil",1982,
BRA,"Brazil",1981,
BRA,"Brazil",1980,
BRA,"Brazil",1979,
BRA,"Brazil",1978,
BRA,"Brazil",1977,
BRA,"Brazil",1976,
BRA,"Brazil",1975,
BRA,"Brazil",1974,
BRA,"Brazil",1973,
BRA,"Brazil",1972,
BRA,"Brazil",1971,
BRA,"Brazil",1970,
BRA,"Brazil",1969,
BRA,"Brazil",1968,
BRA,"Brazil",1967,
BRA,"Brazil",1966,
BRA,"Brazil",1965,
BRA,"Brazil",1964,
BRA,"Brazil",1963,
BRA,"Brazil",1962,
BRA,"Brazil",1961,
BRA,"Brazil",1960,
VGB,"British Virgin Islands",2025,
VGB,"British Virgin Islands",2024,
VGB,"British Virgin Islands",2023,
VGB,"British Virgin Islands",2022,
VGB,"British Virgin Islands",2021,
VGB,"British Virgin Islands",2020,
VGB,"British Virgin Islands",2019,
VGB,"British Virgin Islands",2018,
VGB,"British Virgin Islands",2017,
VGB,"British Virgin Islands",2016,
VGB,"British Virgin Islands",2015,
VGB,"British Virgin Islands",2014,
VGB,"British Virgin Islands",2013,
VGB,"British Virgin Islands",2012,
VGB,"British Virgin Islands",2011,
VGB,"British Virgin Islands",2010,
VGB,"British Virgin Islands",2009,
VGB,"British Virgin Islands",2008,
VGB,"British Virgin Islands",2007,
VGB,"British Virgin Islands",2006,
VGB,"British Virgin Islands",2005,
VGB,"British Virgin Islands",2004,
VGB,"British Virgin Islands",2003,
VGB,"British Virgin Islands",2002,
VGB,"British Virgin Islands",2001,
VGB,"British Virgin Islands",2000,
VGB,"British Virgin Islands",1999,
VGB,"British Virgin Islands",1998,
VGB,"British Virgin Islands",1997,
VGB,"British Virgin Islands",1996,
VGB,"British Virgin Islands",1995,
VGB,"British Virgin Islands",1994,
VGB,"British Virgin Islands",1993,
VGB,"British Virgin Islands",1992,
VGB,"British Virgin Islands",1991,
VGB,"British Virgin Islands",1990,
VGB,"British Virgin Islands",1989,
VGB,"British Virgin Islands",1988,
VGB,"British Virgin Islands",1987,
VGB,"British Virgin Islands",1986,
VGB,"British Virgin Islands",1985,
VGB,"British Virgin Islands",1984,
VGB,"British Virgin Islands",1983,
VGB,"British Virgin Islands",1982,
VGB,"British Virgin Islands",1981,
VGB,"British Virgin Islands",1980,
VGB,"British Virgin Islands",1979,
VGB,"British Virgin Islands",1978,
VGB,"British Virgin Islands",1977,
VGB,"British Virgin Islands",1976,
VGB,"British Virgin Islands",1975,
VGB,"British Virgin Islands",1974,
VGB,"British Virgin Islands",1973,
VGB,"British Virgin Islands",1972,
VGB,"British Virgin Islands",1971,
VGB,"British Virgin Islands",1970,
VGB,"British Virgin Islands",1969,
VGB,"British Virgin Islands",1968,
VGB,"British Virgin Islands",1967,
VGB,"British Virgin Islands",1966,
VGB,"British Virgin Islands",1965,
VGB,"British Virgin Islands",1964,
VGB,"British Virgin Islands",1963,
VGB,"British Virgin Islands",1962,
VGB,"British Virgin Islands",1961,
VGB,"British Virgin Islands",1960,
BRN,"Brunei Darussalam",2025,78985.122026951
BRN,"Brunei Darussalam",2024,79071.7333801445
BRN,"Brunei Darussalam",2023,76616.7014884981
BRN,"Brunei Darussalam",2022,76357.829114996
BRN,"Brunei Darussalam",2021,78248.797127611
BRN,"Brunei Darussalam",2020,80280.8980640677
BRN,"Brunei Darussalam",2019,80228.1598170527
BRN,"Brunei Darussalam",2018,78099.0507802561
BRN,"Brunei Darussalam",2017,78966.8643142346
BRN,"Brunei Darussalam",2016,78880.6228501768
BRN,"Brunei Darussalam",2015,81910.1882959493
BRN,"Brunei Darussalam",2014,83310.6151819533
BRN,"Brunei Darussalam",2013,86606.6518910199
BRN,"Brunei Darussalam",2012,89718.4636049982
BRN,"Brunei Darussalam",2011,90279.6634042123
BRN,"Brunei Darussalam",2010,88586.5133683924
BRN,"Brunei Darussalam",2009,87875.8283546044
BRN,"Brunei Darussalam",2008,91275.5000919182
BRN,"Brunei Darussalam",2007,96752.6204091885
BRN,"Brunei Darussalam",2006,102248.510300567
BRN,"Brunei Darussalam",2005,99795.6850854526
BRN,"Brunei Darussalam",2004,101497.754798655
BRN,"Brunei Darussalam",2003,103226.914446986
BRN,"Brunei Darussalam",2002,101571.583784666
BRN,"Brunei Darussalam",2001,99680.7626777537
BRN,"Brunei Darussalam",2000,100323.439918528
BRN,"Brunei Darussalam",1999,99083.3205282422
BRN,"Brunei Darussalam",1998,97171.6372551031
BRN,"Brunei Darussalam",1997,106503.420270796
BRN,"Brunei Darussalam",1996,102522.125418121
BRN,"Brunei Darussalam",1995,105043.853097683
BRN,"Brunei Darussalam",1994,106239.232694338
BRN,"Brunei Darussalam",1993,107899.136339239
BRN,"Brunei Darussalam",1992,111457.220883519
BRN,"Brunei Darussalam",1991,118220.68359533
BRN,"Brunei Darussalam",1990,118163.68336994
BRN,"Brunei Darussalam",1989,
BRN,"Brunei Darussalam",1988,
BRN,"Brunei Darussalam",1987,
BRN,"Brunei Darussalam",1986,
BRN,"Brunei Darussalam",1985,
BRN,"Brunei Darussalam",1984,
BRN,"Brunei Darussalam",1983,
BRN,"Brunei Darussalam",1982,
BRN,"Brunei Darussalam",1981,
BRN,"Brunei Darussalam",1980,
BRN,"Brunei Darussalam",1979,
BRN,"Brunei Darussalam",1978,
BRN,"Brunei Darussalam",1977,
BRN,"Brunei Darussalam",1976,
BRN,"Brunei Darussalam",1975,
BRN,"Brunei Darussalam",1974,
BRN,"Brunei Darussalam",1973,
BRN,"Brunei Darussalam",1972,
BRN,"Brunei Darussalam",1971,
BRN,"Brunei Darussalam",1970,
BRN,"Brunei Darussalam",1969,
BRN,"Brunei Darussalam",1968,
BRN,"Brunei Darussalam",1967,
BRN,"Brunei Darussalam",1966,
BRN,"Brunei Darussalam",1965,
BRN,"Brunei Darussalam",1964,
BRN,"Brunei Darussalam",1963,
BRN,"Brunei Darussalam",1962,
BRN,"Brunei Darussalam",1961,
BRN,"Brunei Darussalam",1960,
BGR,"Bulgaria",2025,35325.5317883474
BGR,"Bulgaria",2024,34221.3866940362
BGR,"Bulgaria",2023,33073.6803093453
BGR,"Bulgaria",2022,32433.6587569626
BGR,"Bulgaria",2021,30958.9830238332
BGR,"Bulgaria",2020,28521.2062482596
BGR,"Bulgaria",2019,29149.921509976
BGR,"Bulgaria",2018,27690.893655005
BGR,"Bulgaria",2017,26691.758001902
BGR,"Bulgaria",2016,25636.7443903478
BGR,"Bulgaria",2015,24562.648880929
BGR,"Bulgaria",2014,23455.4830019277
BGR,"Bulgaria",2013,22954.396399855
BGR,"Bulgaria",2012,22618.8104278919
BGR,"Bulgaria",2011,22321.033168819
BGR,"Bulgaria",2010,21724.2863457596
BGR,"Bulgaria",2009,21251.2168646802
BGR,"Bulgaria",2008,21845.954719527
BGR,"Bulgaria",2007,20440.2525941501
BGR,"Bulgaria",2006,19024.543813813
BGR,"Bulgaria",2005,17678.0339712293
BGR,"Bulgaria",2004,16388.9600145841
BGR,"Bulgaria",2003,15271.4839489061
BGR,"Bulgaria",2002,14397.001318192
BGR,"Bulgaria",2001,13306.5044553959
BGR,"Bulgaria",2000,12563.8362285253
BGR,"Bulgaria",1999,11953.5983607318
BGR,"Bulgaria",1998,12976.2670026785
BGR,"Bulgaria",1997,12419.3797738056
BGR,"Bulgaria",1996,14372.7715114425
BGR,"Bulgaria",1995,13591.3431083214
BGR,"Bulgaria",1994,13149.3076944164
BGR,"Bulgaria",1993,12870.7386486833
BGR,"Bulgaria",1992,12960.3221276617
BGR,"Bulgaria",1991,13827.4797929492
BGR,"Bulgaria",1990,14954.1346607381
BGR,"Bulgaria",1989,
BGR,"Bulgaria",1988,
BGR,"Bulgaria",1987,
BGR,"Bulgaria",1986,
BGR,"Bulgaria",1985,
BGR,"Bulgaria",1984,
BGR,"Bulgaria",1983,
BGR,"Bulgaria",1982,
BGR,"Bulgaria",1981,
BGR,"Bulgaria",1980,
BGR,"Bulgaria",1979,
BGR,"Bulgaria",1978,
BGR,"Bulgaria",1977,
BGR,"Bulgaria",1976,
BGR,"Bulgaria",1975,
BGR,"Bulgaria",1974,
BGR,"Bulgaria",1973,
BGR,"Bulgaria",1972,
BGR,"Bulgaria",1971,
BGR,"Bulgaria",1970,
BGR,"Bulgaria",1969,
BGR,"Bulgaria",1968,
BGR,"Bulgaria",1967,
BGR,"Bulgaria",1966,
BGR,"Bulgaria",1965,
BGR,"Bulgaria",1964,
BGR,"Bulgaria",1963,
BGR,"Bulgaria",1962,
BGR,"Bulgaria",1961,
BGR,"Bulgaria",1960,
BFA,"Burkina Faso",2025,2624.82858270803
BFA,"Burkina Faso",2024,2548.50247702504
BFA,"Burkina Faso",2023,2486.20669812871
BFA,"Burkina Faso",2022,2469.19956941259
BFA,"Burkina Faso",2021,2486.43093147762
BFA,"Burkina Faso",2020,2380.93171826574
BFA,"Burkina Faso",2019,2391.53626844484
BFA,"Burkina Faso",2018,2316.39432079045
BFA,"Burkina Faso",2017,2232.28781490944
BFA,"Burkina Faso",2016,2162.72578977814
BFA,"Burkina Faso",2015,2101.70266192027
BFA,"Burkina Faso",2014,2083.19844698304
BFA,"Burkina Faso",2013,2057.0639319853
BFA,"Burkina Faso",2012,2003.6646118745
BFA,"Burkina Faso",2011,1939.86659989406
BFA,"Burkina Faso",2010,1873.97146230828
BFA,"Burkina Faso",2009,1779.32305627973
BFA,"Burkina Faso",2008,1779.32710911571
BFA,"Burkina Faso",2007,1731.93046335077
BFA,"Burkina Faso",2006,1714.76034904509
BFA,"Burkina Faso",2005,1664.99543180023
BFA,"Burkina Faso",2004,1581.25620933294
BFA,"Burkina Faso",2003,1561.83310184915
BFA,"Burkina Faso",2002,1494.67801269583
BFA,"Burkina Faso",2001,1477.28491846525
BFA,"Burkina Faso",2000,1428.57400617096
BFA,"Burkina Faso",1999,1444.56690170414
BFA,"Burkina Faso",1998,1385.09310679095
BFA,"Burkina Faso",1997,1326.94230829963
BFA,"Burkina Faso",1996,1280.69608533889
BFA,"Burkina Faso",1995,1183.52861008084
BFA,"Burkina Faso",1994,1148.60721370395
BFA,"Burkina Faso",1993,1162.64923453351
BFA,"Burkina Faso",1992,1152.04476095096
BFA,"Burkina Faso",1991,1178.07704639063
BFA,"Burkina Faso",1990,1107.85590454965
BFA,"Burkina Faso",1989,
BFA,"Burkina Faso",1988,
BFA,"Burkina Faso",1987,
BFA,"Burkina Faso",1986,
BFA,"Burkina Faso",1985,
BFA,"Burkina Faso",1984,
BFA,"Burkina Faso",1983,
BFA,"Burkina Faso",1982,
BFA,"Burkina Faso",1981,
BFA,"Burkina Faso",1980,
BFA,"Burkina Faso",1979,
BFA,"Burkina Faso",1978,
BFA,"Burkina Faso",1977,
BFA,"Burkina Faso",1976,
BFA,"Burkina Faso",1975,
BFA,"Burkina Faso",1974,
BFA,"Burkina Faso",1973,
BFA,"Burkina Faso",1972,
BFA,"Burkina Faso",1971,
BFA,"Burkina Faso",1970,
BFA,"Burkina Faso",1969,
BFA,"Burkina Faso",1968,
BFA,"Burkina Faso",1967,
BFA,"Burkina Faso",1966,
BFA,"Burkina Faso",1965,
BFA,"Burkina Faso",1964,
BFA,"Burkina Faso",1963,
BFA,"Burkina Faso",1962,
BFA,"Burkina Faso",1961,
BFA,"Burkina Faso",1960,
BDI,"Burundi",2025,1066.51299240586
BDI,"Burundi",2024,1048.05557098193
BDI,"Burundi",2023,1033.00937341776
BDI,"Burundi",2022,1028.11134640179
BDI,"Burundi",2021,1032.38274081999
BDI,"Burundi",2020,1027.62896276744
BDI,"Burundi",2019,1054.72592734898
BDI,"Burundi",2018,1043.40558434036
BDI,"Burundi",2017,1020.8498275719
BDI,"Burundi",2016,1006.55907385999
BDI,"Burundi",2015,992.28580552029
BDI,"Burundi",2014,1019.17607398667
BDI,"Burundi",2013,1011.43131303134
BDI,"Burundi",2012,999.220068163159
BDI,"Burundi",2011,991.659881666872
BDI,"Burundi",2010,988.018678716302
BDI,"Burundi",2009,985.184772509514
BDI,"Burundi",2008,998.565055501985
BDI,"Burundi",2007,991.931411319069
BDI,"Burundi",2006,995.027813698961
BDI,"Burundi",2005,978.5419608465
BDI,"Burundi",2004,1006.51241783279
BDI,"Burundi",2003,996.569433908385
BDI,"Burundi",2002,1041.29719140875
BDI,"Burundi",2001,1025.48374929263
BDI,"Burundi",2000,1030.32234706616
BDI,"Burundi",1999,1061.04411459842
BDI,"Burundi",1998,1097.86451761348
BDI,"Burundi",1997,1068.29382590126
BDI,"Burundi",1996,1085.47116215302
BDI,"Burundi",1995,1180.67488724146
BDI,"Burundi",1994,1361.32213320803
BDI,"Burundi",1993,1424.76600804187
BDI,"Burundi",1992,1472.49317307891
BDI,"Burundi",1991,1497.26901418268
BDI,"Burundi",1990,1455.82622509445
BDI,"Burundi",1989,
BDI,"Burundi",1988,
BDI,"Burundi",1987,
BDI,"Burundi",1986,
BDI,"Burundi",1985,
BDI,"Burundi",1984,
BDI,"Burundi",1983,
BDI,"Burundi",1982,
BDI,"Burundi",1981,
BDI,"Burundi",1980,
BDI,"Burundi",1979,
BDI,"Burundi",1978,
BDI,"Burundi",1977,
BDI,"Burundi",1976,
BDI,"Burundi",1975,
BDI,"Burundi",1974,
BDI,"Burundi",1973,
BDI,"Burundi",1972,
BDI,"Burundi",1971,
BDI,"Burundi",1970,
BDI,"Burundi",1969,
BDI,"Burundi",1968,
BDI,"Burundi",1967,
BDI,"Burundi",1966,
BDI,"Burundi",1965,
BDI,"Burundi",1964,
BDI,"Burundi",1963,
BDI,"Burundi",1962,
BDI,"Burundi",1961,
BDI,"Burundi",1960,
CPV,"Cabo Verde",2025,10395.7415044012
CPV,"Cabo Verde",2024,9825.53410093619
CPV,"Cabo Verde",2023,9228.4604533114
CPV,"Cabo Verde",2022,8850.1066918812
CPV,"Cabo Verde",2021,7685.41921393669
CPV,"Cabo Verde",2020,7207.86853962048
CPV,"Cabo Verde",2019,9111.62993173269
CPV,"Cabo Verde",2018,8531.12961646549
CPV,"Cabo Verde",2017,8234.56000312459
CPV,"Cabo Verde",2016,7881.30336227784
CPV,"Cabo Verde",2015,7560.13649202469
CPV,"Cabo Verde",2014,7491.02198228243
CPV,"Cabo Verde",2013,7440.66242650114
CPV,"Cabo Verde",2012,7397.82220702474
CPV,"Cabo Verde",2011,7325.78441834692
CPV,"Cabo Verde",2010,7072.12150207342
CPV,"Cabo Verde",2009,6994.5740991365
CPV,"Cabo Verde",2008,7169.13944155367
CPV,"Cabo Verde",2007,6767.40677380347
CPV,"Cabo Verde",2006,5941.38218091511
CPV,"Cabo Verde",2005,5565.76951208069
CPV,"Cabo Verde",2004,5268.30312485708
CPV,"Cabo Verde",2003,4841.265398715
CPV,"Cabo Verde",2002,4710.2410491228
CPV,"Cabo Verde",2001,4540.90731780518
CPV,"Cabo Verde",2000,4510.13573659758
CPV,"Cabo Verde",1999,4006.47964718799
CPV,"Cabo Verde",1998,3657.38118993776
CPV,"Cabo Verde",1997,3302.9740337536
CPV,"Cabo Verde",1996,3022.88825211585
CPV,"Cabo Verde",1995,2763.39733371857
CPV,"Cabo Verde",1994,2465.9939315017
CPV,"Cabo Verde",1993,2111.62140814748
CPV,"Cabo Verde",1992,1984.68062998835
CPV,"Cabo Verde",1991,1830.07599656211
CPV,"Cabo Verde",1990,1848.75865235574
CPV,"Cabo Verde",1989,
CPV,"Cabo Verde",1988,
CPV,"Cabo Verde",1987,
CPV,"Cabo Verde",1986,
CPV,"Cabo Verde",1985,
CPV,"Cabo Verde",1984,
CPV,"Cabo Verde",1983,
CPV,"Cabo Verde",1982,
CPV,"Cabo Verde",1981,
CPV,"Cabo Verde",1980,
CPV,"Cabo Verde",1979,
CPV,"Cabo Verde",1978,
CPV,"Cabo Verde",1977,
CPV,"Cabo Verde",1976,
CPV,"Cabo Verde",1975,
CPV,"Cabo Verde",1974,
CPV,"Cabo Verde",1973,
CPV,"Cabo Verde",1972,
CPV,"Cabo Verde",1971,
CPV,"Cabo Verde",1970,
CPV,"Cabo Verde",1969,
CPV,"Cabo Verde",1968,
CPV,"Cabo Verde",1967,
CPV,"Cabo Verde",1966,
CPV,"Cabo Verde",1965,
CPV,"Cabo Verde",1964,
CPV,"Cabo Verde",1963,
CPV,"Cabo Verde",1962,
CPV,"Cabo Verde",1961,
CPV,"Cabo Verde",1960,
KHM,"Cambodia",2025,7300.08078250634
KHM,"Cambodia",2024,7011.58146903703
KHM,"Cambodia",2023,6695.29194763723
KHM,"Cambodia",2022,6458.3681488084
KHM,"Cambodia",2021,6225.53265474741
KHM,"Cambodia",2020,6128.78243783335
KHM,"Cambodia",2019,6448.88455952805
KHM,"Cambodia",2018,6050.59088262205
KHM,"Cambodia",2017,5632.03125629342
KHM,"Cambodia",2016,5283.72964943779
KHM,"Cambodia",2015,4968.57276699143
KHM,"Cambodia",2014,4702.73061823207
KHM,"Cambodia",2013,4419.3988680186
KHM,"Cambodia",2012,4159.16354123446
KHM,"Cambodia",2011,3921.97911563308
KHM,"Cambodia",2010,3711.53750580157
KHM,"Cambodia",2009,3587.60889588362
KHM,"Cambodia",2008,3501.9257021932
KHM,"Cambodia",2007,3308.15747246544
KHM,"Cambodia",2006,3041.10471220153
KHM,"Cambodia",2005,2781.89028895255
KHM,"Cambodia",2004,2491.30930003838
KHM,"Cambodia",2003,2309.83931482788
KHM,"Cambodia",2002,2126.34150468987
KHM,"Cambodia",2001,2032.08092022373
KHM,"Cambodia",2000,1922.03179092592
KHM,"Cambodia",1999,1775.41239802043
KHM,"Cambodia",1998,1602.38371208931
KHM,"Cambodia",1997,1595.17130656935
KHM,"Cambodia",1996,1643.01579058314
KHM,"Cambodia",1995,1672.73928514136
KHM,"Cambodia",1994,1650.39100001816
KHM,"Cambodia",1993,2714.59150059884
KHM,"Cambodia",1992,2769.4882552665
KHM,"Cambodia",1991,2731.37973720314
KHM,"Cambodia",1990,2646.09798836687
KHM,"Cambodia",1989,
KHM,"Cambodia",1988,
KHM,"Cambodia",1987,
KHM,"Cambodia",1986,
KHM,"Cambodia",1985,
KHM,"Cambodia",1984,
KHM,"Cambodia",1983,
KHM,"Cambodia",1982,
KHM,"Cambodia",1981,
KHM,"Cambodia",1980,
KHM,"Cambodia",1979,
KHM,"Cambodia",1978,
KHM,"Cambodia",1977,
KHM,"Cambodia",1976,
KHM,"Cambodia",1975,
KHM,"Cambodia",1974,
KHM,"Cambodia",1973,
KHM,"Cambodia",1972,
KHM,"Cambodia",1971,
KHM,"Cambodia",1970,
KHM,"Cambodia",1969,
KHM,"Cambodia",1968,
KHM,"Cambodia",1967,
KHM,"Cambodia",1966,
KHM,"Cambodia",1965,
KHM,"Cambodia",1964,
KHM,"Cambodia",1963,
KHM,"Cambodia",1962,
KHM,"Cambodia",1961,
KHM,"Cambodia",1960,
CMR,"Cameroon",2025,4945.95640965334
CMR,"Cameroon",2024,4916.93354019494
CMR,"Cameroon",2023,4875.25120768005
CMR,"Cameroon",2022,4843.65038202917
CMR,"Cameroon",2021,4793.55628200196
CMR,"Cameroon",2020,4763.48194388066
CMR,"Cameroon",2019,4882.35560028896
CMR,"Cameroon",2018,4851.48003949961
CMR,"Cameroon",2017,4797.97544185544
CMR,"Cameroon",2016,4767.13186148953
CMR,"Cameroon",2015,4698.66677843587
CMR,"Cameroon",2014,4588.4864949903
CMR,"Cameroon",2013,4473.57231896434
CMR,"Cameroon",2012,4382.11120797355
CMR,"Cameroon",2011,4307.85195558527
CMR,"Cameroon",2010,4286.58302947378
CMR,"Cameroon",2009,4286.57718166156
CMR,"Cameroon",2008,4300.26640352464
CMR,"Cameroon",2007,4302.6192630847
CMR,"Cameroon",2006,4241.51744722821
CMR,"Cameroon",2005,4199.72270969362
CMR,"Cameroon",2004,4222.96638689885
CMR,"Cameroon",2003,4054.78133246517
CMR,"Cameroon",2002,3951.41936232132
CMR,"Cameroon",2001,3884.87304812714
CMR,"Cameroon",2000,3822.94425358926
CMR,"Cameroon",1999,3780.06217282191
CMR,"Cameroon",1998,3714.13212604236
CMR,"Cameroon",1997,3641.70750463277
CMR,"Cameroon",1996,3577.59204137871
CMR,"Cameroon",1995,3526.54367510339
CMR,"Cameroon",1994,3522.74885285749
CMR,"Cameroon",1993,3556.31854424592
CMR,"Cameroon",1992,3974.27759501196
CMR,"Cameroon",1991,4220.65297387084
CMR,"Cameroon",1990,4517.61887779618
CMR,"Cameroon",1989,
CMR,"Cameroon",1988,
CMR,"Cameroon",1987,
CMR,"Cameroon",1986,
CMR,"Cameroon",1985,
CMR,"Cameroon",1984,
CMR,"Cameroon",1983,
CMR,"Cameroon",1982,
CMR,"Cameroon",1981,
CMR,"Cameroon",1980,
CMR,"Cameroon",1979,
CMR,"Cameroon",1978,
CMR,"Cameroon",1977,
CMR,"Cameroon",1976,
CMR,"Cameroon",1975,
CMR,"Cameroon",1974,
CMR,"Cameroon",1973,
CMR,"Cameroon",1972,
CMR,"Cameroon",1971,
CMR,"Cameroon",1970,
CMR,"Cameroon",1969,
CMR,"Cameroon",1968,
CMR,"Cameroon",1967,
CMR,"Cameroon",1966,
CMR,"Cameroon",1965,
CMR,"Cameroon",1964,
CMR,"Cameroon",1963,
CMR,"Cameroon",1962,
CMR,"Cameroon",1961,
CMR,"Cameroon",1960,
CAN,"Canada",2025,57989.5784653558
CAN,"Canada",2024,57534.0915185335
CAN,"Canada",2023,58088.3778077995
CAN,"Canada",2022,58583.1299860138
CAN,"Canada",2021,56995.0952020711
CAN,"Canada",2020,54092.8576890836
CAN,"Canada",2019,57583.8230739204
CAN,"Canada",2018,57337.4682870033
CAN,"Canada",2017,56612.3062191777
CAN,"Canada",2016,55606.1329948184
CAN,"Canada",2015,55660.8455840759
CAN,"Canada",2014,55723.4615652506
CAN,"Canada",2013,54712.1568593677
CAN,"Canada",2012,54034.7821680318
CAN,"Canada",2011,53681.1084809345
CAN,"Canada",2010,52558.4200617806
CAN,"Canada",2009,51552.4020321975
CAN,"Canada",2008,53711.6580329654
CAN,"Canada",2007,53761.8407991685
CAN,"Canada",2006,53195.7608573851
CAN,"Canada",2005,52356.5371486354
CAN,"Canada",2004,51210.6593966138
CAN,"Canada",2003,50139.7664579994
CAN,"Canada",2002,49694.9870914363
CAN,"Canada",2001,48774.1483226516
CAN,"Canada",2000,48399.2864445547
CAN,"Canada",1999,46464.5274488374
CAN,"Canada",1998,44553.2651715658
CAN,"Canada",1997,43241.2236471729
CAN,"Canada",1996,41880.535589577
CAN,"Canada",1995,41617.706919569
CAN,"Canada",1994,40952.1197737093
CAN,"Canada",1993,39622.4634110923
CAN,"Canada",1992,39023.1668132004
CAN,"Canada",1991,39139.2968301857
CAN,"Canada",1990,40475.096436631
CAN,"Canada",1989,
CAN,"Canada",1988,
CAN,"Canada",1987,
CAN,"Canada",1986,
CAN,"Canada",1985,
CAN,"Canada",1984,
CAN,"Canada",1983,
CAN,"Canada",1982,
CAN,"Canada",1981,
CAN,"Canada",1980,
CAN,"Canada",1979,
CAN,"Canada",1978,
CAN,"Canada",1977,
CAN,"Canada",1976,
CAN,"Canada",1975,
CAN,"Canada",1974,
CAN,"Canada",1973,
CAN,"Canada",1972,
CAN,"Canada",1971,
CAN,"Canada",1970,
CAN,"Canada",1969,
CAN,"Canada",1968,
CAN,"Canada",1967,
CAN,"Canada",1966,
CAN,"Canada",1965,
CAN,"Canada",1964,
CAN,"Canada",1963,
CAN,"Canada",1962,
CAN,"Canada",1961,
CAN,"Canada",1960,
CYM,"Cayman Islands",2025,
CYM,"Cayman Islands",2024,80996.6506641666
CYM,"Cayman Islands",2023,79580.8872845653
CYM,"Cayman Islands",2022,76735.3744333338
CYM,"Cayman Islands",2021,74160.4914000191
CYM,"Cayman Islands",2020,72183.1359045895
CYM,"Cayman Islands",2019,77476.8409913609
CYM,"Cayman Islands",2018,76124.5505976249
CYM,"Cayman Islands",2017,74599.6799559357
CYM,"Cayman Islands",2016,73941.8592413192
CYM,"Cayman Islands",2015,73315.3845299162
CYM,"Cayman Islands",2014,73051.811230324
CYM,"Cayman Islands",2013,72988.7063433775
CYM,"Cayman Islands",2012,73982.6781335848
CYM,"Cayman Islands",2011,75094.8312990407
CYM,"Cayman Islands",2010,76294.7650038522
CYM,"Cayman Islands",2009,80631.8442229627
CYM,"Cayman Islands",2008,89380.1507450505
CYM,"Cayman Islands",2007,92343.7250815203
CYM,"Cayman Islands",2006,92213.0760037266
CYM,"Cayman Islands",2005,
CYM,"Cayman Islands",2004,
CYM,"Cayman Islands",2003,
CYM,"Cayman Islands",2002,
CYM,"Cayman Islands",2001,
CYM,"Cayman Islands",2000,
CYM,"Cayman Islands",1999,
CYM,"Cayman Islands",1998,
CYM,"Cayman Islands",1997,
CYM,"Cayman Islands",1996,
CYM,"Cayman Islands",1995,
CYM,"Cayman Islands",1994,
CYM,"Cayman Islands",1993,
CYM,"Cayman Islands",1992,
CYM,"Cayman Islands",1991,
CYM,"Cayman Islands",1990,
CYM,"Cayman Islands",1989,
CYM,"Cayman Islands",1988,
CYM,"Cayman Islands",1987,
CYM,"Cayman Islands",1986,
CYM,"Cayman Islands",1985,
CYM,"Cayman Islands",1984,
CYM,"Cayman Islands",1983,
CYM,"Cayman Islands",1982,
CYM,"Cayman Islands",1981,
CYM,"Cayman Islands",1980,
CYM,"Cayman Islands",1979,
CYM,"Cayman Islands",1978,
CYM,"Cayman Islands",1977,
CYM,"Cayman Islands",1976,
CYM,"Cayman Islands",1975,
CYM,"Cayman Islands",1974,
CYM,"Cayman Islands",1973,
CYM,"Cayman Islands",1972,
CYM,"Cayman Islands",1971,
CYM,"Cayman Islands",1970,
CYM,"Cayman Islands",1969,
CYM,"Cayman Islands",1968,
CYM,"Cayman Islands",1967,
CYM,"Cayman Islands",1966,
CYM,"Cayman Islands",1965,
CYM,"Cayman Islands",1964,
CYM,"Cayman Islands",1963,
CYM,"Cayman Islands",1962,
CYM,"Cayman Islands",1961,
CYM,"Cayman Islands",1960,
CAF,"Central African Republic",2025,1122.76083348097
CAF,"Central African Republic",2024,1111.21941638883
CAF,"Central African Republic",2023,1132.67643369804
CAF,"Central African Republic",2022,1136.80171107045
CAF,"Central African Republic",2021,1128.55237996459
CAF,"Central African Republic",2020,1136.57052993758
CAF,"Central African Republic",2019,1145.09563657752
CAF,"Central African Republic",2018,1125.70091748228
CAF,"Central African Republic",2017,1103.86609318724
CAF,"Central African Republic",2016,1073.94477703739
CAF,"Central African Republic",2015,1043.92171697157
CAF,"Central African Republic",2014,1001.85598053496
CAF,"Central African Republic",2013,996.896355923912
CAF,"Central African Republic",2012,1577.98053252253
CAF,"Central African Republic",2011,1517.14839091011
CAF,"Central African Republic",2010,1479.41367757692
CAF,"Central African Republic",2009,1402.68164770801
CAF,"Central African Republic",2008,1283.2728263106
CAF,"Central African Republic",2007,1284.55283590666
CAF,"Central African Republic",2006,1251.87082171335
CAF,"Central African Republic",2005,1219.5939445674
CAF,"Central African Republic",2004,1236.28534712166
CAF,"Central African Republic",2003,1191.8731520062
CAF,"Central African Republic",2002,1290.38314917126
CAF,"Central African Republic",2001,1272.85710758505
CAF,"Central African Republic",2000,1245.81399563599
CAF,"Central African Republic",1999,1313.23570902088
CAF,"Central African Republic",1998,1302.75142830782
CAF,"Central African Republic",1997,1278.48826062781
CAF,"Central African Republic",1996,1247.9687525828
CAF,"Central African Republic",1995,1334.10322981784
CAF,"Central African Republic",1994,1278.91509145063
CAF,"Central African Republic",1993,1257.8284033824
CAF,"Central African Republic",1992,1294.20254725767
CAF,"Central African Republic",1991,1427.69018313539
CAF,"Central African Republic",1990,1481.25255094258
CAF,"Central African Republic",1989,
CAF,"Central African Republic",1988,
CAF,"Central African Republic",1987,
CAF,"Central African Republic",1986,
CAF,"Central African Republic",1985,
CAF,"Central African Republic",1984,
CAF,"Central African Republic",1983,
CAF,"Central African Republic",1982,
CAF,"Central African Republic",1981,
CAF,"Central African Republic",1980,
CAF,"Central African Republic",1979,
CAF,"Central African Republic",1978,
CAF,"Central African Republic",1977,
CAF,"Central African Republic",1976,
CAF,"Central African Republic",1975,
CAF,"Central African Republic",1974,
CAF,"Central African Republic",1973,
CAF,"Central African Republic",1972,
CAF,"Central African Republic",1971,
CAF,"Central African Republic",1970,
CAF,"Central African Republic",1969,
CAF,"Central African Republic",1968,
CAF,"Central African Republic",1967,
CAF,"Central African Republic",1966,
CAF,"Central African Republic",1965,
CAF,"Central African Republic",1964,
CAF,"Central African Republic",1963,
CAF,"Central African Republic",1962,
CAF,"Central African Republic",1961,
CAF,"Central African Republic",1960,
TCD,"Chad",2025,2480.50962500924
TCD,"Chad",2024,2430.73298355271
TCD,"Chad",2023,2433.53330962707
TCD,"Chad",2022,2449.48251052296
TCD,"Chad",2021,2435.07274651099
TCD,"Chad",2020,2513.02922729305
TCD,"Chad",2019,2604.53153661789
TCD,"Chad",2018,2552.37036387707
TCD,"Chad",2017,2496.26213643158
TCD,"Chad",2016,2622.59780844501
TCD,"Chad",2015,2822.57929900014
TCD,"Chad",2014,2820.67795066663
TCD,"Chad",2013,2864.11301407361
TCD,"Chad",2012,2886.27474563619
TCD,"Chad",2011,2741.0708339941
TCD,"Chad",2010,2717.40540181819
TCD,"Chad",2009,2474.70758352529
TCD,"Chad",2008,2601.36125803883
TCD,"Chad",2007,2613.47387385767
TCD,"Chad",2006,2596.03235455456
TCD,"Chad",2005,2705.81650832729
TCD,"Chad",2004,2400.97004978207
TCD,"Chad",2003,1878.58578618822
TCD,"Chad",2002,1704.2729514734
TCD,"Chad",2001,1626.56683128523
TCD,"Chad",2000,1506.7157720422
TCD,"Chad",1999,1573.58531388243
TCD,"Chad",1998,1641.05715330822
TCD,"Chad",1997,1588.09860417129
TCD,"Chad",1996,1555.91392490883
TCD,"Chad",1995,1591.14154055224
TCD,"Chad",1994,1642.51653215853
TCD,"Chad",1993,1526.05432531318
TCD,"Chad",1992,1853.67667632384
TCD,"Chad",1991,1790.73791101488
TCD,"Chad",1990,1711.36988441453
TCD,"Chad",1989,
TCD,"Chad",1988,
TCD,"Chad",1987,
TCD,"Chad",1986,
TCD,"Chad",1985,
TCD,"Chad",1984,
TCD,"Chad",1983,
TCD,"Chad",1982,
TCD,"Chad",1981,
TCD,"Chad",1980,
TCD,"Chad",1979,
TCD,"Chad",1978,
TCD,"Chad",1977,
TCD,"Chad",1976,
TCD,"Chad",1975,
TCD,"Chad",1974,
TCD,"Chad",1973,
TCD,"Chad",1972,
TCD,"Chad",1971,
TCD,"Chad",1970,
TCD,"Chad",1969,
TCD,"Chad",1968,
TCD,"Chad",1967,
TCD,"Chad",1966,
TCD,"Chad",1965,
TCD,"Chad",1964,
TCD,"Chad",1963,
TCD,"Chad",1962,
TCD,"Chad",1961,
TCD,"Chad",1960,
CHI,"Channel Islands",2025,
CHI,"Channel Islands",2024,
CHI,"Channel Islands",2023,
CHI,"Channel Islands",2022,
CHI,"Channel Islands",2021,
CHI,"Channel Islands",2020,
CHI,"Channel Islands",2019,
CHI,"Channel Islands",2018,
CHI,"Channel Islands",2017,
CHI,"Channel Islands",2016,
CHI,"Channel Islands",2015,
CHI,"Channel Islands",2014,
CHI,"Channel Islands",2013,
CHI,"Channel Islands",2012,
CHI,"Channel Islands",2011,
CHI,"Channel Islands",2010,
CHI,"Channel Islands",2009,
CHI,"Channel Islands",2008,
CHI,"Channel Islands",2007,
CHI,"Channel Islands",2006,
CHI,"Channel Islands",2005,
CHI,"Channel Islands",2004,
CHI,"Channel Islands",2003,
CHI,"Channel Islands",2002,
CHI,"Channel Islands",2001,
CHI,"Channel Islands",2000,
CHI,"Channel Islands",1999,
CHI,"Channel Islands",1998,
CHI,"Channel Islands",1997,
CHI,"Channel Islands",1996,
CHI,"Channel Islands",1995,
CHI,"Channel Islands",1994,
CHI,"Channel Islands",1993,
CHI,"Channel Islands",1992,
CHI,"Channel Islands",1991,
CHI,"Channel Islands",1990,
CHI,"Channel Islands",1989,
CHI,"Channel Islands",1988,
CHI,"Channel Islands",1987,
CHI,"Channel Islands",1986,
CHI,"Channel Islands",1985,
CHI,"Channel Islands",1984,
CHI,"Channel Islands",1983,
CHI,"Channel Islands",1982,
CHI,"Channel Islands",1981,
CHI,"Channel Islands",1980,
CHI,"Channel Islands",1979,
CHI,"Channel Islands",1978,
CHI,"Channel Islands",1977,
CHI,"Channel Islands",1976,
CHI,"Channel Islands",1975,
CHI,"Channel Islands",1974,
CHI,"Channel Islands",1973,
CHI,"Channel Islands",1972,
CHI,"Channel Islands",1971,
CHI,"Channel Islands",1970,
CHI,"Channel Islands",1969,
CHI,"Channel Islands",1968,
CHI,"Channel Islands",1967,
CHI,"Channel Islands",1966,
CHI,"Channel Islands",1965,
CHI,"Channel Islands",1964,
CHI,"Channel Islands",1963,
CHI,"Channel Islands",1962,
CHI,"Channel Islands",1961,
CHI,"Channel Islands",1960,
CHL,"Chile",2025,30863.4223155169
CHL,"Chile",2024,30267.6440919907
CHL,"Chile",2023,29600.4188613168
CHL,"Chile",2022,29560.4513805785
CHL,"Chile",2021,29106.6356522053
CHL,"Chile",2020,26258.4038553242
CHL,"Chile",2019,28227.9790507594
CHL,"Chile",2018,28499.4064000406
CHL,"Chile",2017,27899.5979777012
CHL,"Chile",2016,27965.3473526831
CHL,"Chile",2015,27817.9584848024
CHL,"Chile",2014,27511.5610030404
CHL,"Chile",2013,27297.8185145366
CHL,"Chile",2012,26676.8110154019
CHL,"Chile",2011,25372.2741480772
CHL,"Chile",2010,24122.4787924386
CHL,"Chile",2009,23019.0299454094
CHL,"Chile",2008,23515.3473178269
CHL,"Chile",2007,22884.2997108846
CHL,"Chile",2006,21973.7382914389
CHL,"Chile",2005,20923.479756183
CHL,"Chile",2004,19966.7093106095
CHL,"Chile",2003,18907.3458745755
CHL,"Chile",2002,18244.5196827315
CHL,"Chile",2001,17874.5313866938
CHL,"Chile",2000,17529.4205997692
CHL,"Chile",1999,16900.1244018472
CHL,"Chile",1998,17161.0335564475
CHL,"Chile",1997,16687.855593506
CHL,"Chile",1996,15748.4653555533
CHL,"Chile",1995,14911.5640742268
CHL,"Chile",1994,13849.6261008096
CHL,"Chile",1993,13380.4722185057
CHL,"Chile",1992,12738.6163157023
CHL,"Chile",1991,11610.2783301649
CHL,"Chile",1990,10955.2486481454
CHL,"Chile",1989,
CHL,"Chile",1988,
CHL,"Chile",1987,
CHL,"Chile",1986,
CHL,"Chile",1985,
CHL,"Chile",1984,
CHL,"Chile",1983,
CHL,"Chile",1982,
CHL,"Chile",1981,
CHL,"Chile",1980,
CHL,"Chile",1979,
CHL,"Chile",1978,
CHL,"Chile",1977,
CHL,"Chile",1976,
CHL,"Chile",1975,
CHL,"Chile",1974,
CHL,"Chile",1973,
CHL,"Chile",1972,
CHL,"Chile",1971,
CHL,"Chile",1970,
CHL,"Chile",1969,
CHL,"Chile",1968,
CHL,"Chile",1967,
CHL,"Chile",1966,
CHL,"Chile",1965,
CHL,"Chile",1964,
CHL,"Chile",1963,
CHL,"Chile",1962,
CHL,"Chile",1961,
CHL,"Chile",1960,
CHN,"China",2025,25066.5215296486
CHN,"China",2024,23841.4769141817
CHN,"China",2023,22687.2519534328
CHN,"China",2022,21499.3125559757
CHN,"China",2021,20843.2978347377
CHN,"China",2020,19215.1012491012
CHN,"China",2019,18820.5871645645
CHN,"China",2018,17807.0490552244
CHN,"China",2017,16758.0463976858
CHN,"China",2016,15772.8372607502
CHN,"China",2015,14857.1088234405
CHN,"China",2014,13968.5187785922
CHN,"China",2013,13080.8787864744
CHN,"China",2012,12217.9343813101
CHN,"China",2011,11404.9179835542
CHN,"China",2010,10476.1525652407
CHN,"China",2009,9518.68128351945
CHN,"China",2008,8743.7020031299
CHN,"China",2007,8013.78375739131
CHN,"China",2006,7057.11131595304
CHN,"China",2005,6298.29929808598
CHN,"China",2004,5684.3881718733
CHN,"China",2003,5191.78118308167
CHN,"China",2002,4744.38182475307
CHN,"China",2001,4372.43560608339
CHN,"China",2000,4065.86707804429
CHN,"China",1999,3774.42758274469
CHN,"China",1998,3533.69839702638
CHN,"China",1997,3305.83025665988
CHN,"China",1996,3055.72827655781
CHN,"China",1995,2807.88647301744
CHN,"China",1994,2556.90688386013
CHN,"China",1993,2286.7956394875
CHN,"China",1992,2030.47126519674
CHN,"China",1991,1798.38257887629
CHN,"China",1990,1666.8141224419
CHN,"China",1989,
CHN,"China",1988,
CHN,"China",1987,
CHN,"China",1986,
CHN,"China",1985,
CHN,"China",1984,
CHN,"China",1983,
CHN,"China",1982,
CHN,"China",1981,
CHN,"China",1980,
CHN,"China",1979,
CHN,"China",1978,
CHN,"China",1977,
CHN,"China",1976,
CHN,"China",1975,
CHN,"China",1974,
CHN,"China",1973,
CHN,"China",1972,
CHN,"China",1971,
CHN,"China",1970,
CHN,"China",1969,
CHN,"China",1968,
CHN,"China",1967,
CHN,"China",1966,
CHN,"China",1965,
CHN,"China",1964,
CHN,"China",1963,
CHN,"China",1962,
CHN,"China",1961,
CHN,"China",1960,
COL,"Colombia",2025,18778.6482631901
COL,"Colombia",2024,18481.8374929368
COL,"Colombia",2023,18406.6242338491
COL,"Colombia",2022,18458.7209460704
COL,"Colombia",2021,17383.0901728295
COL,"Colombia",2020,15861.4999291295
COL,"Colombia",2019,17336.7716030551
COL,"Colombia",2018,17104.1313545678
COL,"Colombia",2017,16986.0334182842
COL,"Colombia",2016,17003.244366485
COL,"Colombia",2015,16821.3801400631
COL,"Colombia",2014,16480.3631474161
COL,"Colombia",2013,15912.2471293239
COL,"Colombia",2012,15279.4790008058
COL,"Colombia",2011,14852.3699513061
COL,"Colombia",2010,14037.0642668639
COL,"Colombia",2009,13586.7518430982
COL,"Colombia",2008,13591.0609028567
COL,"Colombia",2007,13318.3033138168
COL,"Colombia",2006,12636.6246577724
COL,"Colombia",2005,11999.2549591305
COL,"Colombia",2004,11607.9384935105
COL,"Colombia",2003,11183.2911819793
COL,"Colombia",2002,10925.1485602082
COL,"Colombia",2001,10823.4504878807
COL,"Colombia",2000,10813.4942250011
COL,"Colombia",1999,10679.7092686089
COL,"Colombia",1998,11343.8799115733
COL,"Colombia",1997,11483.5050125907
COL,"Colombia",1996,11303.1308859186
COL,"Colombia",1995,11279.0004579347
COL,"Colombia",1994,10927.9389491607
COL,"Colombia",1993,10533.1149561734
COL,"Colombia",1992,10196.4329707468
COL,"Colombia",1991,9996.0978604328
COL,"Colombia",1990,9998.81069684463
COL,"Colombia",1989,
COL,"Colombia",1988,
COL,"Colombia",1987,
COL,"Colombia",1986,
COL,"Colombia",1985,
COL,"Colombia",1984,
COL,"Colombia",1983,
COL,"Colombia",1982,
COL,"Colombia",1981,
COL,"Colombia",1980,
COL,"Colombia",1979,
COL,"Colombia",1978,
COL,"Colombia",1977,
COL,"Colombia",1976,
COL,"Colombia",1975,
COL,"Colombia",1974,
COL,"Colombia",1973,
COL,"Colombia",1972,
COL,"Colombia",1971,
COL,"Colombia",1970,
COL,"Colombia",1969,
COL,"Colombia",1968,
COL,"Colombia",1967,
COL,"Colombia",1966,
COL,"Colombia",1965,
COL,"Colombia",1964,
COL,"Colombia",1963,
COL,"Colombia",1962,
COL,"Colombia",1961,
COL,"Colombia",1960,
COM,"Comoros",2025,3621.76626304343
COM,"Comoros",2024,3556.0384263801
COM,"Comoros",2023,3508.15862331545
COM,"Comoros",2022,3465.8402271705
COM,"Comoros",2021,3449.0435745318
COM,"Comoros",2020,3447.47274904772
COM,"Comoros",2019,3522.66866952646
COM,"Comoros",2018,3528.95868167877
COM,"Comoros",2017,3472.07858942366
COM,"Comoros",2016,3411.77123523582
COM,"Comoros",2015,3370.5557232032
COM,"Comoros",2014,3403.41291459985
COM,"Comoros",2013,3406.49918649378
COM,"Comoros",2012,3330.52446059187
COM,"Comoros",2011,3293.83407668409
COM,"Comoros",2010,3226.63502045267
COM,"Comoros",2009,3171.6035546392
COM,"Comoros",2008,3133.75034704474
COM,"Comoros",2007,3074.7346796054
COM,"Comoros",2006,3111.62570879692
COM,"Comoros",2005,3231.72506154387
COM,"Comoros",2004,3121.51677555024
COM,"Comoros",2003,3085.59675447872
COM,"Comoros",2002,3085.93814937142
COM,"Comoros",2001,3013.38883096315
COM,"Comoros",2000,2917.87154106634
COM,"Comoros",1999,3004.69061726748
COM,"Comoros",1998,2978.37124465978
COM,"Comoros",1997,3029.34647330307
COM,"Comoros",1996,2951.78312614747
COM,"Comoros",1995,3018.45798673853
COM,"Comoros",1994,2907.42227508174
COM,"Comoros",1993,3082.2224161285
COM,"Comoros",1992,3061.03259257515
COM,"Comoros",1991,2911.0534990739
COM,"Comoros",1990,3178.85476893274
COM,"Comoros",1989,
COM,"Comoros",1988,
COM,"Comoros",1987,
COM,"Comoros",1986,
COM,"Comoros",1985,
COM,"Comoros",1984,
COM,"Comoros",1983,
COM,"Comoros",1982,
COM,"Comoros",1981,
COM,"Comoros",1980,
COM,"Comoros",1979,
COM,"Comoros",1978,
COM,"Comoros",1977,
COM,"Comoros",1976,
COM,"Comoros",1975,
COM,"Comoros",1974,
COM,"Comoros",1973,
COM,"Comoros",1972,
COM,"Comoros",1971,
COM,"Comoros",1970,
COM,"Comoros",1969,
COM,"Comoros",1968,
COM,"Comoros",1967,
COM,"Comoros",1966,
COM,"Comoros",1965,
COM,"Comoros",1964,
COM,"Comoros",1963,
COM,"Comoros",1962,
COM,"Comoros",1961,
COM,"Comoros",1960,
COD,"Congo, Dem. Rep.",2025,1640.56621824278
COD,"Congo, Dem. Rep.",2024,1601.70926640422
COD,"Congo, Dem. Rep.",2023,1559.33806475859
COD,"Congo, Dem. Rep.",2022,1484.33841881449
COD,"Congo, Dem. Rep.",2021,1402.38560295221
COD,"Congo, Dem. Rep.",2020,1361.02791099008
COD,"Congo, Dem. Rep.",2019,1394.76461472893
COD,"Congo, Dem. Rep.",2018,1431.7285269693
COD,"Congo, Dem. Rep.",2017,1395.71961761712
COD,"Congo, Dem. Rep.",2016,1388.80163211633
COD,"Congo, Dem. Rep.",2015,1433.21579814709
COD,"Congo, Dem. Rep.",2014,1392.75841334673
COD,"Congo, Dem. Rep.",2013,1342.74156112016
COD,"Congo, Dem. Rep.",2012,1182.14074588327
COD,"Congo, Dem. Rep.",2011,1124.7720535769
COD,"Congo, Dem. Rep.",2010,1166.98306581442
COD,"Congo, Dem. Rep.",2009,1109.18311674431
COD,"Congo, Dem. Rep.",2008,1137.84087315488
COD,"Congo, Dem. Rep.",2007,1091.54081233234
COD,"Congo, Dem. Rep.",2006,1036.13329616563
COD,"Congo, Dem. Rep.",2005,1016.6338907666
COD,"Congo, Dem. Rep.",2004,987.746920881562
COD,"Congo, Dem. Rep.",2003,953.044643242042
COD,"Congo, Dem. Rep.",2002,929.452807088884
COD,"Congo, Dem. Rep.",2001,930.85782608082
COD,"Congo, Dem. Rep.",2000,981.422080027189
COD,"Congo, Dem. Rep.",1999,1088.65043726176
COD,"Congo, Dem. Rep.",1998,1176.05049796639
COD,"Congo, Dem. Rep.",1997,1228.39076846395
COD,"Congo, Dem. Rep.",1996,1322.58011961396
COD,"Congo, Dem. Rep.",1995,1362.1877957292
COD,"Congo, Dem. Rep.",1994,1410.05655376053
COD,"Congo, Dem. Rep.",1993,1538.39690697251
COD,"Congo, Dem. Rep.",1992,1842.54848506846
COD,"Congo, Dem. Rep.",1991,2129.44892037201
COD,"Congo, Dem. Rep.",1990,2403.9702501624
COD,"Congo, Dem. Rep.",1989,
COD,"Congo, Dem. Rep.",1988,
COD,"Congo, Dem. Rep.",1987,
COD,"Congo, Dem. Rep.",1986,
COD,"Congo, Dem. Rep.",1985,
COD,"Congo, Dem. Rep.",1984,
COD,"Congo, Dem. Rep.",1983,
COD,"Congo, Dem. Rep.",1982,
COD,"Congo, Dem. Rep.",1981,
COD,"Congo, Dem. Rep.",1980,
COD,"Congo, Dem. Rep.",1979,
COD,"Congo, Dem. Rep.",1978,
COD,"Congo, Dem. Rep.",1977,
COD,"Congo, Dem. Rep.",1976,
COD,"Congo, Dem. Rep.",1975,
COD,"Congo, Dem. Rep.",1974,
COD,"Congo, Dem. Rep.",1973,
COD,"Congo, Dem. Rep.",1972,
COD,"Congo, Dem. Rep.",1971,
COD,"Congo, Dem. Rep.",1970,
COD,"Congo, Dem. Rep.",1969,
COD,"Congo, Dem. Rep.",1968,
COD,"Congo, Dem. Rep.",1967,
COD,"Congo, Dem. Rep.",1966,
COD,"Congo, Dem. Rep.",1965,
COD,"Congo, Dem. Rep.",1964,
COD,"Congo, Dem. Rep.",1963,
COD,"Congo, Dem. Rep.",1962,
COD,"Congo, Dem. Rep.",1961,
COD,"Congo, Dem. Rep.",1960,
COG,"Congo, Rep.",2025,6194.08981287756
COG,"Congo, Rep.",2024,6152.56509118442
COG,"Congo, Rep.",2023,6172.28776650683
COG,"Congo, Rep.",2022,6205.1050414034
COG,"Congo, Rep.",2021,6263.21161292636
COG,"Congo, Rep.",2020,6350.50913409722
COG,"Congo, Rep.",2019,6939.36913397466
COG,"Congo, Rep.",2018,7029.33651566257
COG,"Congo, Rep.",2017,7372.77046737599
COG,"Congo, Rep.",2016,8001.8255194505
COG,"Congo, Rep.",2015,8977.70681641417
COG,"Congo, Rep.",2014,9159.25664414045
COG,"Congo, Rep.",2013,8798.49382506314
COG,"Congo, Rep.",2012,9079.68656400891
COG,"Congo, Rep.",2011,8492.42098392103
COG,"Congo, Rep.",2010,8583.66179834288
COG,"Congo, Rep.",2009,8138.45033818822
COG,"Congo, Rep.",2008,7587.28826163492
COG,"Congo, Rep.",2007,7375.82454100145
COG,"Congo, Rep.",2006,8192.57979719023
COG,"Congo, Rep.",2005,7876.11806658285
COG,"Congo, Rep.",2004,7577.44597274153
COG,"Congo, Rep.",2003,7577.45630456352
COG,"Congo, Rep.",2002,7729.3889014189
COG,"Congo, Rep.",2001,7567.43916817104
COG,"Congo, Rep.",2000,7570.58279297342
COG,"Congo, Rep.",1999,7312.32665071621
COG,"Congo, Rep.",1998,7711.6321257605
COG,"Congo, Rep.",1997,7599.04815388587
COG,"Congo, Rep.",1996,7812.04779971641
COG,"Congo, Rep.",1995,7701.32468533336
COG,"Congo, Rep.",1994,7617.60750274811
COG,"Congo, Rep.",1993,8302.69726834941
COG,"Congo, Rep.",1992,8636.63719209923
COG,"Congo, Rep.",1991,8658.16145286005
COG,"Congo, Rep.",1990,8699.52683870615
COG,"Congo, Rep.",1989,
COG,"Congo, Rep.",1988,
COG,"Congo, Rep.",1987,
COG,"Congo, Rep.",1986,
COG,"Congo, Rep.",1985,
COG,"Congo, Rep.",1984,
COG,"Congo, Rep.",1983,
COG,"Congo, Rep.",1982,
COG,"Congo, Rep.",1981,
COG,"Congo, Rep.",1980,
COG,"Congo, Rep.",1979,
COG,"Congo, Rep.",1978,
COG,"Congo, Rep.",1977,
COG,"Congo, Rep.",1976,
COG,"Congo, Rep.",1975,
COG,"Congo, Rep.",1974,
COG,"Congo, Rep.",1973,
COG,"Congo, Rep.",1972,
COG,"Congo, Rep.",1971,
COG,"Congo, Rep.",1970,
COG,"Congo, Rep.",1969,
COG,"Congo, Rep.",1968,
COG,"Congo, Rep.",1967,
COG,"Congo, Rep.",1966,
COG,"Congo, Rep.",1965,
COG,"Congo, Rep.",1964,
COG,"Congo, Rep.",1963,
COG,"Congo, Rep.",1962,
COG,"Congo, Rep.",1961,
COG,"Congo, Rep.",1960,
CRI,"Costa Rica",2025,28443.4127676388
CRI,"Costa Rica",2024,27325.0470476503
CRI,"Costa Rica",2023,26378.5409941926
CRI,"Costa Rica",2022,25290.0087466975
CRI,"Costa Rica",2021,24083.5988182437
CRI,"Costa Rica",2020,22368.1378072638
CRI,"Costa Rica",2019,23496.8294622995
CRI,"Costa Rica",2018,23069.8622241266
CRI,"Costa Rica",2017,22633.7648663302
CRI,"Costa Rica",2016,21936.4660575366
CRI,"Costa Rica",2015,21265.3176336354
CRI,"Costa Rica",2014,20735.1927258406
CRI,"Costa Rica",2013,20242.2938648319
CRI,"Costa Rica",2012,19970.6856013628
CRI,"Costa Rica",2011,19264.4566461776
CRI,"Costa Rica",2010,18670.1678827387
CRI,"Costa Rica",2009,17941.5019129465
CRI,"Costa Rica",2008,18343.0996854851
CRI,"Costa Rica",2007,17752.4161954513
CRI,"Costa Rica",2006,16628.3723014013
CRI,"Costa Rica",2005,15711.7451335337
CRI,"Costa Rica",2004,15330.8832332948
CRI,"Costa Rica",2003,14898.7197394794
CRI,"Costa Rica",2002,14503.176481607
CRI,"Costa Rica",2001,14257.525071713
CRI,"Costa Rica",2000,14025.6899537485
CRI,"Costa Rica",1999,13776.5829416464
CRI,"Costa Rica",1998,13505.0840975141
CRI,"Costa Rica",1997,12887.5255656264
CRI,"Costa Rica",1996,12497.627359916
CRI,"Costa Rica",1995,12623.5339424627
CRI,"Costa Rica",1994,12415.2629246683
CRI,"Costa Rica",1993,12173.6770672722
CRI,"Costa Rica",1992,11654.8187340805
CRI,"Costa Rica",1991,10946.3811047015
CRI,"Costa Rica",1990,10979.788113325
CRI,"Costa Rica",1989,
CRI,"Costa Rica",1988,
CRI,"Costa Rica",1987,
CRI,"Costa Rica",1986,
CRI,"Costa Rica",1985,
CRI,"Costa Rica",1984,
CRI,"Costa Rica",1983,
CRI,"Costa Rica",1982,
CRI,"Costa Rica",1981,
CRI,"Costa Rica",1980,
CRI,"Costa Rica",1979,
CRI,"Costa Rica",1978,
CRI,"Costa Rica",1977,
CRI,"Costa Rica",1976,
CRI,"Costa Rica",1975,
CRI,"Costa Rica",1974,
CRI,"Costa Rica",1973,
CRI,"Costa Rica",1972,
CRI,"Costa Rica",1971,
CRI,"Costa Rica",1970,
CRI,"Costa Rica",1969,
CRI,"Costa Rica",1968,
CRI,"Costa Rica",1967,
CRI,"Costa Rica",1966,
CRI,"Costa Rica",1965,
CRI,"Costa Rica",1964,
CRI,"Costa Rica",1963,
CRI,"Costa Rica",1962,
CRI,"Costa Rica",1961,
CRI,"Costa Rica",1960,
CIV,"Cote d'Ivoire",2025,7014.84577693062
CIV,"Cote d'Ivoire",2024,6747.0379677706
CIV,"Cote d'Ivoire",2023,6520.89886459765
CIV,"Cote d'Ivoire",2022,6272.26395760029
CIV,"Cote d'Ivoire",2021,6045.20480490881
CIV,"Cote d'Ivoire",2020,5787.85814696561
CIV,"Cote d'Ivoire",2019,5894.92235259103
CIV,"Cote d'Ivoire",2018,5670.24199741353
CIV,"Cote d'Ivoire",2017,5556.1547631509
CIV,"Cote d'Ivoire",2016,5320.88582199186
CIV,"Cote d'Ivoire",2015,5110.90021438908
CIV,"Cote d'Ivoire",2014,4907.61080546543
CIV,"Cote d'Ivoire",2013,4597.22035890241
CIV,"Cote d'Ivoire",2012,4234.21187719492
CIV,"Cote d'Ivoire",2011,4017.43753814324
CIV,"Cote d'Ivoire",2010,4338.68457800736
CIV,"Cote d'Ivoire",2009,4151.08431510133
CIV,"Cote d'Ivoire",2008,4096.75377364759
CIV,"Cote d'Ivoire",2007,3999.72054350731
CIV,"Cote d'Ivoire",2006,4049.29028298687
CIV,"Cote d'Ivoire",2005,4032.27570780036
CIV,"Cote d'Ivoire",2004,4088.97542020506
CIV,"Cote d'Ivoire",2003,4060.03041319294
CIV,"Cote d'Ivoire",2002,4368.96040639474
CIV,"Cote d'Ivoire",2001,4609.17878891553
CIV,"Cote d'Ivoire",2000,4838.37602767698
CIV,"Cote d'Ivoire",1999,4987.39397799406
CIV,"Cote d'Ivoire",1998,5093.16936951716
CIV,"Cote d'Ivoire",1997,5072.6345612587
CIV,"Cote d'Ivoire",1996,4807.45984346502
CIV,"Cote d'Ivoire",1995,4638.79163883935
CIV,"Cote d'Ivoire",1994,4502.49283983062
CIV,"Cote d'Ivoire",1993,4645.50187236924
CIV,"Cote d'Ivoire",1992,4843.32931958155
CIV,"Cote d'Ivoire",1991,5052.88904768462
CIV,"Cote d'Ivoire",1990,5255.54850266487
CIV,"Cote d'Ivoire",1989,
CIV,"Cote d'Ivoire",1988,
CIV,"Cote d'Ivoire",1987,
CIV,"Cote d'Ivoire",1986,
CIV,"Cote d'Ivoire",1985,
CIV,"Cote d'Ivoire",1984,
CIV,"Cote d'Ivoire",1983,
CIV,"Cote d'Ivoire",1982,
CIV,"Cote d'Ivoire",1981,
CIV,"Cote d'Ivoire",1980,
CIV,"Cote d'Ivoire",1979,
CIV,"Cote d'Ivoire",1978,
CIV,"Cote d'Ivoire",1977,
CIV,"Cote d'Ivoire",1976,
CIV,"Cote d'Ivoire",1975,
CIV,"Cote d'Ivoire",1974,
CIV,"Cote d'Ivoire",1973,
CIV,"Cote d'Ivoire",1972,
CIV,"Cote d'Ivoire",1971,
CIV,"Cote d'Ivoire",1970,
CIV,"Cote d'Ivoire",1969,
CIV,"Cote d'Ivoire",1968,
CIV,"Cote d'Ivoire",1967,
CIV,"Cote d'Ivoire",1966,
CIV,"Cote d'Ivoire",1965,
CIV,"Cote d'Ivoire",1964,
CIV,"Cote d'Ivoire",1963,
CIV,"Cote d'Ivoire",1962,
CIV,"Cote d'Ivoire",1961,
CIV,"Cote d'Ivoire",1960,
HRV,"Croatia",2025,44172.0442284906
HRV,"Croatia",2024,42828.7997273569
HRV,"Croatia",2023,41320.257995772
HRV,"Croatia",2022,39863.9109377649
HRV,"Croatia",2021,36930.076102199
HRV,"Croatia",2020,32493.4017010055
HRV,"Croatia",2019,35122.7966231008
HRV,"Croatia",2018,33729.5455811943
HRV,"Croatia",2017,32348.5888556174
HRV,"Croatia",2016,30820.8050421355
HRV,"Croatia",2015,29466.4506365792
HRV,"Croatia",2014,28456.3353756076
HRV,"Croatia",2013,28397.9820661555
HRV,"Croatia",2012,28259.1638073948
HRV,"Croatia",2011,28769.0229490882
HRV,"Croatia",2010,28701.8754573033
HRV,"Croatia",2009,29024.6640551953
HRV,"Croatia",2008,31113.555007687
HRV,"Croatia",2007,30508.3061279124
HRV,"Croatia",2006,29035.6749841445
HRV,"Croatia",2005,27641.1374713864
HRV,"Croatia",2004,26528.5369054362
HRV,"Croatia",2003,25473.5672036391
HRV,"Croatia",2002,24136.7810227804
HRV,"Croatia",2001,22826.7217624371
HRV,"Croatia",2000,21302.4117206381
HRV,"Croatia",1999,20489.3540108242
HRV,"Croatia",1998,20576.0127669018
HRV,"Croatia",1997,20110.2026198343
HRV,"Croatia",1996,18850.1633100668
HRV,"Croatia",1995,17522.5142510064
HRV,"Croatia",1994,16301.6858484798
HRV,"Croatia",1993,15570.3388433749
HRV,"Croatia",1992,17020.1669100237
HRV,"Croatia",1991,18812.8657379331
HRV,"Croatia",1990,23399.6397169629
HRV,"Croatia",1989,
HRV,"Croatia",1988,
HRV,"Croatia",1987,
HRV,"Croatia",1986,
HRV,"Croatia",1985,
HRV,"Croatia",1984,
HRV,"Croatia",1983,
HRV,"Croatia",1982,
HRV,"Croatia",1981,
HRV,"Croatia",1980,
HRV,"Croatia",1979,
HRV,"Croatia",1978,
HRV,"Croatia",1977,
HRV,"Croatia",1976,
HRV,"Croatia",1975,
HRV,"Croatia",1974,
HRV,"Croatia",1973,
HRV,"Croatia",1972,
HRV,"Croatia",1971,
HRV,"Croatia",1970,
HRV,"Croatia",1969,
HRV,"Croatia",1968,
HRV,"Croatia",1967,
HRV,"Croatia",1966,
HRV,"Croatia",1965,
HRV,"Croatia",1964,
HRV,"Croatia",1963,
HRV,"Croatia",1962,
HRV,"Croatia",1961,
HRV,"Croatia",1960,
CUB,"Cuba",2025,
CUB,"Cuba",2024,
CUB,"Cuba",2023,
CUB,"Cuba",2022,
CUB,"Cuba",2021,
CUB,"Cuba",2020,
CUB,"Cuba",2019,
CUB,"Cuba",2018,
CUB,"Cuba",2017,
CUB,"Cuba",2016,
CUB,"Cuba",2015,
CUB,"Cuba",2014,
CUB,"Cuba",2013,
CUB,"Cuba",2012,
CUB,"Cuba",2011,
CUB,"Cuba",2010,
CUB,"Cuba",2009,
CUB,"Cuba",2008,
CUB,"Cuba",2007,
CUB,"Cuba",2006,
CUB,"Cuba",2005,
CUB,"Cuba",2004,
CUB,"Cuba",2003,
CUB,"Cuba",2002,
CUB,"Cuba",2001,
CUB,"Cuba",2000,
CUB,"Cuba",1999,
CUB,"Cuba",1998,
CUB,"Cuba",1997,
CUB,"Cuba",1996,
CUB,"Cuba",1995,
CUB,"Cuba",1994,
CUB,"Cuba",1993,
CUB,"Cuba",1992,
CUB,"Cuba",1991,
CUB,"Cuba",1990,
CUB,"Cuba",1989,
CUB,"Cuba",1988,
CUB,"Cuba",1987,
CUB,"Cuba",1986,
CUB,"Cuba",1985,
CUB,"Cuba",1984,
CUB,"Cuba",1983,
CUB,"Cuba",1982,
CUB,"Cuba",1981,
CUB,"Cuba",1980,
CUB,"Cuba",1979,
CUB,"Cuba",1978,
CUB,"Cuba",1977,
CUB,"Cuba",1976,
CUB,"Cuba",1975,
CUB,"Cuba",1974,
CUB,"Cuba",1973,
CUB,"Cuba",1972,
CUB,"Cuba",1971,
CUB,"Cuba",1970,
CUB,"Cuba",1969,
CUB,"Cuba",1968,
CUB,"Cuba",1967,
CUB,"Cuba",1966,
CUB,"Cuba",1965,
CUB,"Cuba",1964,
CUB,"Cuba",1963,
CUB,"Cuba",1962,
CUB,"Cuba",1961,
CUB,"Cuba",1960,
CUW,"Curacao",2025,
CUW,"Curacao",2024,28762.0581566389
CUW,"Curacao",2023,27617.9204283638
CUW,"Curacao",2022,26734.6458998921
CUW,"Curacao",2021,24905.7684266978
CUW,"Curacao",2020,23669.7711519128
CUW,"Curacao",2019,28659.6559014065
CUW,"Curacao",2018,29256.8157865286
CUW,"Curacao",2017,29729.1013639498
CUW,"Curacao",2016,30209.7882553609
CUW,"Curacao",2015,30861.3207651786
CUW,"Curacao",2014,31128.6473361746
CUW,"Curacao",2013,31753.384548357
CUW,"Curacao",2012,32320.8770365245
CUW,"Curacao",2011,32704.3558692872
CUW,"Curacao",2010,33004.5542873273
CUW,"Curacao",2009,33397.3973952737
CUW,"Curacao",2008,33795.131116557
CUW,"Curacao",2007,33490.2551592184
CUW,"Curacao",2006,33334.8567825808
CUW,"Curacao",2005,33651.5045829526
CUW,"Curacao",2004,34288.7402384635
CUW,"Curacao",2003,34812.7911728195
CUW,"Curacao",2002,35435.9975763658
CUW,"Curacao",2001,35339.0648639949
CUW,"Curacao",2000,34307.1250633963
CUW,"Curacao",1999,
CUW,"Curacao",1998,
CUW,"Curacao",1997,
CUW,"Curacao",1996,
CUW,"Curacao",1995,
CUW,"Curacao",1994,
CUW,"Curacao",1993,
CUW,"Curacao",1992,
CUW,"Curacao",1991,
CUW,"Curacao",1990,
CUW,"Curacao",1989,
CUW,"Curacao",1988,
CUW,"Curacao",1987,
CUW,"Curacao",1986,
CUW,"Curacao",1985,
CUW,"Curacao",1984,
CUW,"Curacao",1983,
CUW,"Curacao",1982,
CUW,"Curacao",1981,
CUW,"Curacao",1980,
CUW,"Curacao",1979,
CUW,"Curacao",1978,
CUW,"Curacao",1977,
CUW,"Curacao",1976,
CUW,"Curacao",1975,
CUW,"Curacao",1974,
CUW,"Curacao",1973,
CUW,"Curacao",1972,
CUW,"Curacao",1971,
CUW,"Curacao",1970,
CUW,"Curacao",1969,
CUW,"Curacao",1968,
CUW,"Curacao",1967,
CUW,"Curacao",1966,
CUW,"Curacao",1965,
CUW,"Curacao",1964,
CUW,"Curacao",1963,
CUW,"Curacao",1962,
CUW,"Curacao",1961,
CUW,"Curacao",1960,
CYP,"Cyprus",2025,54103.26171875
CYP,"Cyprus",2024,52861.8359375
CYP,"Cyprus",2023,51674.90234375
CYP,"Cyprus",2022,50840.9140625
CYP,"Cyprus",2021,47632.5703125
CYP,"Cyprus",2020,43402.359375
CYP,"Cyprus",2019,45454.17578125
CYP,"Cyprus",2018,43510.03125
CYP,"Cyprus",2017,41417.98828125
CYP,"Cyprus",2016,39500.8515625
CYP,"Cyprus",2015,37258.5
CYP,"Cyprus",2014,36104.90234375
CYP,"Cyprus",2013,36650.5703125
CYP,"Cyprus",2012,39190.22265625
CYP,"Cyprus",2011,41212.6875
CYP,"Cyprus",2010,42102.28125
CYP,"Cyprus",2009,42253.38671875
CYP,"Cyprus",2008,44295.62890625
CYP,"Cyprus",2007,43823.76171875
CYP,"Cyprus",2006,42595.203125
CYP,"Cyprus",2005,41362.09375
CYP,"Cyprus",2004,40019.92578125
CYP,"Cyprus",2003,38617.8125
CYP,"Cyprus",2002,38090.77734375
CYP,"Cyprus",2001,37146.84375
CYP,"Cyprus",2000,36121.6640625
CYP,"Cyprus",1999,34452.72265625
CYP,"Cyprus",1998,33181.98828125
CYP,"Cyprus",1997,31656.830078125
CYP,"Cyprus",1996,31282.609375
CYP,"Cyprus",1995,31393.24609375
CYP,"Cyprus",1994,29500.623046875
CYP,"Cyprus",1993,28439.21484375
CYP,"Cyprus",1992,28931.814453125
CYP,"Cyprus",1991,27158.92578125
CYP,"Cyprus",1990,27666.53515625
CYP,"Cyprus",1989,
CYP,"Cyprus",1988,
CYP,"Cyprus",1987,
CYP,"Cyprus",1986,
CYP,"Cyprus",1985,
CYP,"Cyprus",1984,
CYP,"Cyprus",1983,
CYP,"Cyprus",1982,
CYP,"Cyprus",1981,
CYP,"Cyprus",1980,
CYP,"Cyprus",1979,
CYP,"Cyprus",1978,
CYP,"Cyprus",1977,
CYP,"Cyprus",1976,
CYP,"Cyprus",1975,
CYP,"Cyprus",1974,
CYP,"Cyprus",1973,
CYP,"Cyprus",1972,
CYP,"Cyprus",1971,
CYP,"Cyprus",1970,
CYP,"Cyprus",1969,
CYP,"Cyprus",1968,
CYP,"Cyprus",1967,
CYP,"Cyprus",1966,
CYP,"Cyprus",1965,
CYP,"Cyprus",1964,
CYP,"Cyprus",1963,
CYP,"Cyprus",1962,
CYP,"Cyprus",1961,
CYP,"Cyprus",1960,
CZE,"Czechia",2025,49292.4878713208
CZE,"Czechia",2024,47972.53171792
CZE,"Czechia",2023,47558.4106763314
CZE,"Czechia",2022,48390.661678675
CZE,"Czechia",2021,47796.0337408466
CZE,"Czechia",2020,45119.9387309139
CZE,"Czechia",2019,47763.6165520254
CZE,"Czechia",2018,46301.082036029
CZE,"Czechia",2017,45177.5226053634
CZE,"Czechia",2016,43069.4659744727
CZE,"Czechia",2015,42066.5759800801
CZE,"Czechia",2014,40158.0164275735
CZE,"Czechia",2013,39317.5535692377
CZE,"Czechia",2012,39347.0492956846
CZE,"Czechia",2011,39708.1626280195
CZE,"Czechia",2010,39097.3886218756
CZE,"Czechia",2009,38175.1422773334
CZE,"Czechia",2008,40328.3426630095
CZE,"Czechia",2007,39629.0061324728
CZE,"Czechia",2006,37786.8781740905
CZE,"Czechia",2005,35535.7479961511
CZE,"Czechia",2004,33452.3408000614
CZE,"Czechia",2003,31949.2963145034
CZE,"Czechia",2002,30919.5496618702
CZE,"Czechia",2001,30399.8730764283
CZE,"Czechia",2000,29427.4070011514
CZE,"Czechia",1999,28213.4555005997
CZE,"Czechia",1998,27801.4387801408
CZE,"Czechia",1997,27884.7397585343
CZE,"Czechia",1996,28021.6704584336
CZE,"Czechia",1995,26869.0197149398
CZE,"Czechia",1994,25279.7917961729
CZE,"Czechia",1993,24573.9914877529
CZE,"Czechia",1992,24584.3299626051
CZE,"Czechia",1991,24734.7702062546
CZE,"Czechia",1990,27918.1375190566
CZE,"Czechia",1989,
CZE,"Czechia",1988,
CZE,"Czechia",1987,
CZE,"Czechia",1986,
CZE,"Czechia",1985,
CZE,"Czechia",1984,
CZE,"Czechia",1983,
CZE,"Czechia",1982,
CZE,"Czechia",1981,
CZE,"Czechia",1980,
CZE,"Czechia",1979,
CZE,"Czechia",1978,
CZE,"Czechia",1977,
CZE,"Czechia",1976,
CZE,"Czechia",1975,
CZE,"Czechia",1974,
CZE,"Czechia",1973,
CZE,"Czechia",1972,
CZE,"Czechia",1971,
CZE,"Czechia",1970,
CZE,"Czechia",1969,
CZE,"Czechia",1968,
CZE,"Czechia",1967,
CZE,"Czechia",1966,
CZE,"Czechia",1965,
CZE,"Czechia",1964,
CZE,"Czechia",1963,
CZE,"Czechia",1962,
CZE,"Czechia",1961,
CZE,"Czechia",1960,
DNK,"Denmark",2025,72723.2747867992
DNK,"Denmark",2024,71034.5789667138
DNK,"Denmark",2023,68993.9031100362
DNK,"Denmark",2022,69089.4692492289
DNK,"Denmark",2021,69327.998216527
DNK,"Denmark",2020,65379.3066120995
DNK,"Denmark",2019,66758.6323346131
DNK,"Denmark",2018,65870.8302554341
DNK,"Denmark",2017,64989.4459872347
DNK,"Denmark",2016,63468.9888246814
DNK,"Denmark",2015,62059.1285991721
DNK,"Denmark",2014,61210.9490922919
DNK,"Denmark",2013,60745.7784800252
DNK,"Denmark",2012,60161.7010660256
DNK,"Denmark",2011,60391.7799332206
DNK,"Denmark",2010,59856.3490860003
DNK,"Denmark",2009,59185.9677505533
DNK,"Denmark",2008,62618.4499382451
DNK,"Denmark",2007,63251.3169416725
DNK,"Denmark",2006,62911.3931382937
DNK,"Denmark",2005,60798.1351548444
DNK,"Denmark",2004,59560.4599503941
DNK,"Denmark",2003,58101.4809549972
DNK,"Denmark",2002,58003.8882572641
DNK,"Denmark",2001,57925.0542954115
DNK,"Denmark",2000,57585.8965553524
DNK,"Denmark",1999,55704.2583988925
DNK,"Denmark",1998,54278.2791190857
DNK,"Denmark",1997,53237.2951913962
DNK,"Denmark",1996,51817.1735416988
DNK,"Denmark",1995,50644.7074582221
DNK,"Denmark",1994,49408.2038213767
DNK,"Denmark",1993,47082.4674371864
DNK,"Denmark",1992,47276.8936589666
DNK,"Denmark",1991,46493.0175958032
DNK,"Denmark",1990,45943.8875401847
DNK,"Denmark",1989,
DNK,"Denmark",1988,
DNK,"Denmark",1987,
DNK,"Denmark",1986,
DNK,"Denmark",1985,
DNK,"Denmark",1984,
DNK,"Denmark",1983,
DNK,"Denmark",1982,
DNK,"Denmark",1981,
DNK,"Denmark",1980,
DNK,"Denmark",1979,
DNK,"Denmark",1978,
DNK,"Denmark",1977,
DNK,"Denmark",1976,
DNK,"Denmark",1975,
DNK,"Denmark",1974,
DNK,"Denmark",1973,
DNK,"Denmark",1972,
DNK,"Denmark",1971,
DNK,"Denmark",1970,
DNK,"Denmark",1969,
DNK,"Denmark",1968,
DNK,"Denmark",1967,
DNK,"Denmark",1966,
DNK,"Denmark",1965,
DNK,"Denmark",1964,
DNK,"Denmark",1963,
DNK,"Denmark",1962,
DNK,"Denmark",1961,
DNK,"Denmark",1960,
DJI,"Djibouti",2025,7222.5498918753
DJI,"Djibouti",2024,6871.12440453129
DJI,"Djibouti",2023,6510.67859061619
DJI,"Djibouti",2022,6180.67998594606
DJI,"Djibouti",2021,5960.10807396825
DJI,"Djibouti",2020,5791.47767679877
DJI,"Djibouti",2019,5809.30455041341
DJI,"Djibouti",2018,5590.50426604853
DJI,"Djibouti",2017,5421.95649149613
DJI,"Djibouti",2016,5226.50026106607
DJI,"Djibouti",2015,4961.8681860592
DJI,"Djibouti",2014,4705.04926772184
DJI,"Djibouti",2013,4469.07409933135
DJI,"Djibouti",2012,
DJI,"Djibouti",2011,
DJI,"Djibouti",2010,
DJI,"Djibouti",2009,
DJI,"Djibouti",2008,
DJI,"Djibouti",2007,
DJI,"Djibouti",2006,
DJI,"Djibouti",2005,
DJI,"Djibouti",2004,
DJI,"Djibouti",2003,
DJI,"Djibouti",2002,
DJI,"Djibouti",2001,
DJI,"Djibouti",2000,
DJI,"Djibouti",1999,
DJI,"Djibouti",1998,
DJI,"Djibouti",1997,
DJI,"Djibouti",1996,
DJI,"Djibouti",1995,
DJI,"Djibouti",1994,
DJI,"Djibouti",1993,
DJI,"Djibouti",1992,
DJI,"Djibouti",1991,
DJI,"Djibouti",1990,
DJI,"Djibouti",1989,
DJI,"Djibouti",1988,
DJI,"Djibouti",1987,
DJI,"Djibouti",1986,
DJI,"Djibouti",1985,
DJI,"Djibouti",1984,
DJI,"Djibouti",1983,
DJI,"Djibouti",1982,
DJI,"Djibouti",1981,
DJI,"Djibouti",1980,
DJI,"Djibouti",1979,
DJI,"Djibouti",1978,
DJI,"Djibouti",1977,
DJI,"Djibouti",1976,
DJI,"Djibouti",1975,
DJI,"Djibouti",1974,
DJI,"Djibouti",1973,
DJI,"Djibouti",1972,
DJI,"Djibouti",1971,
DJI,"Djibouti",1970,
DJI,"Djibouti",1969,
DJI,"Djibouti",1968,
DJI,"Djibouti",1967,
DJI,"Djibouti",1966,
DJI,"Djibouti",1965,
DJI,"Djibouti",1964,
DJI,"Djibouti",1963,
DJI,"Djibouti",1962,
DJI,"Djibouti",1961,
DJI,"Djibouti",1960,
DMA,"Dominica",2025,19409.2900700194
DMA,"Dominica",2024,18739.3640404986
DMA,"Dominica",2023,18278.2253401989
DMA,"Dominica",2022,17550.8009946466
DMA,"Dominica",2021,15808.9743503945
DMA,"Dominica",2020,14919.5307686719
DMA,"Dominica",2019,17619.4335416769
DMA,"Dominica",2018,16877.1244880642
DMA,"Dominica",2017,16314.2295558891
DMA,"Dominica",2016,17364.0773046793
DMA,"Dominica",2015,16920.9126555668
DMA,"Dominica",2014,17520.8546265613
DMA,"Dominica",2013,17282.6368040368
DMA,"Dominica",2012,17431.1288003063
DMA,"Dominica",2011,17475.0411061698
DMA,"Dominica",2010,17516.7879573152
DMA,"Dominica",2009,17534.0339616963
DMA,"Dominica",2008,17738.0405685048
DMA,"Dominica",2007,16560.5179009944
DMA,"Dominica",2006,15727.7053232323
DMA,"Dominica",2005,15080.5206040984
DMA,"Dominica",2004,14962.2456326016
DMA,"Dominica",2003,14398.0017636834
DMA,"Dominica",2002,13640.70330575
DMA,"Dominica",2001,14091.5491387572
DMA,"Dominica",2000,14054.6548016043
DMA,"Dominica",1999,13661.6785774172
DMA,"Dominica",1998,13563.4528199459
DMA,"Dominica",1997,13037.1491313755
DMA,"Dominica",1996,12737.8972359049
DMA,"Dominica",1995,12343.9001238545
DMA,"Dominica",1994,11979.3992504496
DMA,"Dominica",1993,11982.8592553573
DMA,"Dominica",1992,11747.6117144571
DMA,"Dominica",1991,11518.7646744945
DMA,"Dominica",1990,11311.5519762062
DMA,"Dominica",1989,
DMA,"Dominica",1988,
DMA,"Dominica",1987,
DMA,"Dominica",1986,
DMA,"Dominica",1985,
DMA,"Dominica",1984,
DMA,"Dominica",1983,
DMA,"Dominica",1982,
DMA,"Dominica",1981,
DMA,"Dominica",1980,
DMA,"Dominica",1979,
DMA,"Dominica",1978,
DMA,"Dominica",1977,
DMA,"Dominica",1976,
DMA,"Dominica",1975,
DMA,"Dominica",1974,
DMA,"Dominica",1973,
DMA,"Dominica",1972,
DMA,"Dominica",1971,
DMA,"Dominica",1970,
DMA,"Dominica",1969,
DMA,"Dominica",1968,
DMA,"Dominica",1967,
DMA,"Dominica",1966,
DMA,"Dominica",1965,
DMA,"Dominica",1964,
DMA,"Dominica",1963,
DMA,"Dominica",1962,
DMA,"Dominica",1961,
DMA,"Dominica",1960,
DOM,"Dominican Republic",2025,24543.3421843415
DOM,"Dominican Republic",2024,24229.8894872915
DOM,"Dominican Republic",2023,23282.4895071054
DOM,"Dominican Republic",2022,22986.95808105
DOM,"Dominican Republic",2021,22053.4589869955
DOM,"Dominican Republic",2020,19545.4099552943
DOM,"Dominican Republic",2019,21451.286441995
DOM,"Dominican Republic",2018,20662.848586153
DOM,"Dominican Republic",2017,19501.8743054078
DOM,"Dominican Republic",2016,18968.9752386179
DOM,"Dominican Republic",2015,17973.1870256815
DOM,"Dominican Republic",2014,16993.587444403
DOM,"Dominican Republic",2013,16054.7677297656
DOM,"Dominican Republic",2012,15487.2776356321
DOM,"Dominican Republic",2011,15258.0858148503
DOM,"Dominican Republic",2010,14975.0010126958
DOM,"Dominican Republic",2009,13992.4103270189
DOM,"Dominican Republic",2008,14030.1411084465
DOM,"Dominican Republic",2007,13754.9212674095
DOM,"Dominican Republic",2006,12961.9183632133
DOM,"Dominican Republic",2005,12022.5080544053
DOM,"Dominican Republic",2004,11131.2709216332
DOM,"Dominican Republic",2003,11000.8684059352
DOM,"Dominican Republic",2002,11313.0690271273
DOM,"Dominican Republic",2001,10991.1363420488
DOM,"Dominican Republic",2000,10896.3184155964
DOM,"Dominican Republic",1999,10582.0775939337
DOM,"Dominican Republic",1998,10150.4460178993
DOM,"Dominican Republic",1997,9671.14817881707
DOM,"Dominican Republic",1996,9036.88352149896
DOM,"Dominican Republic",1995,8685.01648557062
DOM,"Dominican Republic",1994,8372.07169739279
DOM,"Dominican Republic",1993,8318.49178576126
DOM,"Dominican Republic",1992,7900.76809265865
DOM,"Dominican Republic",1991,7246.24670144222
DOM,"Dominican Republic",1990,7327.72670133751
DOM,"Dominican Republic",1989,
DOM,"Dominican Republic",1988,
DOM,"Dominican Republic",1987,
DOM,"Dominican Republic",1986,
DOM,"Dominican Republic",1985,
DOM,"Dominican Republic",1984,
DOM,"Dominican Republic",1983,
DOM,"Dominican Republic",1982,
DOM,"Dominican Republic",1981,
DOM,"Dominican Republic",1980,
DOM,"Dominican Republic",1979,
DOM,"Dominican Republic",1978,
DOM,"Dominican Republic",1977,
DOM,"Dominican Republic",1976,
DOM,"Dominican Republic",1975,
DOM,"Dominican Republic",1974,
DOM,"Dominican Republic",1973,
DOM,"Dominican Republic",1972,
DOM,"Dominican Republic",1971,
DOM,"Dominican Republic",1970,
DOM,"Dominican Republic",1969,
DOM,"Dominican Republic",1968,
DOM,"Dominican Republic",1967,
DOM,"Dominican Republic",1966,
DOM,"Dominican Republic",1965,
DOM,"Dominican Republic",1964,
DOM,"Dominican Republic",1963,
DOM,"Dominican Republic",1962,
DOM,"Dominican Republic",1961,
DOM,"Dominican Republic",1960,
ECU,"Ecuador",2025,14319.2406558299
ECU,"Ecuador",2024,13922.4222780744
ECU,"Ecuador",2023,14321.1648295611
ECU,"Ecuador",2022,14186.6388544625
ECU,"Ecuador",2021,13507.4445638375
ECU,"Ecuador",2020,12440.3263747814
ECU,"Ecuador",2019,13870.4895118068
ECU,"Ecuador",2018,14083.5069982304
ECU,"Ecuador",2017,14179.1537503305
ECU,"Ecuador",2016,13586.5160772568
ECU,"Ecuador",2015,13881.5700738105
ECU,"Ecuador",2014,14064.7992246727
ECU,"Ecuador",2013,13689.1520460125
ECU,"Ecuador",2012,12961.0267423765
ECU,"Ecuador",2011,12449.0785549218
ECU,"Ecuador",2010,11665.6978598204
ECU,"Ecuador",2009,11403.5277978831
ECU,"Ecuador",2008,11474.5257023541
ECU,"Ecuador",2007,10952.8226853948
ECU,"Ecuador",2006,10933.4897470283
ECU,"Ecuador",2005,10660.2046228939
ECU,"Ecuador",2004,10290.6634264766
ECU,"Ecuador",2003,9802.81408202125
ECU,"Ecuador",2002,9697.55517665978
ECU,"Ecuador",2001,9405.11680690106
ECU,"Ecuador",2000,9183.05155276919
ECU,"Ecuador",1999,9242.96681019585
ECU,"Ecuador",1998,9876.7507512592
ECU,"Ecuador",1997,9739.26682428016
ECU,"Ecuador",1996,9509.27540633173
ECU,"Ecuador",1995,9525.17701832407
ECU,"Ecuador",1994,9494.17506194696
ECU,"Ecuador",1993,9284.31503431235
ECU,"Ecuador",1992,9291.3710483042
ECU,"Ecuador",1991,9292.61779173762
ECU,"Ecuador",1990,9104.81599790272
ECU,"Ecuador",1989,
ECU,"Ecuador",1988,
ECU,"Ecuador",1987,
ECU,"Ecuador",1986,
ECU,"Ecuador",1985,
ECU,"Ecuador",1984,
ECU,"Ecuador",1983,
ECU,"Ecuador",1982,
ECU,"Ecuador",1981,
ECU,"Ecuador",1980,
ECU,"Ecuador",1979,
ECU,"Ecuador",1978,
ECU,"Ecuador",1977,
ECU,"Ecuador",1976,
ECU,"Ecuador",1975,
ECU,"Ecuador",1974,
ECU,"Ecuador",1973,
ECU,"Ecuador",1972,
ECU,"Ecuador",1971,
ECU,"Ecuador",1970,
ECU,"Ecuador",1969,
ECU,"Ecuador",1968,
ECU,"Ecuador",1967,
ECU,"Ecuador",1966,
ECU,"Ecuador",1965,
ECU,"Ecuador",1964,
ECU,"Ecuador",1963,
ECU,"Ecuador",1962,
ECU,"Ecuador",1961,
ECU,"Ecuador",1960,
EGY,"Egypt, Arab Rep.",2025,17265.1488604617
EGY,"Egypt, Arab Rep.",2024,16798.151577838
EGY,"Egypt, Arab Rep.",2023,16691.3873991962
EGY,"Egypt, Arab Rep.",2022,16360.390775011
EGY,"Egypt, Arab Rep.",2021,15579.0160861551
EGY,"Egypt, Arab Rep.",2020,15309.2359881835
EGY,"Egypt, Arab Rep.",2019,15026.568243683
EGY,"Egypt, Arab Rep.",2018,14488.2094340261
EGY,"Egypt, Arab Rep.",2017,14018.3605934411
EGY,"Egypt, Arab Rep.",2016,13727.3201600816
EGY,"Egypt, Arab Rep.",2015,13425.9119599492
EGY,"Egypt, Arab Rep.",2014,13136.3656298099
EGY,"Egypt, Arab Rep.",2013,13058.0748238237
EGY,"Egypt, Arab Rep.",2012,13076.8052394876
EGY,"Egypt, Arab Rep.",2011,13082.4263680239
EGY,"Egypt, Arab Rep.",2010,13128.9878334831
EGY,"Egypt, Arab Rep.",2009,12728.0814587564
EGY,"Egypt, Arab Rep.",2008,12391.5847624938
EGY,"Egypt, Arab Rep.",2007,11782.0060717026
EGY,"Egypt, Arab Rep.",2006,11211.8320228671
EGY,"Egypt, Arab Rep.",2005,10700.6090372525
EGY,"Egypt, Arab Rep.",2004,10451.8217511529
EGY,"Egypt, Arab Rep.",2003,10250.376550149
EGY,"Egypt, Arab Rep.",2002,10143.5063456555
EGY,"Egypt, Arab Rep.",2001,10117.3331821542
EGY,"Egypt, Arab Rep.",2000,9981.62775081593
EGY,"Egypt, Arab Rep.",1999,9588.8593851379
EGY,"Egypt, Arab Rep.",1998,9245.47890468363
EGY,"Egypt, Arab Rep.",1997,8950.6541069311
EGY,"Egypt, Arab Rep.",1996,8662.33147868251
EGY,"Egypt, Arab Rep.",1995,8423.57817498243
EGY,"Egypt, Arab Rep.",1994,8221.04684774388
EGY,"Egypt, Arab Rep.",1993,8079.05480679221
EGY,"Egypt, Arab Rep.",1992,8034.56230124583
EGY,"Egypt, Arab Rep.",1991,7876.55257552889
EGY,"Egypt, Arab Rep.",1990,8006.62143740129
EGY,"Egypt, Arab Rep.",1989,
EGY,"Egypt, Arab Rep.",1988,
EGY,"Egypt, Arab Rep.",1987,
EGY,"Egypt, Arab Rep.",1986,
EGY,"Egypt, Arab Rep.",1985,
EGY,"Egypt, Arab Rep.",1984,
EGY,"Egypt, Arab Rep.",1983,
EGY,"Egypt, Arab Rep.",1982,
EGY,"Egypt, Arab Rep.",1981,
EGY,"Egypt, Arab Rep.",1980,
EGY,"Egypt, Arab Rep.",1979,
EGY,"Egypt, Arab Rep.",1978,
EGY,"Egypt, Arab Rep.",1977,
EGY,"Egypt, Arab Rep.",1976,
EGY,"Egypt, Arab Rep.",1975,
EGY,"Egypt, Arab Rep.",1974,
EGY,"Egypt, Arab Rep.",1973,
EGY,"Egypt, Arab Rep.",1972,
EGY,"Egypt, Arab Rep.",1971,
EGY,"Egypt, Arab Rep.",1970,
EGY,"Egypt, Arab Rep.",1969,
EGY,"Egypt, Arab Rep.",1968,
EGY,"Egypt, Arab Rep.",1967,
EGY,"Egypt, Arab Rep.",1966,
EGY,"Egypt, Arab Rep.",1965,
EGY,"Egypt, Arab Rep.",1964,
EGY,"Egypt, Arab Rep.",1963,
EGY,"Egypt, Arab Rep.",1962,
EGY,"Egypt, Arab Rep.",1961,
EGY,"Egypt, Arab Rep.",1960,
SLV,"El Salvador",2025,12050.028265702
SLV,"El Salvador",2024,11647.0234480127
SLV,"El Salvador",2023,11404.3342262685
SLV,"El Salvador",2022,11085.6166169553
SLV,"El Salvador",2021,10809.713399518
SLV,"El Salvador",2020,9692.44931605799
SLV,"El Salvador",2019,10543.9383291317
SLV,"El Salvador",2018,10297.203612692
SLV,"El Salvador",2017,10064.7934942601
SLV,"El Salvador",2016,9863.76121214453
SLV,"El Salvador",2015,9646.15432339854
SLV,"El Salvador",2014,9451.744607867
SLV,"El Salvador",2013,9329.46202222861
SLV,"El Salvador",2012,9162.56212613508
SLV,"El Salvador",2011,8945.93132970006
SLV,"El Salvador",2010,8648.92982717672
SLV,"El Salvador",2009,8494.49847423621
SLV,"El Salvador",2008,8704.80584632591
SLV,"El Salvador",2007,8548.83476118605
SLV,"El Salvador",2006,8404.24674903143
SLV,"El Salvador",2005,8050.5345128919
SLV,"El Salvador",2004,7841.53237886842
SLV,"El Salvador",2003,7780.27177685599
SLV,"El Salvador",2002,7675.67106195114
SLV,"El Salvador",2001,7580.32338410159
SLV,"El Salvador",2000,7545.44796218991
SLV,"El Salvador",1999,7498.46741097206
SLV,"El Salvador",1998,7381.114604175
SLV,"El Salvador",1997,7234.94456228435
SLV,"El Salvador",1996,7062.30007824136
SLV,"El Salvador",1995,7057.92025248354
SLV,"El Salvador",1994,6795.50608897192
SLV,"El Salvador",1993,6553.07234073841
SLV,"El Salvador",1992,6275.18767116905
SLV,"El Salvador",1991,5960.05892897788
SLV,"El Salvador",1990,5976.01762522026
SLV,"El Salvador",1989,
SLV,"El Salvador",1988,
SLV,"El Salvador",1987,
SLV,"El Salvador",1986,
SLV,"El Salvador",1985,
SLV,"El Salvador",1984,
SLV,"El Salvador",1983,
SLV,"El Salvador",1982,
SLV,"El Salvador",1981,
SLV,"El Salvador",1980,
SLV,"El Salvador",1979,
SLV,"El Salvador",1978,
SLV,"El Salvador",1977,
SLV,"El Salvador",1976,
SLV,"El Salvador",1975,
SLV,"El Salvador",1974,
SLV,"El Salvador",1973,
SLV,"El Salvador",1972,
SLV,"El Salvador",1971,
SLV,"El Salvador",1970,
SLV,"El Salvador",1969,
SLV,"El Salvador",1968,
SLV,"El Salvador",1967,
SLV,"El Salvador",1966,
SLV,"El Salvador",1965,
SLV,"El Salvador",1964,
SLV,"El Salvador",1963,
SLV,"El Salvador",1962,
SLV,"El Salvador",1961,
SLV,"El Salvador",1960,
GNQ,"Equatorial Guinea",2025,13786.3932934089
GNQ,"Equatorial Guinea",2024,14997.7564392976
GNQ,"Equatorial Guinea",2023,15302.1517835147
GNQ,"Equatorial Guinea",2022,16932.7706827155
GNQ,"Equatorial Guinea",2021,16821.4486470413
GNQ,"Equatorial Guinea",2020,17089.153726379
GNQ,"Equatorial Guinea",2019,18446.5916579681
GNQ,"Equatorial Guinea",2018,20165.4795550607
GNQ,"Equatorial Guinea",2017,22250.4389230263
GNQ,"Equatorial Guinea",2016,24435.0645564801
GNQ,"Equatorial Guinea",2015,27797.7942803179
GNQ,"Equatorial Guinea",2014,31765.8997056851
GNQ,"Equatorial Guinea",2013,32894.3693189101
GNQ,"Equatorial Guinea",2012,35711.4919273537
GNQ,"Equatorial Guinea",2011,34341.9342607505
GNQ,"Equatorial Guinea",2010,33668.8740654852
GNQ,"Equatorial Guinea",2009,38706.6052512135
GNQ,"Equatorial Guinea",2008,39994.6159790647
GNQ,"Equatorial Guinea",2007,35540.4477563657
GNQ,"Equatorial Guinea",2006,32251.7680082519
GNQ,"Equatorial Guinea",2005,31302.957953874
GNQ,"Equatorial Guinea",2004,28225.985816122
GNQ,"Equatorial Guinea",2003,21709.5751241959
GNQ,"Equatorial Guinea",2002,20242.4309684399
GNQ,"Equatorial Guinea",2001,18031.964975074
GNQ,"Equatorial Guinea",2000,11767.4708814313
GNQ,"Equatorial Guinea",1999,10492.4649475554
GNQ,"Equatorial Guinea",1998,8684.6573083064
GNQ,"Equatorial Guinea",1997,7296.10009809843
GNQ,"Equatorial Guinea",1996,3033.84031220306
GNQ,"Equatorial Guinea",1995,1892.11653062527
GNQ,"Equatorial Guinea",1994,1672.34547535897
GNQ,"Equatorial Guinea",1993,1487.81202528588
GNQ,"Equatorial Guinea",1992,1390.47918482013
GNQ,"Equatorial Guinea",1991,1070.82764283041
GNQ,"Equatorial Guinea",1990,1122.81767364664
GNQ,"Equatorial Guinea",1989,
GNQ,"Equatorial Guinea",1988,
GNQ,"Equatorial Guinea",1987,
GNQ,"Equatorial Guinea",1986,
GNQ,"Equatorial Guinea",1985,
GNQ,"Equatorial Guinea",1984,
GNQ,"Equatorial Guinea",1983,
GNQ,"Equatorial Guinea",1982,
GNQ,"Equatorial Guinea",1981,
GNQ,"Equatorial Guinea",1980,
GNQ,"Equatorial Guinea",1979,
GNQ,"Equatorial Guinea",1978,
GNQ,"Equatorial Guinea",1977,
GNQ,"Equatorial Guinea",1976,
GNQ,"Equatorial Guinea",1975,
GNQ,"Equatorial Guinea",1974,
GNQ,"Equatorial Guinea",1973,
GNQ,"Equatorial Guinea",1972,
GNQ,"Equatorial Guinea",1971,
GNQ,"Equatorial Guinea",1970,
GNQ,"Equatorial Guinea",1969,
GNQ,"Equatorial Guinea",1968,
GNQ,"Equatorial Guinea",1967,
GNQ,"Equatorial Guinea",1966,
GNQ,"Equatorial Guinea",1965,
GNQ,"Equatorial Guinea",1964,
GNQ,"Equatorial Guinea",1963,
GNQ,"Equatorial Guinea",1962,
GNQ,"Equatorial Guinea",1961,
GNQ,"Equatorial Guinea",1960,
ERI,"Eritrea",2025,
ERI,"Eritrea",2024,
ERI,"Eritrea",2023,
ERI,"Eritrea",2022,
ERI,"Eritrea",2021,
ERI,"Eritrea",2020,
ERI,"Eritrea",2019,
ERI,"Eritrea",2018,
ERI,"Eritrea",2017,
ERI,"Eritrea",2016,
ERI,"Eritrea",2015,
ERI,"Eritrea",2014,
ERI,"Eritrea",2013,
ERI,"Eritrea",2012,
ERI,"Eritrea",2011,
ERI,"Eritrea",2010,
ERI,"Eritrea",2009,
ERI,"Eritrea",2008,
ERI,"Eritrea",2007,
ERI,"Eritrea",2006,
ERI,"Eritrea",2005,
ERI,"Eritrea",2004,
ERI,"Eritrea",2003,
ERI,"Eritrea",2002,
ERI,"Eritrea",2001,
ERI,"Eritrea",2000,
ERI,"Eritrea",1999,
ERI,"Eritrea",1998,
ERI,"Eritrea",1997,
ERI,"Eritrea",1996,
ERI,"Eritrea",1995,
ERI,"Eritrea",1994,
ERI,"Eritrea",1993,
ERI,"Eritrea",1992,
ERI,"Eritrea",1991,
ERI,"Eritrea",1990,
ERI,"Eritrea",1989,
ERI,"Eritrea",1988,
ERI,"Eritrea",1987,
ERI,"Eritrea",1986,
ERI,"Eritrea",1985,
ERI,"Eritrea",1984,
ERI,"Eritrea",1983,
ERI,"Eritrea",1982,
ERI,"Eritrea",1981,
ERI,"Eritrea",1980,
ERI,"Eritrea",1979,
ERI,"Eritrea",1978,
ERI,"Eritrea",1977,
ERI,"Eritrea",1976,
ERI,"Eritrea",1975,
ERI,"Eritrea",1974,
ERI,"Eritrea",1973,
ERI,"Eritrea",1972,
ERI,"Eritrea",1971,
ERI,"Eritrea",1970,
ERI,"Eritrea",1969,
ERI,"Eritrea",1968,
ERI,"Eritrea",1967,
ERI,"Eritrea",1966,
ERI,"Eritrea",1965,
ERI,"Eritrea",1964,
ERI,"Eritrea",1963,
ERI,"Eritrea",1962,
ERI,"Eritrea",1961,
ERI,"Eritrea",1960,
EST,"Estonia",2025,41604.3226612806
EST,"Estonia",2024,41185.8348356109
EST,"Estonia",2023,41284.7746875532
EST,"Estonia",2022,43124.6196563775
EST,"Estonia",2021,44247.4198971873
EST,"Estonia",2020,40916.7194113327
EST,"Estonia",2019,42215.0343835811
EST,"Estonia",2018,40849.8473475564
EST,"Estonia",2017,39529.785973279
EST,"Estonia",2016,37466.5561839318
EST,"Estonia",2015,36353.0580520449
EST,"Estonia",2014,35720.3025335234
EST,"Estonia",2013,34481.0148921506
EST,"Estonia",2012,33765.4302075072
EST,"Estonia",2011,32453.1008476709
EST,"Estonia",2010,30067.501040775
EST,"Estonia",2009,29281.6798284656
EST,"Estonia",2008,34233.7643806167
EST,"Estonia",2007,35986.5161332684
EST,"Estonia",2006,33301.4945486206
EST,"Estonia",2005,30161.1996133966
EST,"Estonia",2004,27381.5350626694
EST,"Estonia",2003,25485.1613028986
EST,"Estonia",2002,23537.7156816601
EST,"Estonia",2001,21872.6593953112
EST,"Estonia",2000,20526.6606380865
EST,"Estonia",1999,18736.15453395
EST,"Estonia",1998,18871.6196795957
EST,"Estonia",1997,17913.7869992626
EST,"Estonia",1996,15666.1330451502
EST,"Estonia",1995,14709.5998060844
EST,"Estonia",1994,13823.5566022429
EST,"Estonia",1993,13757.0155625665
EST,"Estonia",1992,14223.9075668693
EST,"Estonia",1991,17717.3052283857
EST,"Estonia",1990,19161.4451588782
EST,"Estonia",1989,
EST,"Estonia",1988,
EST,"Estonia",1987,
EST,"Estonia",1986,
EST,"Estonia",1985,
EST,"Estonia",1984,
EST,"Estonia",1983,
EST,"Estonia",1982,
EST,"Estonia",1981,
EST,"Estonia",1980,
EST,"Estonia",1979,
EST,"Estonia",1978,
EST,"Estonia",1977,
EST,"Estonia",1976,
EST,"Estonia",1975,
EST,"Estonia",1974,
EST,"Estonia",1973,
EST,"Estonia",1972,
EST,"Estonia",1971,
EST,"Estonia",1970,
EST,"Estonia",1969,
EST,"Estonia",1968,
EST,"Estonia",1967,
EST,"Estonia",1966,
EST,"Estonia",1965,
EST,"Estonia",1964,
EST,"Estonia",1963,
EST,"Estonia",1962,
EST,"Estonia",1961,
EST,"Estonia",1960,
SWZ,"Eswatini",2025,10706.7778049468
SWZ,"Eswatini",2024,10386.2145717572
SWZ,"Eswatini",2023,10181.5040730397
SWZ,"Eswatini",2022,9927.60567008139
SWZ,"Eswatini",2021,9990.43491951205
SWZ,"Eswatini",2020,9695.82498058755
SWZ,"Eswatini",2019,10099.5863118406
SWZ,"Eswatini",2018,9578.10061089805
SWZ,"Eswatini",2017,9660.55161538086
SWZ,"Eswatini",2016,9402.50834103681
SWZ,"Eswatini",2015,9186.65344720515
SWZ,"Eswatini",2014,9084.49405780635
SWZ,"Eswatini",2013,8951.05749805891
SWZ,"Eswatini",2012,8645.84478287802
SWZ,"Eswatini",2011,8350.89190932865
SWZ,"Eswatini",2010,8245.64153332215
SWZ,"Eswatini",2009,7988.59750005303
SWZ,"Eswatini",2008,7926.37961138221
SWZ,"Eswatini",2007,7866.73073455273
SWZ,"Eswatini",2006,7584.72030617794
SWZ,"Eswatini",2005,7142.1921864324
SWZ,"Eswatini",2004,6775.2217412302
SWZ,"Eswatini",2003,6578.30152863605
SWZ,"Eswatini",2002,6335.81351839193
SWZ,"Eswatini",2001,6135.45299954297
SWZ,"Eswatini",2000,6106.07478740465
SWZ,"Eswatini",1999,6062.34805932084
SWZ,"Eswatini",1998,5952.85423199252
SWZ,"Eswatini",1997,5876.80341710822
SWZ,"Eswatini",1996,5796.65255094723
SWZ,"Eswatini",1995,5693.82195475567
SWZ,"Eswatini",1994,5427.35001977251
SWZ,"Eswatini",1993,5299.53230191625
SWZ,"Eswatini",1992,5291.89628992752
SWZ,"Eswatini",1991,5325.35246393254
SWZ,"Eswatini",1990,5447.73900233346
SWZ,"Eswatini",1989,
SWZ,"Eswatini",1988,
SWZ,"Eswatini",1987,
SWZ,"Eswatini",1986,
SWZ,"Eswatini",1985,
SWZ,"Eswatini",1984,
SWZ,"Eswatini",1983,
SWZ,"Eswatini",1982,
SWZ,"Eswatini",1981,
SWZ,"Eswatini",1980,
SWZ,"Eswatini",1979,
SWZ,"Eswatini",1978,
SWZ,"Eswatini",1977,
SWZ,"Eswatini",1976,
SWZ,"Eswatini",1975,
SWZ,"Eswatini",1974,
SWZ,"Eswatini",1973,
SWZ,"Eswatini",1972,
SWZ,"Eswatini",1971,
SWZ,"Eswatini",1970,
SWZ,"Eswatini",1969,
SWZ,"Eswatini",1968,
SWZ,"Eswatini",1967,
SWZ,"Eswatini",1966,
SWZ,"Eswatini",1965,
SWZ,"Eswatini",1964,
SWZ,"Eswatini",1963,
SWZ,"Eswatini",1962,
SWZ,"Eswatini",1961,
SWZ,"Eswatini",1960,
ETH,"Ethiopia",2025,3094.86811868352
ETH,"Ethiopia",2024,2892.22220162795
ETH,"Ethiopia",2023,2757.95923626099
ETH,"Ethiopia",2022,2655.59276743639
ETH,"Ethiopia",2021,2588.41310213778
ETH,"Ethiopia",2020,2516.54907638899
ETH,"Ethiopia",2019,2437.97046047967
ETH,"Ethiopia",2018,2311.16511656359
ETH,"Ethiopia",2017,2222.82824478259
ETH,"Ethiopia",2016,2084.84055616471
ETH,"Ethiopia",2015,1957.41454184551
ETH,"Ethiopia",2014,1821.39161772403
ETH,"Ethiopia",2013,1696.86515588665
ETH,"Ethiopia",2012,1576.76875733933
ETH,"Ethiopia",2011,1492.53396469943
ETH,"Ethiopia",2010,1381.19044650715
ETH,"Ethiopia",2009,1262.46398000981
ETH,"Ethiopia",2008,1193.74728331296
ETH,"Ethiopia",2007,1109.14330259683
ETH,"Ethiopia",2006,1024.72911937532
ETH,"Ethiopia",2005,952.115666282409
ETH,"Ethiopia",2004,877.114494958363
ETH,"Ethiopia",2003,795.772138298998
ETH,"Ethiopia",2002,838.298046952135
ETH,"Ethiopia",2001,851.313428411291
ETH,"Ethiopia",2000,810.270749115591
ETH,"Ethiopia",1999,787.679577475987
ETH,"Ethiopia",1998,772.786646386223
ETH,"Ethiopia",1997,826.005218027215
ETH,"Ethiopia",1996,826.991658768996
ETH,"Ethiopia",1995,760.264345010486
ETH,"Ethiopia",1994,741.176623590106
ETH,"Ethiopia",1993,743.708485784759
ETH,"Ethiopia",1992,680.834766968487
ETH,"Ethiopia",1991,777.523566111367
ETH,"Ethiopia",1990,874.346936177412
ETH,"Ethiopia",1989,
ETH,"Ethiopia",1988,
ETH,"Ethiopia",1987,
ETH,"Ethiopia",1986,
ETH,"Ethiopia",1985,
ETH,"Ethiopia",1984,
ETH,"Ethiopia",1983,
ETH,"Ethiopia",1982,
ETH,"Ethiopia",1981,
ETH,"Ethiopia",1980,
ETH,"Ethiopia",1979,
ETH,"Ethiopia",1978,
ETH,"Ethiopia",1977,
ETH,"Ethiopia",1976,
ETH,"Ethiopia",1975,
ETH,"Ethiopia",1974,
ETH,"Ethiopia",1973,
ETH,"Ethiopia",1972,
ETH,"Ethiopia",1971,
ETH,"Ethiopia",1970,
ETH,"Ethiopia",1969,
ETH,"Ethiopia",1968,
ETH,"Ethiopia",1967,
ETH,"Ethiopia",1966,
ETH,"Ethiopia",1965,
ETH,"Ethiopia",1964,
ETH,"Ethiopia",1963,
ETH,"Ethiopia",1962,
ETH,"Ethiopia",1961,
ETH,"Ethiopia",1960,
FRO,"Faroe Islands",2025,
FRO,"Faroe Islands",2024,72113.6513885269
FRO,"Faroe Islands",2023,71828.4342781841
FRO,"Faroe Islands",2022,70268.4497197492
FRO,"Faroe Islands",2021,68433.2144298182
FRO,"Faroe Islands",2020,66037.9361506945
FRO,"Faroe Islands",2019,68136.6617957112
FRO,"Faroe Islands",2018,66192.0494379671
FRO,"Faroe Islands",2017,65461.9113301074
FRO,"Faroe Islands",2016,64156.3241575516
FRO,"Faroe Islands",2015,64010.1614022331
FRO,"Faroe Islands",2014,64019.4156670638
FRO,"Faroe Islands",2013,60950.0309827571
FRO,"Faroe Islands",2012,57524.5150997874
FRO,"Faroe Islands",2011,53441.4369353384
FRO,"Faroe Islands",2010,51480.252003895
FRO,"Faroe Islands",2009,51534.6010087672
FRO,"Faroe Islands",2008,54263.326408917
FRO,"Faroe Islands",2007,
FRO,"Faroe Islands",2006,
FRO,"Faroe Islands",2005,
FRO,"Faroe Islands",2004,
FRO,"Faroe Islands",2003,
FRO,"Faroe Islands",2002,
FRO,"Faroe Islands",2001,
FRO,"Faroe Islands",2000,
FRO,"Faroe Islands",1999,
FRO,"Faroe Islands",1998,
FRO,"Faroe Islands",1997,
FRO,"Faroe Islands",1996,
FRO,"Faroe Islands",1995,
FRO,"Faroe Islands",1994,
FRO,"Faroe Islands",1993,
FRO,"Faroe Islands",1992,
FRO,"Faroe Islands",1991,
FRO,"Faroe Islands",1990,
FRO,"Faroe Islands",1989,
FRO,"Faroe Islands",1988,
FRO,"Faroe Islands",1987,
FRO,"Faroe Islands",1986,
FRO,"Faroe Islands",1985,
FRO,"Faroe Islands",1984,
FRO,"Faroe Islands",1983,
FRO,"Faroe Islands",1982,
FRO,"Faroe Islands",1981,
FRO,"Faroe Islands",1980,
FRO,"Faroe Islands",1979,
FRO,"Faroe Islands",1978,
FRO,"Faroe Islands",1977,
FRO,"Faroe Islands",1976,
FRO,"Faroe Islands",1975,
FRO,"Faroe Islands",1974,
FRO,"Faroe Islands",1973,
FRO,"Faroe Islands",1972,
FRO,"Faroe Islands",1971,
FRO,"Faroe Islands",1970,
FRO,"Faroe Islands",1969,
FRO,"Faroe Islands",1968,
FRO,"Faroe Islands",1967,
FRO,"Faroe Islands",1966,
FRO,"Faroe Islands",1965,
FRO,"Faroe Islands",1964,
FRO,"Faroe Islands",1963,
FRO,"Faroe Islands",1962,
FRO,"Faroe Islands",1961,
FRO,"Faroe Islands",1960,
FJI,"Fiji",2025,13961.1183693541
FJI,"Fiji",2024,13592.4635937435
FJI,"Fiji",2023,13194.8047570404
FJI,"Fiji",2022,12118.3182710082
FJI,"Fiji",2021,10322.4279638854
FJI,"Fiji",2020,10812.0355014178
FJI,"Fiji",2019,13056.3310937089
FJI,"Fiji",2018,13100.095939444
FJI,"Fiji",2017,12597.327485488
FJI,"Fiji",2016,11951.9196738327
FJI,"Fiji",2015,11674.0633676202
FJI,"Fiji",2014,11183.3135250834
FJI,"Fiji",2013,10604.1559055372
FJI,"Fiji",2012,10140.693585539
FJI,"Fiji",2011,10020.6957548052
FJI,"Fiji",2010,9784.30360030575
FJI,"Fiji",2009,9536.81722352305
FJI,"Fiji",2008,9711.96604105756
FJI,"Fiji",2007,9672.29020465987
FJI,"Fiji",2006,9837.08586688962
FJI,"Fiji",2005,9745.58143908405
FJI,"Fiji",2004,9766.52774786586
FJI,"Fiji",2003,9361.4641667422
FJI,"Fiji",2002,9357.75382838604
FJI,"Fiji",2001,9157.80844623624
FJI,"Fiji",2000,9070.99318456826
FJI,"Fiji",1999,9328.60659779024
FJI,"Fiji",1998,8673.87811776484
FJI,"Fiji",1997,8669.25170884148
FJI,"Fiji",1996,8956.35014836853
FJI,"Fiji",1995,8600.09282044394
FJI,"Fiji",1994,8432.29830147964
FJI,"Fiji",1993,8067.80452251613
FJI,"Fiji",1992,7950.06641250914
FJI,"Fiji",1991,7547.67822517236
FJI,"Fiji",1990,7820.71719014994
FJI,"Fiji",1989,
FJI,"Fiji",1988,
FJI,"Fiji",1987,
FJI,"Fiji",1986,
FJI,"Fiji",1985,
FJI,"Fiji",1984,
FJI,"Fiji",1983,
FJI,"Fiji",1982,
FJI,"Fiji",1981,
FJI,"Fiji",1980,
FJI,"Fiji",1979,
FJI,"Fiji",1978,
FJI,"Fiji",1977,
FJI,"Fiji",1976,
FJI,"Fiji",1975,
FJI,"Fiji",1974,
FJI,"Fiji",1973,
FJI,"Fiji",1972,
FJI,"Fiji",1971,
FJI,"Fiji",1970,
FJI,"Fiji",1969,
FJI,"Fiji",1968,
FJI,"Fiji",1967,
FJI,"Fiji",1966,
FJI,"Fiji",1965,
FJI,"Fiji",1964,
FJI,"Fiji",1963,
FJI,"Fiji",1962,
FJI,"Fiji",1961,
FJI,"Fiji",1960,
FIN,"Finland",2025,55735.2174921326
FIN,"Finland",2024,55901.3202296588
FIN,"Finland",2023,56051.7701129501
FIN,"Finland",2022,57068.3056478074
FIN,"Finland",2021,56790.3766177692
FIN,"Finland",2020,55424.8574989208
FIN,"Finland",2019,56922.4873163103
FIN,"Finland",2018,56226.337241343
FIN,"Finland",2017,55637.2262781223
FIN,"Finland",2016,53984.6316254715
FIN,"Finland",2015,52782.4873926277
FIN,"Finland",2014,52710.7334867778
FIN,"Finland",2013,53183.4286685126
FIN,"Finland",2012,53957.6680986279
FIN,"Finland",2011,55053.3906850323
FIN,"Finland",2010,54017.9458623339
FIN,"Finland",2009,52599.1487066911
FIN,"Finland",2008,57494.585352886
FIN,"Finland",2007,57313.2916474478
FIN,"Finland",2006,54653.981203281
FIN,"Finland",2005,52744.048034135
FIN,"Finland",2004,51494.705860401
FIN,"Finland",2003,49655.5451564067
FIN,"Finland",2002,48792.4864789775
FIN,"Finland",2001,48099.3014282794
FIN,"Finland",2000,46968.841714507
FIN,"Finland",1999,44505.7114770222
FIN,"Finland",1998,42733.4455712897
FIN,"Finland",1997,40630.921767316
FIN,"Finland",1996,38301.5126175582
FIN,"Finland",1995,37069.62898136
FIN,"Finland",1994,35699.7203086225
FIN,"Finland",1993,34486.7522555352
FIN,"Finland",1992,34926.3833591341
FIN,"Finland",1991,36326.0828945358
FIN,"Finland",1990,38807.1185244347
FIN,"Finland",1989,
FIN,"Finland",1988,
FIN,"Finland",1987,
FIN,"Finland",1986,
FIN,"Finland",1985,
FIN,"Finland",1984,
FIN,"Finland",1983,
FIN,"Finland",1982,
FIN,"Finland",1981,
FIN,"Finland",1980,
FIN,"Finland",1979,
FIN,"Finland",1978,
FIN,"Finland",1977,
FIN,"Finland",1976,
FIN,"Finland",1975,
FIN,"Finland",1974,
FIN,"Finland",1973,
FIN,"Finland",1972,
FIN,"Finland",1971,
FIN,"Finland",1970,
FIN,"Finland",1969,
FIN,"Finland",1968,
FIN,"Finland",1967,
FIN,"Finland",1966,
FIN,"Finland",1965,
FIN,"Finland",1964,
FIN,"Finland",1963,
FIN,"Finland",1962,
FIN,"Finland",1961,
FIN,"Finland",1960,
FRA,"France",2025,55124.5392564395
FRA,"France",2024,54799.3482689389
FRA,"France",2023,54296.7230897731
FRA,"France",2022,53673.8137406422
FRA,"France",2021,52517.3354905855
FRA,"France",2020,49311.333409639
FRA,"France",2019,53448.5548849943
FRA,"France",2018,52560.9536243841
FRA,"France",2017,51895.5662985838
FRA,"France",2016,50984.075297832
FRA,"France",2015,50682.8953586333
FRA,"France",2014,50326.567863089
FRA,"France",2013,50066.5304324783
FRA,"France",2012,49935.6269081617
FRA,"France",2011,50085.6829779109
FRA,"France",2010,49130.422942344
FRA,"France",2009,48404.9657826363
FRA,"France",2008,50068.2969141379
FRA,"France",2007,50157.7837477634
FRA,"France",2006,49223.247197008
FRA,"France",2005,48257.4650937971
FRA,"France",2004,47720.4413351103
FRA,"France",2003,46730.975806379
FRA,"France",2002,46610.7820717214
FRA,"France",2001,46454.8706927365
FRA,"France",2000,45922.4789363701
FRA,"France",1999,44400.1357889191
FRA,"France",1998,43162.5423856938
FRA,"France",1997,41876.9330265158
FRA,"France",1996,40990.7395148125
FRA,"France",1995,40570.7169560557
FRA,"France",1994,39801.3888979817
FRA,"France",1993,39020.6141584284
FRA,"France",1992,39331.9041920718
FRA,"France",1991,38937.9522513749
FRA,"France",1990,38655.8856842914
FRA,"France",1989,
FRA,"France",1988,
FRA,"France",1987,
FRA,"France",1986,
FRA,"France",1985,
FRA,"France",1984,
FRA,"France",1983,
FRA,"France",1982,
FRA,"France",1981,
FRA,"France",1980,
FRA,"France",1979,
FRA,"France",1978,
FRA,"France",1977,
FRA,"France",1976,
FRA,"France",1975,
FRA,"France",1974,
FRA,"France",1973,
FRA,"France",1972,
FRA,"France",1971,
FRA,"France",1970,
FRA,"France",1969,
FRA,"France",1968,
FRA,"France",1967,
FRA,"France",1966,
FRA,"France",1965,
FRA,"France",1964,
FRA,"France",1963,
FRA,"France",1962,
FRA,"France",1961,
FRA,"France",1960,
PYF,"French Polynesia",2025,
PYF,"French Polynesia",2024,
PYF,"French Polynesia",2023,
PYF,"French Polynesia",2022,
PYF,"French Polynesia",2021,
PYF,"French Polynesia",2020,
PYF,"French Polynesia",2019,
PYF,"French Polynesia",2018,
PYF,"French Polynesia",2017,
PYF,"French Polynesia",2016,
PYF,"French Polynesia",2015,
PYF,"French Polynesia",2014,
PYF,"French Polynesia",2013,
PYF,"French Polynesia",2012,
PYF,"French Polynesia",2011,
PYF,"French Polynesia",2010,
PYF,"French Polynesia",2009,
PYF,"French Polynesia",2008,
PYF,"French Polynesia",2007,
PYF,"French Polynesia",2006,
PYF,"French Polynesia",2005,
PYF,"French Polynesia",2004,
PYF,"French Polynesia",2003,
PYF,"French Polynesia",2002,
PYF,"French Polynesia",2001,
PYF,"French Polynesia",2000,
PYF,"French Polynesia",1999,
PYF,"French Polynesia",1998,
PYF,"French Polynesia",1997,
PYF,"French Polynesia",1996,
PYF,"French Polynesia",1995,
PYF,"French Polynesia",1994,
PYF,"French Polynesia",1993,
PYF,"French Polynesia",1992,
PYF,"French Polynesia",1991,
PYF,"French Polynesia",1990,
PYF,"French Polynesia",1989,
PYF,"French Polynesia",1988,
PYF,"French Polynesia",1987,
PYF,"French Polynesia",1986,
PYF,"French Polynesia",1985,
PYF,"French Polynesia",1984,
PYF,"French Polynesia",1983,
PYF,"French Polynesia",1982,
PYF,"French Polynesia",1981,
PYF,"French Polynesia",1980,
PYF,"French Polynesia",1979,
PYF,"French Polynesia",1978,
PYF,"French Polynesia",1977,
PYF,"French Polynesia",1976,
PYF,"French Polynesia",1975,
PYF,"French Polynesia",1974,
PYF,"French Polynesia",1973,
PYF,"French Polynesia",1972,
PYF,"French Polynesia",1971,
PYF,"French Polynesia",1970,
PYF,"French Polynesia",1969,
PYF,"French Polynesia",1968,
PYF,"French Polynesia",1967,
PYF,"French Polynesia",1966,
PYF,"French Polynesia",1965,
PYF,"French Polynesia",1964,
PYF,"French Polynesia",1963,
PYF,"French Polynesia",1962,
PYF,"French Polynesia",1961,
PYF,"French Polynesia",1960,
GAB,"Gabon",2025,18986.4738767293
GAB,"Gabon",2024,18923.6616609778
GAB,"Gabon",2023,18701.4227766323
GAB,"Gabon",2022,18662.0497970472
GAB,"Gabon",2021,18523.5798032135
GAB,"Gabon",2020,18681.4840738546
GAB,"Gabon",2019,19491.4067631396
GAB,"Gabon",2018,19225.5982574678
GAB,"Gabon",2017,19555.707882916
GAB,"Gabon",2016,19988.1755963186
GAB,"Gabon",2015,20147.7116201795
GAB,"Gabon",2014,20008.9899778716
GAB,"Gabon",2013,19836.455485141
GAB,"Gabon",2012,19450.402706679
GAB,"Gabon",2011,19153.0878200945
GAB,"Gabon",2010,18530.5760935497
GAB,"Gabon",2009,17911.1458491118
GAB,"Gabon",2008,18493.0921102783
GAB,"Gabon",2007,19751.876221581
GAB,"Gabon",2006,19224.1268658387
GAB,"Gabon",2005,20385.2899909124
GAB,"Gabon",2004,20438.9307066593
GAB,"Gabon",2003,20875.4549325844
GAB,"Gabon",2002,20981.4798584466
GAB,"Gabon",2001,21604.7804441769
GAB,"Gabon",2000,21717.2240796789
GAB,"Gabon",1999,22713.714440326
GAB,"Gabon",1998,25585.5077964038
GAB,"Gabon",1997,25359.6596581065
GAB,"Gabon",1996,24595.9719624869
GAB,"Gabon",1995,24344.1857400285
GAB,"Gabon",1994,23794.3149295166
GAB,"Gabon",1993,23551.681253301
GAB,"Gabon",1992,23268.9974720576
GAB,"Gabon",1991,24665.6792294333
GAB,"Gabon",1990,23884.810699751
GAB,"Gabon",1989,
GAB,"Gabon",1988,
GAB,"Gabon",1987,
GAB,"Gabon",1986,
GAB,"Gabon",1985,
GAB,"Gabon",1984,
GAB,"Gabon",1983,
GAB,"Gabon",1982,
GAB,"Gabon",1981,
GAB,"Gabon",1980,
GAB,"Gabon",1979,
GAB,"Gabon",1978,
GAB,"Gabon",1977,
GAB,"Gabon",1976,
GAB,"Gabon",1975,
GAB,"Gabon",1974,
GAB,"Gabon",1973,
GAB,"Gabon",1972,
GAB,"Gabon",1971,
GAB,"Gabon",1970,
GAB,"Gabon",1969,
GAB,"Gabon",1968,
GAB,"Gabon",1967,
GAB,"Gabon",1966,
GAB,"Gabon",1965,
GAB,"Gabon",1964,
GAB,"Gabon",1963,
GAB,"Gabon",1962,
GAB,"Gabon",1961,
GAB,"Gabon",1960,
GMB,"Gambia, The",2025,3166.62129644442
GMB,"Gambia, The",2024,3057.6841778633
GMB,"Gambia, The",2023,2963.59873467436
GMB,"Gambia, The",2022,2863.18049829859
GMB,"Gambia, The",2021,2777.79620978324
GMB,"Gambia, The",2020,2702.31919474482
GMB,"Gambia, The",2019,2750.82132179634
GMB,"Gambia, The",2018,2651.43281455826
GMB,"Gambia, The",2017,2533.18683710276
GMB,"Gambia, The",2016,2478.46055756999
GMB,"Gambia, The",2015,2495.95741601525
GMB,"Gambia, The",2014,2465.10971144823
GMB,"Gambia, The",2013,2572.44728941685
GMB,"Gambia, The",2012,2574.93509664061
GMB,"Gambia, The",2011,2519.83983255672
GMB,"Gambia, The",2010,2824.21259222517
GMB,"Gambia, The",2009,2745.32540574768
GMB,"Gambia, The",2008,2649.61119865306
GMB,"Gambia, The",2007,2567.15728802982
GMB,"Gambia, The",2006,2564.68653970519
GMB,"Gambia, The",2005,2653.64239155191
GMB,"Gambia, The",2004,2794.19352609118
GMB,"Gambia, The",2003,2682.47993310133
GMB,"Gambia, The",2002,2578.557145742
GMB,"Gambia, The",2001,2737.69610805906
GMB,"Gambia, The",2000,2658.61770579464
GMB,"Gambia, The",1999,2589.97773860396
GMB,"Gambia, The",1998,2502.76477124298
GMB,"Gambia, The",1997,2486.93798396527
GMB,"Gambia, The",1996,2439.04551648512
GMB,"Gambia, The",1995,2456.00078113606
GMB,"Gambia, The",1994,2508.1039153389
GMB,"Gambia, The",1993,2586.13041645703
GMB,"Gambia, The",1992,2604.26903326754
GMB,"Gambia, The",1991,2623.64161607507
GMB,"Gambia, The",1990,2653.78291392125
GMB,"Gambia, The",1989,
GMB,"Gambia, The",1988,
GMB,"Gambia, The",1987,
GMB,"Gambia, The",1986,
GMB,"Gambia, The",1985,
GMB,"Gambia, The",1984,
GMB,"Gambia, The",1983,
GMB,"Gambia, The",1982,
GMB,"Gambia, The",1981,
GMB,"Gambia, The",1980,
GMB,"Gambia, The",1979,
GMB,"Gambia, The",1978,
GMB,"Gambia, The",1977,
GMB,"Gambia, The",1976,
GMB,"Gambia, The",1975,
GMB,"Gambia, The",1974,
GMB,"Gambia, The",1973,
GMB,"Gambia, The",1972,
GMB,"Gambia, The",1971,
GMB,"Gambia, The",1970,
GMB,"Gambia, The",1969,
GMB,"Gambia, The",1968,
GMB,"Gambia, The",1967,
GMB,"Gambia, The",1966,
GMB,"Gambia, The",1965,
GMB,"Gambia, The",1964,
GMB,"Gambia, The",1963,
GMB,"Gambia, The",1962,
GMB,"Gambia, The",1961,
GMB,"Gambia, The",1960,
GEO,"Georgia",2025,25135.7822457412
GEO,"Georgia",2024,24146.6234108645
GEO,"Georgia",2023,22590.5293649146
GEO,"Georgia",2022,20966.5280391134
GEO,"Georgia",2021,18915.6534005263
GEO,"Georgia",2020,17031.1440283426
GEO,"Georgia",2019,18186.8816465807
GEO,"Georgia",2018,17228.6790847503
GEO,"Georgia",2017,16237.6242230275
GEO,"Georgia",2016,15442.9564358054
GEO,"Georgia",2015,14936.8434116647
GEO,"Georgia",2014,14475.3135356035
GEO,"Georgia",2013,13913.0018245661
GEO,"Georgia",2012,13193.9596974054
GEO,"Georgia",2011,12288.6828861156
GEO,"Georgia",2010,11294.3685917112
GEO,"Georgia",2009,10553.0896395853
GEO,"Georgia",2008,10856.1031328003
GEO,"Georgia",2007,10567.2747164758
GEO,"Georgia",2006,9337.98906420101
GEO,"Georgia",2005,8485.58670534953
GEO,"Georgia",2004,7693.91525392067
GEO,"Georgia",2003,7227.73705960701
GEO,"Georgia",2002,6464.32539672648
GEO,"Georgia",2001,6074.08643017282
GEO,"Georgia",2000,5706.27236527837
GEO,"Georgia",1999,5495.24505052866
GEO,"Georgia",1998,5233.28837672816
GEO,"Georgia",1997,4951.81291757472
GEO,"Georgia",1996,4339.0046688347
GEO,"Georgia",1995,3762.81153750309
GEO,"Georgia",1994,3532.3200811072
GEO,"Georgia",1993,3882.02029747648
GEO,"Georgia",1992,5533.21082317728
GEO,"Georgia",1991,10120.1628881435
GEO,"Georgia",1990,12917.0944269361
GEO,"Georgia",1989,
GEO,"Georgia",1988,
GEO,"Georgia",1987,
GEO,"Georgia",1986,
GEO,"Georgia",1985,
GEO,"Georgia",1984,
GEO,"Georgia",1983,
GEO,"Georgia",1982,
GEO,"Georgia",1981,
GEO,"Georgia",1980,
GEO,"Georgia",1979,
GEO,"Georgia",1978,
GEO,"Georgia",1977,
GEO,"Georgia",1976,
GEO,"Georgia",1975,
GEO,"Georgia",1974,
GEO,"Georgia",1973,
GEO,"Georgia",1972,
GEO,"Georgia",1971,
GEO,"Georgia",1970,
GEO,"Georgia",1969,
GEO,"Georgia",1968,
GEO,"Georgia",1967,
GEO,"Georgia",1966,
GEO,"Georgia",1965,
GEO,"Georgia",1964,
GEO,"Georgia",1963,
GEO,"Georgia",1962,
GEO,"Georgia",1961,
GEO,"Georgia",1960,
DEU,"Germany",2025,62823.7736648822
DEU,"Germany",2024,62654.602264023
DEU,"Germany",2023,63140.1949099669
DEU,"Germany",2022,63777.9291029299
DEU,"Germany",2021,62630.7748127737
DEU,"Germany",2020,60299.5767710809
DEU,"Germany",2019,62949.8932511855
DEU,"Germany",2018,62481.1183971045
DEU,"Germany",2017,61965.4342904965
DEU,"Germany",2016,60504.5857417161
DEU,"Germany",2015,59668.9890355282
DEU,"Germany",2014,59203.2340879963
DEU,"Germany",2013,58182.0766176953
DEU,"Germany",2012,58110.3768512245
DEU,"Germany",2011,57950.9589729677
DEU,"Germany",2010,54826.255453315
DEU,"Germany",2009,52568.797424995
DEU,"Germany",2008,55513.7558858315
DEU,"Germany",2007,54920.6589299724
DEU,"Germany",2006,53307.1623767517
DEU,"Germany",2005,51264.8193748941
DEU,"Germany",2004,50786.0176463275
DEU,"Germany",2003,50191.7219389611
DEU,"Germany",2002,50486.998248551
DEU,"Germany",2001,50687.6500447924
DEU,"Germany",2000,49955.6461286496
DEU,"Germany",1999,48624.6484373602
DEU,"Germany",1998,47641.5271845024
DEU,"Germany",1997,46670.7053500672
DEU,"Germany",1996,45888.1269604813
DEU,"Germany",1995,45548.4181139802
DEU,"Germany",1994,45005.1589836478
DEU,"Germany",1993,44018.4380932542
DEU,"Germany",1992,44744.1399691155
DEU,"Germany",1991,44195.7164731544
DEU,"Germany",1990,42355.2860956177
DEU,"Germany",1989,
DEU,"Germany",1988,
DEU,"Germany",1987,
DEU,"Germany",1986,
DEU,"Germany",1985,
DEU,"Germany",1984,
DEU,"Germany",1983,
DEU,"Germany",1982,
DEU,"Germany",1981,
DEU,"Germany",1980,
DEU,"Germany",1979,
DEU,"Germany",1978,
DEU,"Germany",1977,
DEU,"Germany",1976,
DEU,"Germany",1975,
DEU,"Germany",1974,
DEU,"Germany",1973,
DEU,"Germany",1972,
DEU,"Germany",1971,
DEU,"Germany",1970,
DEU,"Germany",1969,
DEU,"Germany",1968,
DEU,"Germany",1967,
DEU,"Germany",1966,
DEU,"Germany",1965,
DEU,"Germany",1964,
DEU,"Germany",1963,
DEU,"Germany",1962,
DEU,"Germany",1961,
DEU,"Germany",1960,
GHA,"Ghana",2025,7357.83332993014
GHA,"Ghana",2024,7072.79879594445
GHA,"Ghana",2023,6808.53775003964
GHA,"Ghana",2022,6728.45413832472
GHA,"Ghana",2021,6607.50297378321
GHA,"Ghana",2020,6412.68541762469
GHA,"Ghana",2019,6508.24652305901
GHA,"Ghana",2018,6234.51208201488
GHA,"Ghana",2017,5993.63085211077
GHA,"Ghana",2016,5666.07795334591
GHA,"Ghana",2015,5607.36635657413
GHA,"Ghana",2014,5619.07233511591
GHA,"Ghana",2013,5593.77481886917
GHA,"Ghana",2012,5339.71321903045
GHA,"Ghana",2011,5005.36732498187
GHA,"Ghana",2010,4495.68916584106
GHA,"Ghana",2009,4269.16005861557
GHA,"Ghana",2008,4174.78124103364
GHA,"Ghana",2007,3923.12567803728
GHA,"Ghana",2006,3857.86154847605
GHA,"Ghana",2005,3721.30785741996
GHA,"Ghana",2004,3607.36522285021
GHA,"Ghana",2003,3507.75105744843
GHA,"Ghana",2002,3425.61820934278
GHA,"Ghana",2001,3369.50702508212
GHA,"Ghana",2000,3327.35199291767
GHA,"Ghana",1999,3290.26865235748
GHA,"Ghana",1998,3229.48228272631
GHA,"Ghana",1997,3160.44504053249
GHA,"Ghana",1996,3106.18555480388
GHA,"Ghana",1995,3039.68873031674
GHA,"Ghana",1994,2989.34731012131
GHA,"Ghana",1993,2964.26600943658
GHA,"Ghana",1992,2897.83543196858
GHA,"Ghana",1991,2859.82702166411
GHA,"Ghana",1990,2785.67114332501
GHA,"Ghana",1989,
GHA,"Ghana",1988,
GHA,"Ghana",1987,
GHA,"Ghana",1986,
GHA,"Ghana",1985,
GHA,"Ghana",1984,
GHA,"Ghana",1983,
GHA,"Ghana",1982,
GHA,"Ghana",1981,
GHA,"Ghana",1980,
GHA,"Ghana",1979,
GHA,"Ghana",1978,
GHA,"Ghana",1977,
GHA,"Ghana",1976,
GHA,"Ghana",1975,
GHA,"Ghana",1974,
GHA,"Ghana",1973,
GHA,"Ghana",1972,
GHA,"Ghana",1971,
GHA,"Ghana",1970,
GHA,"Ghana",1969,
GHA,"Ghana",1968,
GHA,"Ghana",1967,
GHA,"Ghana",1966,
GHA,"Ghana",1965,
GHA,"Ghana",1964,
GHA,"Ghana",1963,
GHA,"Ghana",1962,
GHA,"Ghana",1961,
GHA,"Ghana",1960,
GIB,"Gibraltar",2025,
GIB,"Gibraltar",2024,
GIB,"Gibraltar",2023,
GIB,"Gibraltar",2022,
GIB,"Gibraltar",2021,
GIB,"Gibraltar",2020,
GIB,"Gibraltar",2019,
GIB,"Gibraltar",2018,
GIB,"Gibraltar",2017,
GIB,"Gibraltar",2016,
GIB,"Gibraltar",2015,
GIB,"Gibraltar",2014,
GIB,"Gibraltar",2013,
GIB,"Gibraltar",2012,
GIB,"Gibraltar",2011,
GIB,"Gibraltar",2010,
GIB,"Gibraltar",2009,
GIB,"Gibraltar",2008,
GIB,"Gibraltar",2007,
GIB,"Gibraltar",2006,
GIB,"Gibraltar",2005,
GIB,"Gibraltar",2004,
GIB,"Gibraltar",2003,
GIB,"Gibraltar",2002,
GIB,"Gibraltar",2001,
GIB,"Gibraltar",2000,
GIB,"Gibraltar",1999,
GIB,"Gibraltar",1998,
GIB,"Gibraltar",1997,
GIB,"Gibraltar",1996,
GIB,"Gibraltar",1995,
GIB,"Gibraltar",1994,
GIB,"Gibraltar",1993,
GIB,"Gibraltar",1992,
GIB,"Gibraltar",1991,
GIB,"Gibraltar",1990,
GIB,"Gibraltar",1989,
GIB,"Gibraltar",1988,
GIB,"Gibraltar",1987,
GIB,"Gibraltar",1986,
GIB,"Gibraltar",1985,
GIB,"Gibraltar",1984,
GIB,"Gibraltar",1983,
GIB,"Gibraltar",1982,
GIB,"Gibraltar",1981,
GIB,"Gibraltar",1980,
GIB,"Gibraltar",1979,
GIB,"Gibraltar",1978,
GIB,"Gibraltar",1977,
GIB,"Gibraltar",1976,
GIB,"Gibraltar",1975,
GIB,"Gibraltar",1974,
GIB,"Gibraltar",1973,
GIB,"Gibraltar",1972,
GIB,"Gibraltar",1971,
GIB,"Gibraltar",1970,
GIB,"Gibraltar",1969,
GIB,"Gibraltar",1968,
GIB,"Gibraltar",1967,
GIB,"Gibraltar",1966,
GIB,"Gibraltar",1965,
GIB,"Gibraltar",1964,
GIB,"Gibraltar",1963,
GIB,"Gibraltar",1962,
GIB,"Gibraltar",1961,
GIB,"Gibraltar",1960,
GRC,"Greece",2025,38218.721628616
GRC,"Greece",2024,37474.2798239947
GRC,"Greece",2023,36700.5134631055
GRC,"Greece",2022,35828.1756641776
GRC,"Greece",2021,33528.2271202515
GRC,"Greece",2020,30487.1129331045
GRC,"Greece",2019,33502.7506488997
GRC,"Greece",2018,32722.3310444029
GRC,"Greece",2017,31995.4108838386
GRC,"Greece",2016,31468.6198471099
GRC,"Greece",2015,31347.976574604
GRC,"Greece",2014,31213.3765120298
GRC,"Greece",2013,30762.4432227813
GRC,"Greece",2012,31250.2268565956
GRC,"Greece",2011,33906.4917435676
GRC,"Greece",2010,37566.7483686263
GRC,"Greece",2009,39886.2135496664
GRC,"Greece",2008,41709.3877420312
GRC,"Greece",2007,41796.2336918303
GRC,"Greece",2006,40483.1569225337
GRC,"Greece",2005,38146.962971083
GRC,"Greece",2004,37811.4913664483
GRC,"Greece",2003,35970.7016808475
GRC,"Greece",2002,34081.0289759343
GRC,"Greece",2001,32675.9292327768
GRC,"Greece",2000,31386.639783624
GRC,"Greece",1999,30263.0543705003
GRC,"Greece",1998,29592.525483114
GRC,"Greece",1997,28768.2401472217
GRC,"Greece",1996,27905.1065690594
GRC,"Greece",1995,27646.1476383588
GRC,"Greece",1994,27204.3958682198
GRC,"Greece",1993,26804.8537616148
GRC,"Greece",1992,27401.424003405
GRC,"Greece",1991,27419.6029332234
GRC,"Greece",1990,26916.3125225704
GRC,"Greece",1989,
GRC,"Greece",1988,
GRC,"Greece",1987,
GRC,"Greece",1986,
GRC,"Greece",1985,
GRC,"Greece",1984,
GRC,"Greece",1983,
GRC,"Greece",1982,
GRC,"Greece",1981,
GRC,"Greece",1980,
GRC,"Greece",1979,
GRC,"Greece",1978,
GRC,"Greece",1977,
GRC,"Greece",1976,
GRC,"Greece",1975,
GRC,"Greece",1974,
GRC,"Greece",1973,
GRC,"Greece",1972,
GRC,"Greece",1971,
GRC,"Greece",1970,
GRC,"Greece",1969,
GRC,"Greece",1968,
GRC,"Greece",1967,
GRC,"Greece",1966,
GRC,"Greece",1965,
GRC,"Greece",1964,
GRC,"Greece",1963,
GRC,"Greece",1962,
GRC,"Greece",1961,
GRC,"Greece",1960,
GRL,"Greenland",2025,
GRL,"Greenland",2024,
GRL,"Greenland",2023,71037.5372239623
GRL,"Greenland",2022,70681.2253902158
GRL,"Greenland",2021,69302.0088788237
GRL,"Greenland",2020,68533.7339902964
GRL,"Greenland",2019,68534.9419039133
GRL,"Greenland",2018,66887.6779268926
GRL,"Greenland",2017,66297.1790691281
GRL,"Greenland",2016,66245.7294730698
GRL,"Greenland",2015,63364.0536061164
GRL,"Greenland",2014,64799.3056628017
GRL,"Greenland",2013,61659.6415225985
GRL,"Greenland",2012,62111.1033086807
GRL,"Greenland",2011,61170.9203658321
GRL,"Greenland",2010,61863.2826915137
GRL,"Greenland",2009,61035.5672997071
GRL,"Greenland",2008,60506.1946272328
GRL,"Greenland",2007,56763.2387284359
GRL,"Greenland",2006,55243.7102798786
GRL,"Greenland",2005,52189.001485462
GRL,"Greenland",2004,49742.0582266726
GRL,"Greenland",2003,46649.0480779756
GRL,"Greenland",2002,44793.2704252565
GRL,"Greenland",2001,45405.8543742044
GRL,"Greenland",2000,44991.6751496134
GRL,"Greenland",1999,42072.0565017419
GRL,"Greenland",1998,41500.2312703294
GRL,"Greenland",1997,38581.2151944518
GRL,"Greenland",1996,38090.7089953713
GRL,"Greenland",1995,37584.0719088915
GRL,"Greenland",1994,36428.9123982244
GRL,"Greenland",1993,34578.3464998854
GRL,"Greenland",1992,36343.125721052
GRL,"Greenland",1991,38162.9342232621
GRL,"Greenland",1990,38137.5684896955
GRL,"Greenland",1989,
GRL,"Greenland",1988,
GRL,"Greenland",1987,
GRL,"Greenland",1986,
GRL,"Greenland",1985,
GRL,"Greenland",1984,
GRL,"Greenland",1983,
GRL,"Greenland",1982,
GRL,"Greenland",1981,
GRL,"Greenland",1980,
GRL,"Greenland",1979,
GRL,"Greenland",1978,
GRL,"Greenland",1977,
GRL,"Greenland",1976,
GRL,"Greenland",1975,
GRL,"Greenland",1974,
GRL,"Greenland",1973,
GRL,"Greenland",1972,
GRL,"Greenland",1971,
GRL,"Greenland",1970,
GRL,"Greenland",1969,
GRL,"Greenland",1968,
GRL,"Greenland",1967,
GRL,"Greenland",1966,
GRL,"Greenland",1965,
GRL,"Greenland",1964,
GRL,"Greenland",1963,
GRL,"Greenland",1962,
GRL,"Greenland",1961,
GRL,"Greenland",1960,
GRD,"Grenada",2025,18240.9934237926
GRD,"Grenada",2024,17484.5153919556
GRD,"Grenada",2023,17093.1562867447
GRD,"Grenada",2022,16376.4273099594
GRD,"Grenada",2021,15290.250903138
GRD,"Grenada",2020,14647.7451384876
GRD,"Grenada",2019,17036.9151689715
GRD,"Grenada",2018,16964.852001696
GRD,"Grenada",2017,16291.4894625979
GRD,"Grenada",2016,15640.8274503805
GRD,"Grenada",2015,15136.6966673773
GRD,"Grenada",2014,14287.9538720088
GRD,"Grenada",2013,13386.3189064112
GRD,"Grenada",2012,13161.3955324377
GRD,"Grenada",2011,13397.8500405513
GRD,"Grenada",2010,13354.9085012616
GRD,"Grenada",2009,13463.580293958
GRD,"Grenada",2008,14463.560012123
GRD,"Grenada",2007,14376.2824512778
GRD,"Grenada",2006,13594.355159621
GRD,"Grenada",2005,14211.8426569264
GRD,"Grenada",2004,12593.3546257337
GRD,"Grenada",2003,12726.5266219464
GRD,"Grenada",2002,11677.7034172407
GRD,"Grenada",2001,11333.2377092409
GRD,"Grenada",2000,11625.050939182
GRD,"Grenada",1999,11158.4897298503
GRD,"Grenada",1998,10509.109807501
GRD,"Grenada",1997,9467.7770534851
GRD,"Grenada",1996,9076.71902949207
GRD,"Grenada",1995,8750.81831848402
GRD,"Grenada",1994,8629.08629470408
GRD,"Grenada",1993,8548.03859699698
GRD,"Grenada",1992,8785.75882374895
GRD,"Grenada",1991,8932.30359919008
GRD,"Grenada",1990,8883.91901529785
GRD,"Grenada",1989,
GRD,"Grenada",1988,
GRD,"Grenada",1987,
GRD,"Grenada",1986,
GRD,"Grenada",1985,
GRD,"Grenada",1984,
GRD,"Grenada",1983,
GRD,"Grenada",1982,
GRD,"Grenada",1981,
GRD,"Grenada",1980,
GRD,"Grenada",1979,
GRD,"Grenada",1978,
GRD,"Grenada",1977,
GRD,"Grenada",1976,
GRD,"Grenada",1975,
GRD,"Grenada",1974,
GRD,"Grenada",1973,
GRD,"Grenada",1972,
GRD,"Grenada",1971,
GRD,"Grenada",1970,
GRD,"Grenada",1969,
GRD,"Grenada",1968,
GRD,"Grenada",1967,
GRD,"Grenada",1966,
GRD,"Grenada",1965,
GRD,"Grenada",1964,
GRD,"Grenada",1963,
GRD,"Grenada",1962,
GRD,"Grenada",1961,
GRD,"Grenada",1960,
GUM,"Guam",2025,
GUM,"Guam",2024,
GUM,"Guam",2023,
GUM,"Guam",2022,
GUM,"Guam",2021,
GUM,"Guam",2020,
GUM,"Guam",2019,
GUM,"Guam",2018,
GUM,"Guam",2017,
GUM,"Guam",2016,
GUM,"Guam",2015,
GUM,"Guam",2014,
GUM,"Guam",2013,
GUM,"Guam",2012,
GUM,"Guam",2011,
GUM,"Guam",2010,
GUM,"Guam",2009,
GUM,"Guam",2008,
GUM,"Guam",2007,
GUM,"Guam",2006,
GUM,"Guam",2005,
GUM,"Guam",2004,
GUM,"Guam",2003,
GUM,"Guam",2002,
GUM,"Guam",2001,
GUM,"Guam",2000,
GUM,"Guam",1999,
GUM,"Guam",1998,
GUM,"Guam",1997,
GUM,"Guam",1996,
GUM,"Guam",1995,
GUM,"Guam",1994,
GUM,"Guam",1993,
GUM,"Guam",1992,
GUM,"Guam",1991,
GUM,"Guam",1990,
GUM,"Guam",1989,
GUM,"Guam",1988,
GUM,"Guam",1987,
GUM,"Guam",1986,
GUM,"Guam",1985,
GUM,"Guam",1984,
GUM,"Guam",1983,
GUM,"Guam",1982,
GUM,"Guam",1981,
GUM,"Guam",1980,
GUM,"Guam",1979,
GUM,"Guam",1978,
GUM,"Guam",1977,
GUM,"Guam",1976,
GUM,"Guam",1975,
GUM,"Guam",1974,
GUM,"Guam",1973,
GUM,"Guam",1972,
GUM,"Guam",1971,
GUM,"Guam",1970,
GUM,"Guam",1969,
GUM,"Guam",1968,
GUM,"Guam",1967,
GUM,"Guam",1966,
GUM,"Guam",1965,
GUM,"Guam",1964,
GUM,"Guam",1963,
GUM,"Guam",1962,
GUM,"Guam",1961,
GUM,"Guam",1960,
GTM,"Guatemala",2025,12986.5241144632
GTM,"Guatemala",2024,12643.9841235004
GTM,"Guatemala",2023,12380.3715121996
GTM,"Guatemala",2022,12144.4800461597
GTM,"Guatemala",2021,11825.141273764
GTM,"Guatemala",2020,11097.1503902986
GTM,"Guatemala",2019,11466.3764932197
GTM,"Guatemala",2018,11192.3719192725
GTM,"Guatemala",2017,11005.4592851719
GTM,"Guatemala",2016,10872.5938902469
GTM,"Guatemala",2015,10785.9583125957
GTM,"Guatemala",2014,10553.563988977
GTM,"Guatemala",2013,10297.8392994827
GTM,"Guatemala",2012,10126.8330566224
GTM,"Guatemala",2011,10032.0932829709
GTM,"Guatemala",2010,9825.022234198
GTM,"Guatemala",2009,9740.71387674159
GTM,"Guatemala",2008,9889.57668418909
GTM,"Guatemala",2007,9772.80992048501
GTM,"Guatemala",2006,9386.00549814138
GTM,"Guatemala",2005,9099.7275067528
GTM,"Guatemala",2004,9003.86136388797
GTM,"Guatemala",2003,8926.15771786373
GTM,"Guatemala",2002,8901.54046462168
GTM,"Guatemala",2001,8771.15927218783
GTM,"Guatemala",2000,8770.40815272307
GTM,"Guatemala",1999,8668.43099775145
GTM,"Guatemala",1998,8559.99025739148
GTM,"Guatemala",1997,8364.1651916099
GTM,"Guatemala",1996,8222.06920351134
GTM,"Guatemala",1995,8195.34970997959
GTM,"Guatemala",1994,8018.28330821547
GTM,"Guatemala",1993,7915.41059815185
GTM,"Guatemala",1992,7822.2634402435
GTM,"Guatemala",1991,7662.17099856969
GTM,"Guatemala",1990,7594.73215267529
GTM,"Guatemala",1989,
GTM,"Guatemala",1988,
GTM,"Guatemala",1987,
GTM,"Guatemala",1986,
GTM,"Guatemala",1985,
GTM,"Guatemala",1984,
GTM,"Guatemala",1983,
GTM,"Guatemala",1982,
GTM,"Guatemala",1981,
GTM,"Guatemala",1980,
GTM,"Guatemala",1979,
GTM,"Guatemala",1978,
GTM,"Guatemala",1977,
GTM,"Guatemala",1976,
GTM,"Guatemala",1975,
GTM,"Guatemala",1974,
GTM,"Guatemala",1973,
GTM,"Guatemala",1972,
GTM,"Guatemala",1971,
GTM,"Guatemala",1970,
GTM,"Guatemala",1969,
GTM,"Guatemala",1968,
GTM,"Guatemala",1967,
GTM,"Guatemala",1966,
GTM,"Guatemala",1965,
GTM,"Guatemala",1964,
GTM,"Guatemala",1963,
GTM,"Guatemala",1962,
GTM,"Guatemala",1961,
GTM,"Guatemala",1960,
GIN,"Guinea",2025,4216.85970804544
GIN,"Guinea",2024,4016.34191385979
GIN,"Guinea",2023,3904.82395527998
GIN,"Guinea",2022,3792.01068836277
GIN,"Guinea",2021,3738.8051255133
GIN,"Guinea",2020,3630.99330577677
GIN,"Guinea",2019,3557.46233883145
GIN,"Guinea",2018,3455.64512638662
GIN,"Guinea",2017,3332.76576150531
GIN,"Guinea",2016,3099.78874189372
GIN,"Guinea",2015,2869.85157178732
GIN,"Guinea",2014,2834.96634347846
GIN,"Guinea",2013,2802.56007024474
GIN,"Guinea",2012,2762.90350938513
GIN,"Guinea",2011,2673.40873029955
GIN,"Guinea",2010,2594.83050344245
GIN,"Guinea",2009,2537.30645758746
GIN,"Guinea",2008,2629.5397474637
GIN,"Guinea",2007,2587.0048887648
GIN,"Guinea",2006,2478.61319510726
GIN,"Guinea",2005,2501.22160456279
GIN,"Guinea",2004,2477.50282602363
GIN,"Guinea",2003,2473.23418295471
GIN,"Guinea",2002,2498.13177495102
GIN,"Guinea",2001,2412.75161959628
GIN,"Guinea",2000,2358.28765608495
GIN,"Guinea",1999,2346.2701835771
GIN,"Guinea",1998,2311.327353403
GIN,"Guinea",1997,2272.41100463955
GIN,"Guinea",1996,2205.32363416973
GIN,"Guinea",1995,2171.72552153265
GIN,"Guinea",1994,2134.89769355787
GIN,"Guinea",1993,2115.8664959394
GIN,"Guinea",1992,2076.55062690695
GIN,"Guinea",1991,2075.99194302675
GIN,"Guinea",1990,2105.74729496232
GIN,"Guinea",1989,
GIN,"Guinea",1988,
GIN,"Guinea",1987,
GIN,"Guinea",1986,
GIN,"Guinea",1985,
GIN,"Guinea",1984,
GIN,"Guinea",1983,
GIN,"Guinea",1982,
GIN,"Guinea",1981,
GIN,"Guinea",1980,
GIN,"Guinea",1979,
GIN,"Guinea",1978,
GIN,"Guinea",1977,
GIN,"Guinea",1976,
GIN,"Guinea",1975,
GIN,"Guinea",1974,
GIN,"Guinea",1973,
GIN,"Guinea",1972,
GIN,"Guinea",1971,
GIN,"Guinea",1970,
GIN,"Guinea",1969,
GIN,"Guinea",1968,
GIN,"Guinea",1967,
GIN,"Guinea",1966,
GIN,"Guinea",1965,
GIN,"Guinea",1964,
GIN,"Guinea",1963,
GIN,"Guinea",1962,
GIN,"Guinea",1961,
GIN,"Guinea",1960,
GNB,"Guinea-Bissau",2025,2814.08355940327
GNB,"Guinea-Bissau",2024,2717.54206972499
GNB,"Guinea-Bissau",2023,2660.81444655656
GNB,"Guinea-Bissau",2022,2600.802474483
GNB,"Guinea-Bissau",2021,2522.12869240841
GNB,"Guinea-Bissau",2020,2456.01139053324
GNB,"Guinea-Bissau",2019,2442.25868377476
GNB,"Guinea-Bissau",2018,2373.64935653455
GNB,"Guinea-Bissau",2017,2342.56110535416
GNB,"Guinea-Bissau",2016,2293.37861360238
GNB,"Guinea-Bissau",2015,2230.52993109779
GNB,"Guinea-Bissau",2014,2156.33643676255
GNB,"Guinea-Bissau",2013,2192.5927863603
GNB,"Guinea-Bissau",2012,2180.74338832775
GNB,"Guinea-Bissau",2011,2278.54751544448
GNB,"Guinea-Bissau",2010,2164.26823755351
GNB,"Guinea-Bissau",2009,2103.05813454823
GNB,"Guinea-Bissau",2008,2105.67394178792
GNB,"Guinea-Bissau",2007,2065.98983875944
GNB,"Guinea-Bissau",2006,2065.2122797791
GNB,"Guinea-Bissau",2005,2060.66663299612
GNB,"Guinea-Bissau",2004,1979.69782670273
GNB,"Guinea-Bissau",2003,2002.40206880451
GNB,"Guinea-Bissau",2002,2054.08977413547
GNB,"Guinea-Bissau",2001,2025.72675469878
GNB,"Guinea-Bissau",2000,1974.74466342453
GNB,"Guinea-Bissau",1999,1992.852546394
GNB,"Guinea-Bissau",1998,1738.64946632342
GNB,"Guinea-Bissau",1997,2284.02576620745
GNB,"Guinea-Bissau",1996,2185.90344879946
GNB,"Guinea-Bissau",1995,1999.94473972689
GNB,"Guinea-Bissau",1994,1964.63002250373
GNB,"Guinea-Bissau",1993,1963.5622486004
GNB,"Guinea-Bissau",1992,1987.7391360013
GNB,"Guinea-Bissau",1991,2024.85376829909
GNB,"Guinea-Bissau",1990,1968.09061079555
GNB,"Guinea-Bissau",1989,
GNB,"Guinea-Bissau",1988,
GNB,"Guinea-Bissau",1987,
GNB,"Guinea-Bissau",1986,
GNB,"Guinea-Bissau",1985,
GNB,"Guinea-Bissau",1984,
GNB,"Guinea-Bissau",1983,
GNB,"Guinea-Bissau",1982,
GNB,"Guinea-Bissau",1981,
GNB,"Guinea-Bissau",1980,
GNB,"Guinea-Bissau",1979,
GNB,"Guinea-Bissau",1978,
GNB,"Guinea-Bissau",1977,
GNB,"Guinea-Bissau",1976,
GNB,"Guinea-Bissau",1975,
GNB,"Guinea-Bissau",1974,
GNB,"Guinea-Bissau",1973,
GNB,"Guinea-Bissau",1972,
GNB,"Guinea-Bissau",1971,
GNB,"Guinea-Bissau",1970,
GNB,"Guinea-Bissau",1969,
GNB,"Guinea-Bissau",1968,
GNB,"Guinea-Bissau",1967,
GNB,"Guinea-Bissau",1966,
GNB,"Guinea-Bissau",1965,
GNB,"Guinea-Bissau",1964,
GNB,"Guinea-Bissau",1963,
GNB,"Guinea-Bissau",1962,
GNB,"Guinea-Bissau",1961,
GNB,"Guinea-Bissau",1960,
GUY,"Guyana",2025,83658.6773475997
GUY,"Guyana",2024,70516.7027944836
GUY,"Guyana",2023,49312.3603225444
GUY,"Guyana",2022,37068.1993827588
GUY,"Guyana",2021,22865.9270968882
GUY,"Guyana",2020,19234.1301977637
GUY,"Guyana",2019,13402.4219472757
GUY,"Guyana",2018,12980.3576003177
GUY,"Guyana",2017,12801.6408529346
GUY,"Guyana",2016,12420.4724727603
GUY,"Guyana",2015,12040.08253302
GUY,"Guyana",2014,12030.0529344045
GUY,"Guyana",2013,11896.9069854942
GUY,"Guyana",2012,11534.9985588659
GUY,"Guyana",2011,10958.8598838438
GUY,"Guyana",2010,10374.3947557656
GUY,"Guyana",2009,9924.52660770631
GUY,"Guyana",2008,9546.70875949436
GUY,"Guyana",2007,9354.08017716534
GUY,"Guyana",2006,8702.33133494001
GUY,"Guyana",2005,8256.52519071138
GUY,"Guyana",2004,8404.2001629708
GUY,"Guyana",2003,8267.42910545363
GUY,"Guyana",2002,8314.0272750321
GUY,"Guyana",2001,8212.04321760917
GUY,"Guyana",2000,8025.29326490962
GUY,"Guyana",1999,8139.97018415742
GUY,"Guyana",1998,7915.22956203951
GUY,"Guyana",1997,8064.56715164725
GUY,"Guyana",1996,7612.30424290021
GUY,"Guyana",1995,7071.21280005947
GUY,"Guyana",1994,6755.3286689231
GUY,"Guyana",1993,6247.86624866594
GUY,"Guyana",1992,5799.21836066806
GUY,"Guyana",1991,5396.46342590543
GUY,"Guyana",1990,5074.43109901682
GUY,"Guyana",1989,
GUY,"Guyana",1988,
GUY,"Guyana",1987,
GUY,"Guyana",1986,
GUY,"Guyana",1985,
GUY,"Guyana",1984,
GUY,"Guyana",1983,
GUY,"Guyana",1982,
GUY,"Guyana",1981,
GUY,"Guyana",1980,
GUY,"Guyana",1979,
GUY,"Guyana",1978,
GUY,"Guyana",1977,
GUY,"Guyana",1976,
GUY,"Guyana",1975,
GUY,"Guyana",1974,
GUY,"Guyana",1973,
GUY,"Guyana",1972,
GUY,"Guyana",1971,
GUY,"Guyana",1970,
GUY,"Guyana",1969,
GUY,"Guyana",1968,
GUY,"Guyana",1967,
GUY,"Guyana",1966,
GUY,"Guyana",1965,
GUY,"Guyana",1964,
GUY,"Guyana",1963,
GUY,"Guyana",1962,
GUY,"Guyana",1961,
GUY,"Guyana",1960,
HTI,"Haiti",2025,2677.89385325549
HTI,"Haiti",2024,2783.79140882788
HTI,"Haiti",2023,2939.1237948199
HTI,"Haiti",2022,3029.77866381702
HTI,"Haiti",2021,3116.56505397604
HTI,"Haiti",2020,3210.53609854862
HTI,"Haiti",2019,3361.75328894114
HTI,"Haiti",2018,3465.25480573601
HTI,"Haiti",2017,3453.97142164659
HTI,"Haiti",2016,3415.58218112308
HTI,"Haiti",2015,3402.0283988016
HTI,"Haiti",2014,3403.57496642947
HTI,"Haiti",2013,3356.8373216264
HTI,"Haiti",2012,3266.43832519352
HTI,"Haiti",2011,3300.87444105175
HTI,"Haiti",2010,3176.50949040109
HTI,"Haiti",2009,3406.29486715549
HTI,"Haiti",2008,3270.41272369326
HTI,"Haiti",2007,3239.25745989841
HTI,"Haiti",2006,3146.2634386786
HTI,"Haiti",2005,3144.56353969437
HTI,"Haiti",2004,3102.54173985545
HTI,"Haiti",2003,3197.9365263707
HTI,"Haiti",2002,3145.03689680869
HTI,"Haiti",2001,3168.14454014466
HTI,"Haiti",2000,3237.53077898724
HTI,"Haiti",1999,3269.3988227012
HTI,"Haiti",1998,3242.45890119666
HTI,"Haiti",1997,3232.95524865654
HTI,"Haiti",1996,3207.74580313016
HTI,"Haiti",1995,3139.26416790518
HTI,"Haiti",1994,2911.49975345891
HTI,"Haiti",1993,3370.99533205147
HTI,"Haiti",1992,3635.13892826929
HTI,"Haiti",1991,3916.43139455701
HTI,"Haiti",1990,3923.2219575616
HTI,"Haiti",1989,
HTI,"Haiti",1988,
HTI,"Haiti",1987,
HTI,"Haiti",1986,
HTI,"Haiti",1985,
HTI,"Haiti",1984,
HTI,"Haiti",1983,
HTI,"Haiti",1982,
HTI,"Haiti",1981,
HTI,"Haiti",1980,
HTI,"Haiti",1979,
HTI,"Haiti",1978,
HTI,"Haiti",1977,
HTI,"Haiti",1976,
HTI,"Haiti",1975,
HTI,"Haiti",1974,
HTI,"Haiti",1973,
HTI,"Haiti",1972,
HTI,"Haiti",1971,
HTI,"Haiti",1970,
HTI,"Haiti",1969,
HTI,"Haiti",1968,
HTI,"Haiti",1967,
HTI,"Haiti",1966,
HTI,"Haiti",1965,
HTI,"Haiti",1964,
HTI,"Haiti",1963,
HTI,"Haiti",1962,
HTI,"Haiti",1961,
HTI,"Haiti",1960,
HND,"Honduras",2025,6726.16685066658
HND,"Honduras",2024,6590.84384301553
HND,"Honduras",2023,6467.8800352783
HND,"Honduras",2022,6352.58710177732
HND,"Honduras",2021,6202.98078812037
HND,"Honduras",2020,5603.26398377777
HND,"Honduras",2019,6264.01884276715
HND,"Honduras",2018,6219.27973775059
HND,"Honduras",2017,6099.60734919414
HND,"Honduras",2016,5926.49025534228
HND,"Honduras",2015,5812.5348879105
HND,"Honduras",2014,5705.16246265484
HND,"Honduras",2013,5644.13384802045
HND,"Honduras",2012,5600.6077605497
HND,"Honduras",2011,5488.43371596332
HND,"Honduras",2010,5396.07227927744
HND,"Honduras",2009,5313.75573967791
HND,"Honduras",2008,5566.70639487722
HND,"Honduras",2007,5461.90151889031
HND,"Honduras",2006,5263.15029099578
HND,"Honduras",2005,5056.67544412551
HND,"Honduras",2004,4885.34258343422
HND,"Honduras",2003,4714.86701000971
HND,"Honduras",2002,4627.02278723456
HND,"Honduras",2001,4578.94787944773
HND,"Honduras",2000,4579.68960840984
HND,"Honduras",1999,4293.827231525
HND,"Honduras",1998,3950.83498715855
HND,"Honduras",1997,3635.98071357513
HND,"Honduras",1996,3054.15773942696
HND,"Honduras",1995,2555.0262257932
HND,"Honduras",1994,2108.27414889925
HND,"Honduras",1993,1681.08238809432
HND,"Honduras",1992,1521.94721667467
HND,"Honduras",1991,1436.05066143143
HND,"Honduras",1990,1172.07980628643
HND,"Honduras",1989,
HND,"Honduras",1988,
HND,"Honduras",1987,
HND,"Honduras",1986,
HND,"Honduras",1985,
HND,"Honduras",1984,
HND,"Honduras",1983,
HND,"Honduras",1982,
HND,"Honduras",1981,
HND,"Honduras",1980,
HND,"Honduras",1979,
HND,"Honduras",1978,
HND,"Honduras",1977,
HND,"Honduras",1976,
HND,"Honduras",1975,
HND,"Honduras",1974,
HND,"Honduras",1973,
HND,"Honduras",1972,
HND,"Honduras",1971,
HND,"Honduras",1970,
HND,"Honduras",1969,
HND,"Honduras",1968,
HND,"Honduras",1967,
HND,"Honduras",1966,
HND,"Honduras",1965,
HND,"Honduras",1964,
HND,"Honduras",1963,
HND,"Honduras",1962,
HND,"Honduras",1961,
HND,"Honduras",1960,
HKG,"Hong Kong SAR, China",2025,68724.5565865756
HKG,"Hong Kong SAR, China",2024,66186.0448635456
HKG,"Hong Kong SAR, China",2023,64387.6654066058
HKG,"Hong Kong SAR, China",2022,64035.6484949629
HKG,"Hong Kong SAR, China",2021,65884.9376260603
HKG,"Hong Kong SAR, China",2020,61328.5367014193
HKG,"Hong Kong SAR, China",2019,65388.3366418212
HKG,"Hong Kong SAR, China",2018,66993.9592604441
HKG,"Hong Kong SAR, China",2017,65662.8543379575
HKG,"Hong Kong SAR, China",2016,63749.4285013369
HKG,"Hong Kong SAR, China",2015,62779.7552386246
HKG,"Hong Kong SAR, China",2014,61839.8044187474
HKG,"Hong Kong SAR, China",2013,60601.6109212886
HKG,"Hong Kong SAR, China",2012,59015.3179560955
HKG,"Hong Kong SAR, China",2011,58672.8050185719
HKG,"Hong Kong SAR, China",2010,56355.409086809
HKG,"Hong Kong SAR, China",2009,53172.2884268262
HKG,"Hong Kong SAR, China",2008,54630.3299120222
HKG,"Hong Kong SAR, China",2007,53813.022139769
HKG,"Hong Kong SAR, China",2006,50981.7296233058
HKG,"Hong Kong SAR, China",2005,47938.8533561286
HKG,"Hong Kong SAR, China",2004,44836.1768653659
HKG,"Hong Kong SAR, China",2003,41570.5634425877
HKG,"Hong Kong SAR, China",2002,40258.1488758671
HKG,"Hong Kong SAR, China",2001,39777.8262391597
HKG,"Hong Kong SAR, China",2000,39848.5593475546
HKG,"Hong Kong SAR, China",1999,37339.8931803408
HKG,"Hong Kong SAR, China",1998,36776.3657079191
HKG,"Hong Kong SAR, China",1997,39402.5736869551
HKG,"Hong Kong SAR, China",1996,37804.0797903194
HKG,"Hong Kong SAR, China",1995,37905.6482894504
HKG,"Hong Kong SAR, China",1994,37767.182764774
HKG,"Hong Kong SAR, China",1993,36428.5238295824
HKG,"Hong Kong SAR, China",1992,34895.7384690892
HKG,"Hong Kong SAR, China",1991,33124.6445961019
HKG,"Hong Kong SAR, China",1990,31598.7264606102
HKG,"Hong Kong SAR, China",1989,
HKG,"Hong Kong SAR, China",1988,
HKG,"Hong Kong SAR, China",1987,
HKG,"Hong Kong SAR, China",1986,
HKG,"Hong Kong SAR, China",1985,
HKG,"Hong Kong SAR, China",1984,
HKG,"Hong Kong SAR, China",1983,
HKG,"Hong Kong SAR, China",1982,
HKG,"Hong Kong SAR, China",1981,
HKG,"Hong Kong SAR, China",1980,
HKG,"Hong Kong SAR, China",1979,
HKG,"Hong Kong SAR, China",1978,
HKG,"Hong Kong SAR, China",1977,
HKG,"Hong Kong SAR, China",1976,
HKG,"Hong Kong SAR, China",1975,
HKG,"Hong Kong SAR, China",1974,
HKG,"Hong Kong SAR, China",1973,
HKG,"Hong Kong SAR, China",1972,
HKG,"Hong Kong SAR, China",1971,
HKG,"Hong Kong SAR, China",1970,
HKG,"Hong Kong SAR, China",1969,
HKG,"Hong Kong SAR, China",1968,
HKG,"Hong Kong SAR, China",1967,
HKG,"Hong Kong SAR, China",1966,
HKG,"Hong Kong SAR, China",1965,
HKG,"Hong Kong SAR, China",1964,
HKG,"Hong Kong SAR, China",1963,
HKG,"Hong Kong SAR, China",1962,
HKG,"Hong Kong SAR, China",1961,
HKG,"Hong Kong SAR, China",1960,
HUN,"Hungary",2025,41160.6419140983
HUN,"Hungary",2024,40747.1986679668
HUN,"Hungary",2023,40333.2546888118
HUN,"Hungary",2022,40610.9711368238
HUN,"Hungary",2021,38887.1909527154
HUN,"Hungary",2020,36119.5211735652
HUN,"Hungary",2019,37662.67681014
HUN,"Hungary",2018,35798.0412754022
HUN,"Hungary",2017,33828.714942571
HUN,"Hungary",2016,32378.9674983075
HUN,"Hungary",2015,31485.5675425634
HUN,"Hungary",2014,30264.9492302161
HUN,"Hungary",2013,28891.0217544976
HUN,"Hungary",2012,28179.656464434
HUN,"Hungary",2011,28415.1173442897
HUN,"Hungary",2010,27801.833816111
HUN,"Hungary",2009,27445.959458479
HUN,"Hungary",2008,29384.0070385818
HUN,"Hungary",2007,29044.0669021254
HUN,"Hungary",2006,28903.0475407078
HUN,"Hungary",2005,27765.7886146197
HUN,"Hungary",2004,26568.118861864
HUN,"Hungary",2003,25255.8711300567
HUN,"Hungary",2002,24229.2953575981
HUN,"Hungary",2001,23069.2114730987
HUN,"Hungary",2000,22117.9204303193
HUN,"Hungary",1999,21128.8884639402
HUN,"Hungary",1998,20438.3829550506
HUN,"Hungary",1997,19635.2949600537
HUN,"Hungary",1996,19029.1137284914
HUN,"Hungary",1995,18977.2437047366
HUN,"Hungary",1994,18672.707236547
HUN,"Hungary",1993,18113.3369069655
HUN,"Hungary",1992,18197.5305521351
HUN,"Hungary",1991,18765.4162504008
HUN,"Hungary",1990,21297.0006406829
HUN,"Hungary",1989,
HUN,"Hungary",1988,
HUN,"Hungary",1987,
HUN,"Hungary",1986,
HUN,"Hungary",1985,
HUN,"Hungary",1984,
HUN,"Hungary",1983,
HUN,"Hungary",1982,
HUN,"Hungary",1981,
HUN,"Hungary",1980,
HUN,"Hungary",1979,
HUN,"Hungary",1978,
HUN,"Hungary",1977,
HUN,"Hungary",1976,
HUN,"Hungary",1975,
HUN,"Hungary",1974,
HUN,"Hungary",1973,
HUN,"Hungary",1972,
HUN,"Hungary",1971,
HUN,"Hungary",1970,
HUN,"Hungary",1969,
HUN,"Hungary",1968,
HUN,"Hungary",1967,
HUN,"Hungary",1966,
HUN,"Hungary",1965,
HUN,"Hungary",1964,
HUN,"Hungary",1963,
HUN,"Hungary",1962,
HUN,"Hungary",1961,
HUN,"Hungary",1960,
ISL,"Iceland",2025,68064.6854551866
ISL,"Iceland",2024,68230.356652817
ISL,"Iceland",2023,69268.1221404224
ISL,"Iceland",2022,66581.2441801002
ISL,"Iceland",2021,62720.7916832797
ISL,"Iceland",2020,60617.143268851
ISL,"Iceland",2019,65994.9860038103
ISL,"Iceland",2018,66703.0219398003
ISL,"Iceland",2017,65462.5033306299
ISL,"Iceland",2016,64759.2275423229
ISL,"Iceland",2015,61820.3618857662
ISL,"Iceland",2014,60199.1994872756
ISL,"Iceland",2013,59729.5439775397
ISL,"Iceland",2012,58203.6379459536
ISL,"Iceland",2011,57837.8604599413
ISL,"Iceland",2010,57225.1024282006
ISL,"Iceland",2009,58441.2719673968
ISL,"Iceland",2008,63963.7601392225
ISL,"Iceland",2007,64075.3098188208
ISL,"Iceland",2006,60434.3837931128
ISL,"Iceland",2005,58549.1358862183
ISL,"Iceland",2004,55576.6099806516
ISL,"Iceland",2003,52095.6402740564
ISL,"Iceland",2002,51287.593729948
ISL,"Iceland",2001,51468.3282267824
ISL,"Iceland",2000,50227.8408745363
ISL,"Iceland",1999,48539.3433136469
ISL,"Iceland",1998,47286.6358663221
ISL,"Iceland",1997,44664.5306286878
ISL,"Iceland",1996,43241.3554367229
ISL,"Iceland",1995,41604.2381180421
ISL,"Iceland",1994,41781.8302657718
ISL,"Iceland",1993,40677.5881237507
ISL,"Iceland",1992,40560.5700738208
ISL,"Iceland",1991,42507.6461691026
ISL,"Iceland",1990,43099.5786392572
ISL,"Iceland",1989,
ISL,"Iceland",1988,
ISL,"Iceland",1987,
ISL,"Iceland",1986,
ISL,"Iceland",1985,
ISL,"Iceland",1984,
ISL,"Iceland",1983,
ISL,"Iceland",1982,
ISL,"Iceland",1981,
ISL,"Iceland",1980,
ISL,"Iceland",1979,
ISL,"Iceland",1978,
ISL,"Iceland",1977,
ISL,"Iceland",1976,
ISL,"Iceland",1975,
ISL,"Iceland",1974,
ISL,"Iceland",1973,
ISL,"Iceland",1972,
ISL,"Iceland",1971,
ISL,"Iceland",1970,
ISL,"Iceland",1969,
ISL,"Iceland",1968,
ISL,"Iceland",1967,
ISL,"Iceland",1966,
ISL,"Iceland",1965,
ISL,"Iceland",1964,
ISL,"Iceland",1963,
ISL,"Iceland",1962,
ISL,"Iceland",1961,
ISL,"Iceland",1960,
IND,"India",2025,10039.0708910587
IND,"India",2024,9416.05137044735
IND,"India",2023,8870.55027609345
IND,"India",2022,8347.38478647086
IND,"India",2021,7818.65701757504
IND,"India",2020,7186.86447099679
IND,"India",2019,7702.17634811957
IND,"India",2018,7492.62576755145
IND,"India",2017,7116.03659185396
IND,"India",2016,6741.14883185347
IND,"India",2015,6301.67346968236
IND,"India",2014,5905.10618204633
IND,"India",2013,5567.49439418718
IND,"India",2012,5303.50197767655
IND,"India",2011,5098.67458775444
IND,"India",2010,4913.87639723705
IND,"India",2009,4595.37990753812
IND,"India",2008,4322.48378983546
IND,"India",2007,4253.82139046739
IND,"India",2006,4011.08647585805
IND,"India",2005,3770.39653173829
IND,"India",2004,3551.04731213773
IND,"India",2003,3346.8882902915
IND,"India",2002,3157.26903770593
IND,"India",2001,3097.16224022342
IND,"India",2000,3010.42156148397
IND,"India",1999,2954.0688560393
IND,"India",1998,2766.110488608
IND,"India",1997,2655.92939429507
IND,"India",1996,2603.24632974171
IND,"India",1995,2469.3516292637
IND,"India",1994,2342.15609263829
IND,"India",1993,2241.28535932488
IND,"India",1992,2185.04046180678
IND,"India",1991,2116.06939249228
IND,"India",1990,2139.82749174123
IND,"India",1989,
IND,"India",1988,
IND,"India",1987,
IND,"India",1986,
IND,"India",1985,
IND,"India",1984,
IND,"India",1983,
IND,"India",1982,
IND,"India",1981,
IND,"India",1980,
IND,"India",1979,
IND,"India",1978,
IND,"India",1977,
IND,"India",1976,
IND,"India",1975,
IND,"India",1974,
IND,"India",1973,
IND,"India",1972,
IND,"India",1971,
IND,"India",1970,
IND,"India",1969,
IND,"India",1968,
IND,"India",1967,
IND,"India",1966,
IND,"India",1965,
IND,"India",1964,
IND,"India",1963,
IND,"India",1962,
IND,"India",1961,
IND,"India",1960,
IDN,"Indonesia",2025,15091.0088604652
IDN,"Indonesia",2024,14470.7179806578
IDN,"Indonesia",2023,13889.9495012858
IDN,"Indonesia",2022,13334.2653947637
IDN,"Indonesia",2021,12757.0746440204
IDN,"Indonesia",2020,12388.5449268131
IDN,"Indonesia",2019,12757.7850854842
IDN,"Indonesia",2018,12262.2310300771
IDN,"Indonesia",2017,11772.5743296107
IDN,"Indonesia",2016,11319.6634287738
IDN,"Indonesia",2015,10893.6621142169
IDN,"Indonesia",2014,10504.3869411088
IDN,"Indonesia",2013,10121.8141535043
IDN,"Indonesia",2012,9708.61182531081
IDN,"Indonesia",2011,9274.96955181702
IDN,"Indonesia",2010,8848.22473702066
IDN,"Indonesia",2009,8435.4557468629
IDN,"Indonesia",2008,8165.06155116624
IDN,"Indonesia",2007,7802.46406905954
IDN,"Indonesia",2006,7434.48785352221
IDN,"Indonesia",2005,7140.8545640704
IDN,"Indonesia",2004,6843.54654972364
IDN,"Indonesia",2003,6599.09193597034
IDN,"Indonesia",2002,6381.94955179996
IDN,"Indonesia",2001,6190.51954040991
IDN,"Indonesia",2000,6056.38197842165
IDN,"Indonesia",1999,5855.65800744994
IDN,"Indonesia",1998,5897.68530859207
IDN,"Indonesia",1997,6897.00236563331
IDN,"Indonesia",1996,6695.40975787395
IDN,"Indonesia",1995,6312.93453561158
IDN,"Indonesia",1994,5931.23473426762
IDN,"Indonesia",1993,5609.15178814269
IDN,"Indonesia",1992,5357.3758979759
IDN,"Indonesia",1991,5118.46789591815
IDN,"Indonesia",1990,4873.05380133263
IDN,"Indonesia",1989,
IDN,"Indonesia",1988,
IDN,"Indonesia",1987,
IDN,"Indonesia",1986,
IDN,"Indonesia",1985,
IDN,"Indonesia",1984,
IDN,"Indonesia",1983,
IDN,"Indonesia",1982,
IDN,"Indonesia",1981,
IDN,"Indonesia",1980,
IDN,"Indonesia",1979,
IDN,"Indonesia",1978,
IDN,"Indonesia",1977,
IDN,"Indonesia",1976,
IDN,"Indonesia",1975,
IDN,"Indonesia",1974,
IDN,"Indonesia",1973,
IDN,"Indonesia",1972,
IDN,"Indonesia",1971,
IDN,"Indonesia",1970,
IDN,"Indonesia",1969,
IDN,"Indonesia",1968,
IDN,"Indonesia",1967,
IDN,"Indonesia",1966,
IDN,"Indonesia",1965,
IDN,"Indonesia",1964,
IDN,"Indonesia",1963,
IDN,"Indonesia",1962,
IDN,"Indonesia",1961,
IDN,"Indonesia",1960,
IRN,"Iran, Islamic Rep.",2025,16833.7821677117
IRN,"Iran, Islamic Rep.",2024,17484.1320140467
IRN,"Iran, Islamic Rep.",2023,17044.8173442641
IRN,"Iran, Islamic Rep.",2022,16377.9610645368
IRN,"Iran, Islamic Rep.",2021,15884.4276775963
IRN,"Iran, Islamic Rep.",2020,15381.5845437266
IRN,"Iran, Islamic Rep.",2019,14841.0751514998
IRN,"Iran, Islamic Rep.",2018,15364.8049052614
IRN,"Iran, Islamic Rep.",2017,16167.9677224227
IRN,"Iran, Islamic Rep.",2016,15920.3718021202
IRN,"Iran, Islamic Rep.",2015,14841.9048340737
IRN,"Iran, Islamic Rep.",2014,15262.8515760903
IRN,"Iran, Islamic Rep.",2013,14734.740588719
IRN,"Iran, Islamic Rep.",2012,15159.2948206531
IRN,"Iran, Islamic Rep.",2011,15947.766097961
IRN,"Iran, Islamic Rep.",2010,15729.9131707266
IRN,"Iran, Islamic Rep.",2009,15055.1494647199
IRN,"Iran, Islamic Rep.",2008,15091.2506521463
IRN,"Iran, Islamic Rep.",2007,15237.4237850549
IRN,"Iran, Islamic Rep.",2006,14320.6568534545
IRN,"Iran, Islamic Rep.",2005,13935.7743087596
IRN,"Iran, Islamic Rep.",2004,13807.1953114023
IRN,"Iran, Islamic Rep.",2003,13519.4501926929
IRN,"Iran, Islamic Rep.",2002,12583.044990424
IRN,"Iran, Islamic Rep.",2001,11739.0090911282
IRN,"Iran, Islamic Rep.",2000,11643.1218077696
IRN,"Iran, Islamic Rep.",1999,11163.6950736445
IRN,"Iran, Islamic Rep.",1998,11101.507869196
IRN,"Iran, Islamic Rep.",1997,11025.7202371524
IRN,"Iran, Islamic Rep.",1996,11010.0094976248
IRN,"Iran, Islamic Rep.",1995,10465.0259592685
IRN,"Iran, Islamic Rep.",1994,10333.4330005595
IRN,"Iran, Islamic Rep.",1993,10531.9952777275
IRN,"Iran, Islamic Rep.",1992,10727.4183671547
IRN,"Iran, Islamic Rep.",1991,10592.3319257222
IRN,"Iran, Islamic Rep.",1990,9656.00116894359
IRN,"Iran, Islamic Rep.",1989,
IRN,"Iran, Islamic Rep.",1988,
IRN,"Iran, Islamic Rep.",1987,
IRN,"Iran, Islamic Rep.",1986,
IRN,"Iran, Islamic Rep.",1985,
IRN,"Iran, Islamic Rep.",1984,
IRN,"Iran, Islamic Rep.",1983,
IRN,"Iran, Islamic Rep.",1982,
IRN,"Iran, Islamic Rep.",1981,
IRN,"Iran, Islamic Rep.",1980,
IRN,"Iran, Islamic Rep.",1979,
IRN,"Iran, Islamic Rep.",1978,
IRN,"Iran, Islamic Rep.",1977,
IRN,"Iran, Islamic Rep.",1976,
IRN,"Iran, Islamic Rep.",1975,
IRN,"Iran, Islamic Rep.",1974,
IRN,"Iran, Islamic Rep.",1973,
IRN,"Iran, Islamic Rep.",1972,
IRN,"Iran, Islamic Rep.",1971,
IRN,"Iran, Islamic Rep.",1970,
IRN,"Iran, Islamic Rep.",1969,
IRN,"Iran, Islamic Rep.",1968,
IRN,"Iran, Islamic Rep.",1967,
IRN,"Iran, Islamic Rep.",1966,
IRN,"Iran, Islamic Rep.",1965,
IRN,"Iran, Islamic Rep.",1964,
IRN,"Iran, Islamic Rep.",1963,
IRN,"Iran, Islamic Rep.",1962,
IRN,"Iran, Islamic Rep.",1961,
IRN,"Iran, Islamic Rep.",1960,
IRQ,"Iraq",2025,12191.5564658302
IRQ,"Iraq",2024,12725.0431260364
IRQ,"Iraq",2023,13202.3228073856
IRQ,"Iraq",2022,13433.3977166956
IRQ,"Iraq",2021,12731.7535755128
IRQ,"Iraq",2020,12827.6345392293
IRQ,"Iraq",2019,14910.225032382
IRQ,"Iraq",2018,14456.2357053191
IRQ,"Iraq",2017,14417.6306896454
IRQ,"Iraq",2016,15016.0920644557
IRQ,"Iraq",2015,13516.0271989173
IRQ,"Iraq",2014,13536.8227681399
IRQ,"Iraq",2013,13712.931714296
IRQ,"Iraq",2012,13357.0143882323
IRQ,"Iraq",2011,12267.5848940645
IRQ,"Iraq",2010,11816.8410150233
IRQ,"Iraq",2009,11470.5178061728
IRQ,"Iraq",2008,11511.9387643638
IRQ,"Iraq",2007,10853.8161022286
IRQ,"Iraq",2006,10568.9137652953
IRQ,"Iraq",2005,10078.4437646814
IRQ,"Iraq",2004,10210.5631004936
IRQ,"Iraq",2003,6849.3320080035
IRQ,"Iraq",2002,11144.0505255902
IRQ,"Iraq",2001,12529.6084050976
IRQ,"Iraq",2000,12702.1641950892
IRQ,"Iraq",1999,11237.8537439925
IRQ,"Iraq",1998,9871.73398030775
IRQ,"Iraq",1997,7545.72976100631
IRQ,"Iraq",1996,6419.36981876252
IRQ,"Iraq",1995,5969.66964096052
IRQ,"Iraq",1994,6044.87104810181
IRQ,"Iraq",1993,6105.04166284904
IRQ,"Iraq",1992,4916.26440292597
IRQ,"Iraq",1991,3819.16194826651
IRQ,"Iraq",1990,10735.09411029
IRQ,"Iraq",1989,
IRQ,"Iraq",1988,
IRQ,"Iraq",1987,
IRQ,"Iraq",1986,
IRQ,"Iraq",1985,
IRQ,"Iraq",1984,
IRQ,"Iraq",1983,
IRQ,"Iraq",1982,
IRQ,"Iraq",1981,
IRQ,"Iraq",1980,
IRQ,"Iraq",1979,
IRQ,"Iraq",1978,
IRQ,"Iraq",1977,
IRQ,"Iraq",1976,
IRQ,"Iraq",1975,
IRQ,"Iraq",1974,
IRQ,"Iraq",1973,
IRQ,"Iraq",1972,
IRQ,"Iraq",1971,
IRQ,"Iraq",1970,
IRQ,"Iraq",1969,
IRQ,"Iraq",1968,
IRQ,"Iraq",1967,
IRQ,"Iraq",1966,
IRQ,"Iraq",1965,
IRQ,"Iraq",1964,
IRQ,"Iraq",1963,
IRQ,"Iraq",1962,
IRQ,"Iraq",1961,
IRQ,"Iraq",1960,
IRL,"Ireland",2025,131338.444745041
IRL,"Ireland",2024,118833.312071751
IRL,"Ireland",2023,117659.728593716
IRL,"Ireland",2022,123007.47648651
IRL,"Ireland",2021,116702.85817485
IRL,"Ireland",2020,101793.447525871
IRL,"Ireland",2019,96205.7961557005
IRL,"Ireland",2018,93115.8393498329
IRL,"Ireland",2017,87731.7897045734
IRL,"Ireland",2016,80760.0974145688
IRL,"Ireland",2015,80815.6415277345
IRL,"Ireland",2014,65463.1952541564
IRL,"Ireland",2013,60285.2376140094
IRL,"Ireland",2012,59303.0319813561
IRL,"Ireland",2011,59797.0537343463
IRL,"Ireland",2010,59107.4220740498
IRL,"Ireland",2009,58446.726333492
IRL,"Ireland",2008,62213.6453256462
IRL,"Ireland",2007,66475.8410142999
IRL,"Ireland",2006,64975.4086496251
IRL,"Ireland",2005,63579.7134384122
IRL,"Ireland",2004,61452.8660388324
IRL,"Ireland",2003,58608.3353816693
IRL,"Ireland",2002,57828.0116338414
IRL,"Ireland",2001,55534.5698068816
IRL,"Ireland",2000,53582.8313532284
IRL,"Ireland",1999,49634.5026736477
IRL,"Ireland",1998,45415.0455160312
IRL,"Ireland",1997,42192.5848112478
IRL,"Ireland",1996,38386.9116734053
IRL,"Ireland",1995,36032.7774732501
IRL,"Ireland",1994,33035.2362632759
IRL,"Ireland",1993,31360.6490651216
IRL,"Ireland",1992,30691.3955973094
IRL,"Ireland",1991,29901.8063008033
IRL,"Ireland",1990,29504.8772657821
IRL,"Ireland",1989,
IRL,"Ireland",1988,
IRL,"Ireland",1987,
IRL,"Ireland",1986,
IRL,"Ireland",1985,
IRL,"Ireland",1984,
IRL,"Ireland",1983,
IRL,"Ireland",1982,
IRL,"Ireland",1981,
IRL,"Ireland",1980,
IRL,"Ireland",1979,
IRL,"Ireland",1978,
IRL,"Ireland",1977,
IRL,"Ireland",1976,
IRL,"Ireland",1975,
IRL,"Ireland",1974,
IRL,"Ireland",1973,
IRL,"Ireland",1972,
IRL,"Ireland",1971,
IRL,"Ireland",1970,
IRL,"Ireland",1969,
IRL,"Ireland",1968,
IRL,"Ireland",1967,
IRL,"Ireland",1966,
IRL,"Ireland",1965,
IRL,"Ireland",1964,
IRL,"Ireland",1963,
IRL,"Ireland",1962,
IRL,"Ireland",1961,
IRL,"Ireland",1960,
IMN,"Isle of Man",2025,
IMN,"Isle of Man",2024,
IMN,"Isle of Man",2023,
IMN,"Isle of Man",2022,
IMN,"Isle of Man",2021,
IMN,"Isle of Man",2020,
IMN,"Isle of Man",2019,
IMN,"Isle of Man",2018,
IMN,"Isle of Man",2017,
IMN,"Isle of Man",2016,
IMN,"Isle of Man",2015,
IMN,"Isle of Man",2014,
IMN,"Isle of Man",2013,
IMN,"Isle of Man",2012,
IMN,"Isle of Man",2011,
IMN,"Isle of Man",2010,
IMN,"Isle of Man",2009,
IMN,"Isle of Man",2008,
IMN,"Isle of Man",2007,
IMN,"Isle of Man",2006,
IMN,"Isle of Man",2005,
IMN,"Isle of Man",2004,
IMN,"Isle of Man",2003,
IMN,"Isle of Man",2002,
IMN,"Isle of Man",2001,
IMN,"Isle of Man",2000,
IMN,"Isle of Man",1999,
IMN,"Isle of Man",1998,
IMN,"Isle of Man",1997,
IMN,"Isle of Man",1996,
IMN,"Isle of Man",1995,
IMN,"Isle of Man",1994,
IMN,"Isle of Man",1993,
IMN,"Isle of Man",1992,
IMN,"Isle of Man",1991,
IMN,"Isle of Man",1990,
IMN,"Isle of Man",1989,
IMN,"Isle of Man",1988,
IMN,"Isle of Man",1987,
IMN,"Isle of Man",1986,
IMN,"Isle of Man",1985,
IMN,"Isle of Man",1984,
IMN,"Isle of Man",1983,
IMN,"Isle of Man",1982,
IMN,"Isle of Man",1981,
IMN,"Isle of Man",1980,
IMN,"Isle of Man",1979,
IMN,"Isle of Man",1978,
IMN,"Isle of Man",1977,
IMN,"Isle of Man",1976,
IMN,"Isle of Man",1975,
IMN,"Isle of Man",1974,
IMN,"Isle of Man",1973,
IMN,"Isle of Man",1972,
IMN,"Isle of Man",1971,
IMN,"Isle of Man",1970,
IMN,"Isle of Man",1969,
IMN,"Isle of Man",1968,
IMN,"Isle of Man",1967,
IMN,"Isle of Man",1966,
IMN,"Isle of Man",1965,
IMN,"Isle of Man",1964,
IMN,"Isle of Man",1963,
IMN,"Isle of Man",1962,
IMN,"Isle of Man",1961,
IMN,"Isle of Man",1960,
ISR,"Israel",2025,48196.6345176562
ISR,"Israel",2024,47388.7236682364
ISR,"Israel",2023,47671.2476926086
ISR,"Israel",2022,48132.3637205177
ISR,"Israel",2021,46151.100820403
ISR,"Israel",2020,42926.5415418584
ISR,"Israel",2019,44492.1226967084
ISR,"Israel",2018,43782.6526491689
ISR,"Israel",2017,42895.585129847
ISR,"Israel",2016,41914.5802977706
ISR,"Israel",2015,40889.5989080834
ISR,"Israel",2014,40795.6290927281
ISR,"Israel",2013,40095.4756773092
ISR,"Israel",2012,39245.5078117687
ISR,"Israel",2011,39036.0247356871
ISR,"Israel",2010,37686.3420833543
ISR,"Israel",2009,36364.7843182661
ISR,"Israel",2008,36795.4799112424
ISR,"Israel",2007,36288.0655118571
ISR,"Israel",2006,34744.8675092298
ISR,"Israel",2005,33491.9913996395
ISR,"Israel",2004,32665.8537052438
ISR,"Israel",2003,31771.2115906733
ISR,"Israel",2002,31892.5395978816
ISR,"Israel",2001,32591.2116817431
ISR,"Israel",2000,33278.5412285682
ISR,"Israel",1999,31466.1683689237
ISR,"Israel",1998,31250.1071698272
ISR,"Israel",1997,30713.159801923
ISR,"Israel",1996,30392.8973069758
ISR,"Israel",1995,29477.45829469
ISR,"Israel",1994,28399.3981907056
ISR,"Israel",1993,27129.2193762452
ISR,"Israel",1992,26758.4290726582
ISR,"Israel",1991,25704.7207371288
ISR,"Israel",1990,25340.9813271336
ISR,"Israel",1989,
ISR,"Israel",1988,
ISR,"Israel",1987,
ISR,"Israel",1986,
ISR,"Israel",1985,
ISR,"Israel",1984,
ISR,"Israel",1983,
ISR,"Israel",1982,
ISR,"Israel",1981,
ISR,"Israel",1980,
ISR,"Israel",1979,
ISR,"Israel",1978,
ISR,"Israel",1977,
ISR,"Israel",1976,
ISR,"Israel",1975,
ISR,"Israel",1974,
ISR,"Israel",1973,
ISR,"Israel",1972,
ISR,"Israel",1971,
ISR,"Israel",1970,
ISR,"Israel",1969,
ISR,"Israel",1968,
ISR,"Israel",1967,
ISR,"Israel",1966,
ISR,"Israel",1965,
ISR,"Israel",1964,
ISR,"Israel",1963,
ISR,"Israel",1962,
ISR,"Israel",1961,
ISR,"Israel",1960,
ITA,"Italy",2025,53606.0789571011
ITA,"Italy",2024,53284.8745049149
ITA,"Italy",2023,52842.6288831758
ITA,"Italy",2022,52333.3274270604
ITA,"Italy",2021,49825.3934111848
ITA,"Italy",2020,45505.0688708956
ITA,"Italy",2019,49690.6298505274
ITA,"Italy",2018,49355.8751913504
ITA,"Italy",2017,48849.2183534756
ITA,"Italy",2016,47987.8379581014
ITA,"Italy",2015,47311.8255262709
ITA,"Italy",2014,46825.6511245062
ITA,"Italy",2013,46833.3615309303
ITA,"Italy",2012,47795.9579360541
ITA,"Italy",2011,49473.0149235634
ITA,"Italy",2010,49301.6959141674
ITA,"Italy",2009,48774.3916833748
ITA,"Italy",2008,51806.3906176391
ITA,"Italy",2007,52747.1905476807
ITA,"Italy",2006,52304.2402949819
ITA,"Italy",2005,51585.6445807938
ITA,"Italy",2004,51495.0028841364
ITA,"Italy",2003,51126.2585544038
ITA,"Italy",2002,51369.1149098293
ITA,"Italy",2001,51332.2904432567
ITA,"Italy",2000,50353.4200415436
ITA,"Italy",1999,48493.6651210308
ITA,"Italy",1998,47701.3974191265
ITA,"Italy",1997,46869.4256086419
ITA,"Italy",1996,46008.2389303796
ITA,"Italy",1995,45410.1391731091
ITA,"Italy",1994,44136.7059141923
ITA,"Italy",1993,43216.1096444751
ITA,"Italy",1992,43614.4850883758
ITA,"Italy",1991,43283.0204441901
ITA,"Italy",1990,42656.7445101659
ITA,"Italy",1989,
ITA,"Italy",1988,
ITA,"Italy",1987,
ITA,"Italy",1986,
ITA,"Italy",1985,
ITA,"Italy",1984,
ITA,"Italy",1983,
ITA,"Italy",1982,
ITA,"Italy",1981,
ITA,"Italy",1980,
ITA,"Italy",1979,
ITA,"Italy",1978,
ITA,"Italy",1977,
ITA,"Italy",1976,
ITA,"Italy",1975,
ITA,"Italy",1974,
ITA,"Italy",1973,
ITA,"Italy",1972,
ITA,"Italy",1971,
ITA,"Italy",1970,
ITA,"Italy",1969,
ITA,"Italy",1968,
ITA,"Italy",1967,
ITA,"Italy",1966,
ITA,"Italy",1965,
ITA,"Italy",1964,
ITA,"Italy",1963,
ITA,"Italy",1962,
ITA,"Italy",1961,
ITA,"Italy",1960,
JAM,"Jamaica",2025,11357.915592063
JAM,"Jamaica",2024,11340.2638800451
JAM,"Jamaica",2023,11398.8120394641
JAM,"Jamaica",2022,11096.6377085321
JAM,"Jamaica",2021,10430.6909771759
JAM,"Jamaica",2020,9891.96932961548
JAM,"Jamaica",2019,10816.3720391154
JAM,"Jamaica",2018,10636.0929784551
JAM,"Jamaica",2017,10391.0378224678
JAM,"Jamaica",2016,10179.2536486158
JAM,"Jamaica",2015,9931.89875715182
JAM,"Jamaica",2014,9872.15913752129
JAM,"Jamaica",2013,9839.96506606095
JAM,"Jamaica",2012,9829.03510015044
JAM,"Jamaica",2011,9932.48380946963
JAM,"Jamaica",2010,9805.90172806302
JAM,"Jamaica",2009,9992.97699539021
JAM,"Jamaica",2008,10490.4686134498
JAM,"Jamaica",2007,10622.4442829007
JAM,"Jamaica",2006,10522.2367459591
JAM,"Jamaica",2005,10278.6834382546
JAM,"Jamaica",2004,10244.2066702878
JAM,"Jamaica",2003,10169.7500243245
JAM,"Jamaica",2002,9869.71291927176
JAM,"Jamaica",2001,9736.06291757526
JAM,"Jamaica",2000,9667.92474492316
JAM,"Jamaica",1999,9650.43726482499
JAM,"Jamaica",1998,9624.92935948127
JAM,"Jamaica",1997,9939.66172862006
JAM,"Jamaica",1996,10147.4641121652
JAM,"Jamaica",1995,10257.8065381959
JAM,"Jamaica",1994,10123.2339381488
JAM,"Jamaica",1993,10088.232357755
JAM,"Jamaica",1992,9315.8581885588
JAM,"Jamaica",1991,9227.87613770652
JAM,"Jamaica",1990,8879.65295231625
JAM,"Jamaica",1989,
JAM,"Jamaica",1988,
JAM,"Jamaica",1987,
JAM,"Jamaica",1986,
JAM,"Jamaica",1985,
JAM,"Jamaica",1984,
JAM,"Jamaica",1983,
JAM,"Jamaica",1982,
JAM,"Jamaica",1981,
JAM,"Jamaica",1980,
JAM,"Jamaica",1979,
JAM,"Jamaica",1978,
JAM,"Jamaica",1977,
JAM,"Jamaica",1976,
JAM,"Jamaica",1975,
JAM,"Jamaica",1974,
JAM,"Jamaica",1973,
JAM,"Jamaica",1972,
JAM,"Jamaica",1971,
JAM,"Jamaica",1970,
JAM,"Jamaica",1969,
JAM,"Jamaica",1968,
JAM,"Jamaica",1967,
JAM,"Jamaica",1966,
JAM,"Jamaica",1965,
JAM,"Jamaica",1964,
JAM,"Jamaica",1963,
JAM,"Jamaica",1962,
JAM,"Jamaica",1961,
JAM,"Jamaica",1960,
JPN,"Japan",2025,48283.3723959465
JPN,"Japan",2024,47479.8448545667
JPN,"Japan",2023,47387.2172542523
JPN,"Japan",2022,46819.360613609
JPN,"Japan",2021,45999.4617966896
JPN,"Japan",2020,44212.5503415724
JPN,"Japan",2019,46055.3498672487
JPN,"Japan",2018,46133.0225978718
JPN,"Japan",2017,45693.3776080987
JPN,"Japan",2016,44926.6202909525
JPN,"Japan",2015,44589.3032854003
JPN,"Japan",2014,43754.438013293
JPN,"Japan",2013,43304.1181931426
JPN,"Japan",2012,42394.9433175064
JPN,"Japan",2011,41640.6608721251
JPN,"Japan",2010,41647.0458542008
JPN,"Japan",2009,39999.9464203408
JPN,"Japan",2008,42518.8423408417
JPN,"Japan",2007,43041.5697058021
JPN,"Japan",2006,42358.9337348253
JPN,"Japan",2005,41740.352036905
JPN,"Japan",2004,40986.7225710497
JPN,"Japan",2003,40152.1282635641
JPN,"Japan",2002,39690.3676794625
JPN,"Japan",2001,39748.9837725849
JPN,"Japan",2000,39731.7953686304
JPN,"Japan",1999,38647.2705275615
JPN,"Japan",1998,38852.9526557943
JPN,"Japan",1997,39661.7312762235
JPN,"Japan",1996,39221.765120663
JPN,"Japan",1995,38137.9346304016
JPN,"Japan",1994,37352.6868581318
JPN,"Japan",1993,37088.8020049844
JPN,"Japan",1992,37402.9442395168
JPN,"Japan",1991,37226.3339021829
JPN,"Japan",1990,36137.8442587458
JPN,"Japan",1989,
JPN,"Japan",1988,
JPN,"Japan",1987,
JPN,"Japan",1986,
JPN,"Japan",1985,
JPN,"Japan",1984,
JPN,"Japan",1983,
JPN,"Japan",1982,
JPN,"Japan",1981,
JPN,"Japan",1980,
JPN,"Japan",1979,
JPN,"Japan",1978,
JPN,"Japan",1977,
JPN,"Japan",1976,
JPN,"Japan",1975,
JPN,"Japan",1974,
JPN,"Japan",1973,
JPN,"Japan",1972,
JPN,"Japan",1971,
JPN,"Japan",1970,
JPN,"Japan",1969,
JPN,"Japan",1968,
JPN,"Japan",1967,
JPN,"Japan",1966,
JPN,"Japan",1965,
JPN,"Japan",1964,
JPN,"Japan",1963,
JPN,"Japan",1962,
JPN,"Japan",1961,
JPN,"Japan",1960,
JOR,"Jordan",2025,10794.2402687732
JOR,"Jordan",2024,10468.265334284
JOR,"Jordan",2023,10308.7821986337
JOR,"Jordan",2022,10158.4738771524
JOR,"Jordan",2021,10056.5611261239
JOR,"Jordan",2020,9872.3094512325
JOR,"Jordan",2019,10168.3588523537
JOR,"Jordan",2018,10183.0248366235
JOR,"Jordan",2017,10220.492781193
JOR,"Jordan",2016,10197.5044990617
JOR,"Jordan",2015,10469.6306302225
JOR,"Jordan",2014,11086.6905487513
JOR,"Jordan",2013,11804.1225335126
JOR,"Jordan",2012,12104.1217423938
JOR,"Jordan",2011,11988.4963110815
JOR,"Jordan",2010,11942.572010796
JOR,"Jordan",2009,11888.6617212582
JOR,"Jordan",2008,11555.728825835
JOR,"Jordan",2007,11034.2922176813
JOR,"Jordan",2006,10834.8737267915
JOR,"Jordan",2005,10684.9424228538
JOR,"Jordan",2004,10127.8527547101
JOR,"Jordan",2003,9556.48163712053
JOR,"Jordan",2002,9380.11324124271
JOR,"Jordan",2001,9056.19447281902
JOR,"Jordan",2000,8781.60904744228
JOR,"Jordan",1999,8600.36943915146
JOR,"Jordan",1998,8499.07689804781
JOR,"Jordan",1997,8443.48146361982
JOR,"Jordan",1996,8395.63208718512
JOR,"Jordan",1995,8501.61905829876
JOR,"Jordan",1994,8339.88427710177
JOR,"Jordan",1993,8334.81403079152
JOR,"Jordan",1992,8402.68031410694
JOR,"Jordan",1991,7747.14378568886
JOR,"Jordan",1990,8241.80478655254
JOR,"Jordan",1989,
JOR,"Jordan",1988,
JOR,"Jordan",1987,
JOR,"Jordan",1986,
JOR,"Jordan",1985,
JOR,"Jordan",1984,
JOR,"Jordan",1983,
JOR,"Jordan",1982,
JOR,"Jordan",1981,
JOR,"Jordan",1980,
JOR,"Jordan",1979,
JOR,"Jordan",1978,
JOR,"Jordan",1977,
JOR,"Jordan",1976,
JOR,"Jordan",1975,
JOR,"Jordan",1974,
JOR,"Jordan",1973,
JOR,"Jordan",1972,
JOR,"Jordan",1971,
JOR,"Jordan",1970,
JOR,"Jordan",1969,
JOR,"Jordan",1968,
JOR,"Jordan",1967,
JOR,"Jordan",1966,
JOR,"Jordan",1965,
JOR,"Jordan",1964,
JOR,"Jordan",1963,
JOR,"Jordan",1962,
JOR,"Jordan",1961,
JOR,"Jordan",1960,
KAZ,"Kazakhstan",2025,37850.5791042984
KAZ,"Kazakhstan",2024,35973.9633287017
KAZ,"Kazakhstan",2023,34703.2349286604
KAZ,"Kazakhstan",2022,33506.2614893237
KAZ,"Kazakhstan",2021,32945.8515725823
KAZ,"Kazakhstan",2020,32011.5491499004
KAZ,"Kazakhstan",2019,33298.2123695035
KAZ,"Kazakhstan",2018,32330.2274546567
KAZ,"Kazakhstan",2017,31524.4416339794
KAZ,"Kazakhstan",2016,30758.3227260598
KAZ,"Kazakhstan",2015,30893.7594851041
KAZ,"Kazakhstan",2014,30986.4379168995
KAZ,"Kazakhstan",2013,30177.4887221736
KAZ,"Kazakhstan",2012,28881.2417563728
KAZ,"Kazakhstan",2011,27946.1603432944
KAZ,"Kazakhstan",2010,26374.8407672795
KAZ,"Kazakhstan",2009,24901.3527260084
KAZ,"Kazakhstan",2008,24895.6645683245
KAZ,"Kazakhstan",2007,24351.3464102542
KAZ,"Kazakhstan",2006,22574.3429577665
KAZ,"Kazakhstan",2005,20565.5294470866
KAZ,"Kazakhstan",2004,18886.5811908122
KAZ,"Kazakhstan",2003,17344.752672995
KAZ,"Kazakhstan",2002,15960.8738450013
KAZ,"Kazakhstan",2001,14612.0290050498
KAZ,"Kazakhstan",2000,12935.864368308
KAZ,"Kazakhstan",1999,11815.7732115429
KAZ,"Kazakhstan",1998,11364.0307809315
KAZ,"Kazakhstan",1997,11298.5805497095
KAZ,"Kazakhstan",1996,10857.4353898737
KAZ,"Kazakhstan",1995,10600.3302270095
KAZ,"Kazakhstan",1994,11334.9831283773
KAZ,"Kazakhstan",1993,12795.8746425372
KAZ,"Kazakhstan",1992,14045.1035780375
KAZ,"Kazakhstan",1991,14877.5273541269
KAZ,"Kazakhstan",1990,16837.690749004
KAZ,"Kazakhstan",1989,
KAZ,"Kazakhstan",1988,
KAZ,"Kazakhstan",1987,
KAZ,"Kazakhstan",1986,
KAZ,"Kazakhstan",1985,
KAZ,"Kazakhstan",1984,
KAZ,"Kazakhstan",1983,
KAZ,"Kazakhstan",1982,
KAZ,"Kazakhstan",1981,
KAZ,"Kazakhstan",1980,
KAZ,"Kazakhstan",1979,
KAZ,"Kazakhstan",1978,
KAZ,"Kazakhstan",1977,
KAZ,"Kazakhstan",1976,
KAZ,"Kazakhstan",1975,
KAZ,"Kazakhstan",1974,
KAZ,"Kazakhstan",1973,
KAZ,"Kazakhstan",1972,
KAZ,"Kazakhstan",1971,
KAZ,"Kazakhstan",1970,
KAZ,"Kazakhstan",1969,
KAZ,"Kazakhstan",1968,
KAZ,"Kazakhstan",1967,
KAZ,"Kazakhstan",1966,
KAZ,"Kazakhstan",1965,
KAZ,"Kazakhstan",1964,
KAZ,"Kazakhstan",1963,
KAZ,"Kazakhstan",1962,
KAZ,"Kazakhstan",1961,
KAZ,"Kazakhstan",1960,
KEN,"Kenya",2025,5995.40177895632
KEN,"Kenya",2024,5841.59866001706
KEN,"Kenya",2023,5691.82513474417
KEN,"Kenya",2022,5491.69378280246
KEN,"Kenya",2021,5338.85243382781
KEN,"Kenya",2020,5057.40115537429
KEN,"Kenya",2019,5171.71264279257
KEN,"Kenya",2018,5017.66784674664
KEN,"Kenya",2017,4846.86210851932
KEN,"Kenya",2016,4770.31046388086
KEN,"Kenya",2015,4679.62182831938
KEN,"Kenya",2014,4558.55155266374
KEN,"Kenya",2013,4443.371215682
KEN,"Kenya",2012,4387.93790075409
KEN,"Kenya",2011,4307.10611556858
KEN,"Kenya",2010,4211.52462957784
KEN,"Kenya",2009,4012.19428382397
KEN,"Kenya",2008,4002.88364073792
KEN,"Kenya",2007,4116.45094720856
KEN,"Kenya",2006,3970.73349887685
KEN,"Kenya",2005,3844.73557120578
KEN,"Kenya",2004,3743.56785736929
KEN,"Kenya",2003,3674.08592758409
KEN,"Kenya",2002,3681.2569427491
KEN,"Kenya",2001,3778.25854755615
KEN,"Kenya",2000,3756.63622296879
KEN,"Kenya",1999,3848.46470612727
KEN,"Kenya",1998,3871.82176322447
KEN,"Kenya",1997,3853.37139280354
KEN,"Kenya",1996,3941.40919481353
KEN,"Kenya",1995,3890.0985511465
KEN,"Kenya",1994,3833.22357838589
KEN,"Kenya",1993,3844.92029783599
KEN,"Kenya",1992,3946.84093437851
KEN,"Kenya",1991,4102.47677512965
KEN,"Kenya",1990,4177.48603310346
KEN,"Kenya",1989,
KEN,"Kenya",1988,
KEN,"Kenya",1987,
KEN,"Kenya",1986,
KEN,"Kenya",1985,
KEN,"Kenya",1984,
KEN,"Kenya",1983,
KEN,"Kenya",1982,
KEN,"Kenya",1981,
KEN,"Kenya",1980,
KEN,"Kenya",1979,
KEN,"Kenya",1978,
KEN,"Kenya",1977,
KEN,"Kenya",1976,
KEN,"Kenya",1975,
KEN,"Kenya",1974,
KEN,"Kenya",1973,
KEN,"Kenya",1972,
KEN,"Kenya",1971,
KEN,"Kenya",1970,
KEN,"Kenya",1969,
KEN,"Kenya",1968,
KEN,"Kenya",1967,
KEN,"Kenya",1966,
KEN,"Kenya",1965,
KEN,"Kenya",1964,
KEN,"Kenya",1963,
KEN,"Kenya",1962,
KEN,"Kenya",1961,
KEN,"Kenya",1960,
KIR,"Kiribati",2025,3363.99521326766
KIR,"Kiribati",2024,3275.00186630433
KIR,"Kiribati",2023,3175.02475728903
KIR,"Kiribati",2022,3127.17745381556
KIR,"Kiribati",2021,3024.21029665634
KIR,"Kiribati",2020,2839.17274622563
KIR,"Kiribati",2019,2926.59366475855
KIR,"Kiribati",2018,2875.41766341166
KIR,"Kiribati",2017,2822.02092296284
KIR,"Kiribati",2016,2762.28741039854
KIR,"Kiribati",2015,2616.17635911711
KIR,"Kiribati",2014,2381.65349253168
KIR,"Kiribati",2013,2382.67559474112
KIR,"Kiribati",2012,2242.30105765006
KIR,"Kiribati",2011,2150.65854434166
KIR,"Kiribati",2010,2119.91176706204
KIR,"Kiribati",2009,2138.23987425041
KIR,"Kiribati",2008,2172.63601744656
KIR,"Kiribati",2007,2286.73943693111
KIR,"Kiribati",2006,2264.4516846113
KIR,"Kiribati",2005,2184.06094408808
KIR,"Kiribati",2004,2199.95258272342
KIR,"Kiribati",2003,2258.32313744125
KIR,"Kiribati",2002,2341.99557733328
KIR,"Kiribati",2001,2357.88396425016
KIR,"Kiribati",2000,2481.73318329794
KIR,"Kiribati",1999,2364.64913231153
KIR,"Kiribati",1998,2503.18275861743
KIR,"Kiribati",1997,2439.722674441
KIR,"Kiribati",1996,2455.81569397419
KIR,"Kiribati",1995,2499.10778181477
KIR,"Kiribati",1994,2469.03750427619
KIR,"Kiribati",1993,2455.76448938155
KIR,"Kiribati",1992,2496.31621103546
KIR,"Kiribati",1991,2047.41606309396
KIR,"Kiribati",1990,2213.82383793259
KIR,"Kiribati",1989,
KIR,"Kiribati",1988,
KIR,"Kiribati",1987,
KIR,"Kiribati",1986,
KIR,"Kiribati",1985,
KIR,"Kiribati",1984,
KIR,"Kiribati",1983,
KIR,"Kiribati",1982,
KIR,"Kiribati",1981,
KIR,"Kiribati",1980,
KIR,"Kiribati",1979,
KIR,"Kiribati",1978,
KIR,"Kiribati",1977,
KIR,"Kiribati",1976,
KIR,"Kiribati",1975,
KIR,"Kiribati",1974,
KIR,"Kiribati",1973,
KIR,"Kiribati",1972,
KIR,"Kiribati",1971,
KIR,"Kiribati",1970,
KIR,"Kiribati",1969,
KIR,"Kiribati",1968,
KIR,"Kiribati",1967,
KIR,"Kiribati",1966,
KIR,"Kiribati",1965,
KIR,"Kiribati",1964,
KIR,"Kiribati",1963,
KIR,"Kiribati",1962,
KIR,"Kiribati",1961,
KIR,"Kiribati",1960,
PRK,"Korea, Dem. People's Rep.",2025,
PRK,"Korea, Dem. People's Rep.",2024,
PRK,"Korea, Dem. People's Rep.",2023,
PRK,"Korea, Dem. People's Rep.",2022,
PRK,"Korea, Dem. People's Rep.",2021,
PRK,"Korea, Dem. People's Rep.",2020,
PRK,"Korea, Dem. People's Rep.",2019,
PRK,"Korea, Dem. People's Rep.",2018,
PRK,"Korea, Dem. People's Rep.",2017,
PRK,"Korea, Dem. People's Rep.",2016,
PRK,"Korea, Dem. People's Rep.",2015,
PRK,"Korea, Dem. People's Rep.",2014,
PRK,"Korea, Dem. People's Rep.",2013,
PRK,"Korea, Dem. People's Rep.",2012,
PRK,"Korea, Dem. People's Rep.",2011,
PRK,"Korea, Dem. People's Rep.",2010,
PRK,"Korea, Dem. People's Rep.",2009,
PRK,"Korea, Dem. People's Rep.",2008,
PRK,"Korea, Dem. People's Rep.",2007,
PRK,"Korea, Dem. People's Rep.",2006,
PRK,"Korea, Dem. People's Rep.",2005,
PRK,"Korea, Dem. People's Rep.",2004,
PRK,"Korea, Dem. People's Rep.",2003,
PRK,"Korea, Dem. People's Rep.",2002,
PRK,"Korea, Dem. People's Rep.",2001,
PRK,"Korea, Dem. People's Rep.",2000,
PRK,"Korea, Dem. People's Rep.",1999,
PRK,"Korea, Dem. People's Rep.",1998,
PRK,"Korea, Dem. People's Rep.",1997,
PRK,"Korea, Dem. People's Rep.",1996,
PRK,"Korea, Dem. People's Rep.",1995,
PRK,"Korea, Dem. People's Rep.",1994,
PRK,"Korea, Dem. People's Rep.",1993,
PRK,"Korea, Dem. People's Rep.",1992,
PRK,"Korea, Dem. People's Rep.",1991,
PRK,"Korea, Dem. People's Rep.",1990,
PRK,"Korea, Dem. People's Rep.",1989,
PRK,"Korea, Dem. People's Rep.",1988,
PRK,"Korea, Dem. People's Rep.",1987,
PRK,"Korea, Dem. People's Rep.",1986,
PRK,"Korea, Dem. People's Rep.",1985,
PRK,"Korea, Dem. People's Rep.",1984,
PRK,"Korea, Dem. People's Rep.",1983,
PRK,"Korea, Dem. People's Rep.",1982,
PRK,"Korea, Dem. People's Rep.",1981,
PRK,"Korea, Dem. People's Rep.",1980,
PRK,"Korea, Dem. People's Rep.",1979,
PRK,"Korea, Dem. People's Rep.",1978,
PRK,"Korea, Dem. People's Rep.",1977,
PRK,"Korea, Dem. People's Rep.",1976,
PRK,"Korea, Dem. People's Rep.",1975,
PRK,"Korea, Dem. People's Rep.",1974,
PRK,"Korea, Dem. People's Rep.",1973,
PRK,"Korea, Dem. People's Rep.",1972,
PRK,"Korea, Dem. People's Rep.",1971,
PRK,"Korea, Dem. People's Rep.",1970,
PRK,"Korea, Dem. People's Rep.",1969,
PRK,"Korea, Dem. People's Rep.",1968,
PRK,"Korea, Dem. People's Rep.",1967,
PRK,"Korea, Dem. People's Rep.",1966,
PRK,"Korea, Dem. People's Rep.",1965,
PRK,"Korea, Dem. People's Rep.",1964,
PRK,"Korea, Dem. People's Rep.",1963,
PRK,"Korea, Dem. People's Rep.",1962,
PRK,"Korea, Dem. People's Rep.",1961,
PRK,"Korea, Dem. People's Rep.",1960,
KOR,"Korea, Rep.",2025,55697.0848086328
KOR,"Korea, Rep.",2024,55070.9386194121
KOR,"Korea, Rep.",2023,54029.3434990785
KOR,"Korea, Rep.",2022,53228.6035655365
KOR,"Korea, Rep.",2021,51718.2518656631
KOR,"Korea, Rep.",2020,49374.0926148025
KOR,"Korea, Rep.",2019,49790.8679884821
KOR,"Korea, Rep.",2018,48834.4471157733
KOR,"Korea, Rep.",2017,47536.7898568851
KOR,"Korea, Rep.",2016,46088.2430785383
KOR,"Korea, Rep.",2015,44849.106767089
KOR,"Korea, Rep.",2014,43806.9250985661
KOR,"Korea, Rep.",2013,42709.9751857887
KOR,"Korea, Rep.",2012,41537.6728611117
KOR,"Korea, Rep.",2011,40719.2273771671
KOR,"Korea, Rep.",2010,39574.0500732947
KOR,"Korea, Rep.",2009,37176.1939270969
KOR,"Korea, Rep.",2008,37064.1518484106
KOR,"Korea, Rep.",2007,36257.3401689702
KOR,"Korea, Rep.",2006,34429.6222013137
KOR,"Korea, Rep.",2005,32886.0472450743
KOR,"Korea, Rep.",2004,31579.5283048867
KOR,"Korea, Rep.",2003,30142.4605585814
KOR,"Korea, Rep.",2002,29395.2766036796
KOR,"Korea, Rep.",2001,27440.6564915847
KOR,"Korea, Rep.",2000,26404.1588575745
KOR,"Korea, Rep.",1999,24382.2508517369
KOR,"Korea, Rep.",1998,22000.3387603516
KOR,"Korea, Rep.",1997,23311.0420901741
KOR,"Korea, Rep.",1996,22139.7963785414
KOR,"Korea, Rep.",1995,20697.8969808345
KOR,"Korea, Rep.",1994,19052.2990926264
KOR,"Korea, Rep.",1993,17595.9036148432
KOR,"Korea, Rep.",1992,16613.4907015983
KOR,"Korea, Rep.",1991,15784.4668669974
KOR,"Korea, Rep.",1990,14377.8839203268
KOR,"Korea, Rep.",1989,
KOR,"Korea, Rep.",1988,
KOR,"Korea, Rep.",1987,
KOR,"Korea, Rep.",1986,
KOR,"Korea, Rep.",1985,
KOR,"Korea, Rep.",1984,
KOR,"Korea, Rep.",1983,
KOR,"Korea, Rep.",1982,
KOR,"Korea, Rep.",1981,
KOR,"Korea, Rep.",1980,
KOR,"Korea, Rep.",1979,
KOR,"Korea, Rep.",1978,
KOR,"Korea, Rep.",1977,
KOR,"Korea, Rep.",1976,
KOR,"Korea, Rep.",1975,
KOR,"Korea, Rep.",1974,
KOR,"Korea, Rep.",1973,
KOR,"Korea, Rep.",1972,
KOR,"Korea, Rep.",1971,
KOR,"Korea, Rep.",1970,
KOR,"Korea, Rep.",1969,
KOR,"Korea, Rep.",1968,
KOR,"Korea, Rep.",1967,
KOR,"Korea, Rep.",1966,
KOR,"Korea, Rep.",1965,
KOR,"Korea, Rep.",1964,
KOR,"Korea, Rep.",1963,
KOR,"Korea, Rep.",1962,
KOR,"Korea, Rep.",1961,
KOR,"Korea, Rep.",1960,
XKX,"Kosovo",2025,16461.2943631188
XKX,"Kosovo",2024,15716.2925564586
XKX,"Kosovo",2023,14240.2030320365
XKX,"Kosovo",2022,13022.4627441502
XKX,"Kosovo",2021,12362.4210181213
XKX,"Kosovo",2020,11137.5028560404
XKX,"Kosovo",2019,11774.1178510908
XKX,"Kosovo",2018,11188.2244627966
XKX,"Kosovo",2017,10856.2902074239
XKX,"Kosovo",2016,10434.8888259268
XKX,"Kosovo",2015,9824.99105955319
XKX,"Kosovo",2014,9150.74997293883
XKX,"Kosovo",2013,8828.27683251638
XKX,"Kosovo",2012,8431.66232694657
XKX,"Kosovo",2011,8359.93621479336
XKX,"Kosovo",2010,7877.10199850556
XKX,"Kosovo",2009,7481.45889832785
XKX,"Kosovo",2008,7098.40301909042
XKX,"Kosovo",2007,
XKX,"Kosovo",2006,
XKX,"Kosovo",2005,
XKX,"Kosovo",2004,
XKX,"Kosovo",2003,
XKX,"Kosovo",2002,
XKX,"Kosovo",2001,
XKX,"Kosovo",2000,
XKX,"Kosovo",1999,
XKX,"Kosovo",1998,
XKX,"Kosovo",1997,
XKX,"Kosovo",1996,
XKX,"Kosovo",1995,
XKX,"Kosovo",1994,
XKX,"Kosovo",1993,
XKX,"Kosovo",1992,
XKX,"Kosovo",1991,
XKX,"Kosovo",1990,
XKX,"Kosovo",1989,
XKX,"Kosovo",1988,
XKX,"Kosovo",1987,
XKX,"Kosovo",1986,
XKX,"Kosovo",1985,
XKX,"Kosovo",1984,
XKX,"Kosovo",1983,
XKX,"Kosovo",1982,
XKX,"Kosovo",1981,
XKX,"Kosovo",1980,
XKX,"Kosovo",1979,
XKX,"Kosovo",1978,
XKX,"Kosovo",1977,
XKX,"Kosovo",1976,
XKX,"Kosovo",1975,
XKX,"Kosovo",1974,
XKX,"Kosovo",1973,
XKX,"Kosovo",1972,
XKX,"Kosovo",1971,
XKX,"Kosovo",1970,
XKX,"Kosovo",1969,
XKX,"Kosovo",1968,
XKX,"Kosovo",1967,
XKX,"Kosovo",1966,
XKX,"Kosovo",1965,
XKX,"Kosovo",1964,
XKX,"Kosovo",1963,
XKX,"Kosovo",1962,
XKX,"Kosovo",1961,
XKX,"Kosovo",1960,
KWT,"Kuwait",2025,48253.963885132
KWT,"Kuwait",2024,46664.2195116056
KWT,"Kuwait",2023,47790.1933239144
KWT,"Kuwait",2022,51379.8833194119
KWT,"Kuwait",2021,50651.9575337091
KWT,"Kuwait",2020,49372.8187938552
KWT,"Kuwait",2019,51380.6455354631
KWT,"Kuwait",2018,51623.8078622052
KWT,"Kuwait",2017,52285.5871175696
KWT,"Kuwait",2016,56936.620842726
KWT,"Kuwait",2015,57763.5174574395
KWT,"Kuwait",2014,60065.6544076232
KWT,"Kuwait",2013,62458.8089221249
KWT,"Kuwait",2012,64908.262639237
KWT,"Kuwait",2011,64844.5019019408
KWT,"Kuwait",2010,62956.2152904125
KWT,"Kuwait",2009,67896.2680451995
KWT,"Kuwait",2008,77036.5083833055
KWT,"Kuwait",2007,79474.7611346377
KWT,"Kuwait",2006,79521.3484338455
KWT,"Kuwait",2005,78193.9012127585
KWT,"Kuwait",2004,73298.0621819477
KWT,"Kuwait",2003,67984.3145062554
KWT,"Kuwait",2002,59348.6172741565
KWT,"Kuwait",2001,59099.6653133601
KWT,"Kuwait",2000,60585.3026788164
KWT,"Kuwait",1999,59533.9542752452
KWT,"Kuwait",1998,62450.0884424765
KWT,"Kuwait",1997,62151.9518270333
KWT,"Kuwait",1996,62665.2243536425
KWT,"Kuwait",1995,64093.5178778949
KWT,"Kuwait",1994,61753.8489990065
KWT,"Kuwait",1993,56684.1863309395
KWT,"Kuwait",1992,43266.9328651676
KWT,"Kuwait",1991,28633.9695922465
KWT,"Kuwait",1990,38932.9435275146
KWT,"Kuwait",1989,
KWT,"Kuwait",1988,
KWT,"Kuwait",1987,
KWT,"Kuwait",1986,
KWT,"Kuwait",1985,
KWT,"Kuwait",1984,
KWT,"Kuwait",1983,
KWT,"Kuwait",1982,
KWT,"Kuwait",1981,
KWT,"Kuwait",1980,
KWT,"Kuwait",1979,
KWT,"Kuwait",1978,
KWT,"Kuwait",1977,
KWT,"Kuwait",1976,
KWT,"Kuwait",1975,
KWT,"Kuwait",1974,
KWT,"Kuwait",1973,
KWT,"Kuwait",1972,
KWT,"Kuwait",1971,
KWT,"Kuwait",1970,
KWT,"Kuwait",1969,
KWT,"Kuwait",1968,
KWT,"Kuwait",1967,
KWT,"Kuwait",1966,
KWT,"Kuwait",1965,
KWT,"Kuwait",1964,
KWT,"Kuwait",1963,
KWT,"Kuwait",1962,
KWT,"Kuwait",1961,
KWT,"Kuwait",1960,
KGZ,"Kyrgyz Republic",2025,7878.4491366966
KGZ,"Kyrgyz Republic",2024,7210.57669830499
KGZ,"Kyrgyz Republic",2023,6575.77541290499
KGZ,"Kyrgyz Republic",2022,6139.77788825006
KGZ,"Kyrgyz Republic",2021,5736.47883415154
KGZ,"Kyrgyz Republic",2020,5537.79547319377
KGZ,"Kyrgyz Republic",2019,6087.60193826927
KGZ,"Kyrgyz Republic",2018,5951.82876758606
KGZ,"Kyrgyz Republic",2017,5861.22200040503
KGZ,"Kyrgyz Republic",2016,5715.01041179003
KGZ,"Kyrgyz Republic",2015,5600.2143342846
KGZ,"Kyrgyz Republic",2014,5513.7544695252
KGZ,"Kyrgyz Republic",2013,5418.54061993935
KGZ,"Kyrgyz Republic",2012,4993.39431683528
KGZ,"Kyrgyz Republic",2011,5092.85165751678
KGZ,"Kyrgyz Republic",2010,4876.47964886483
KGZ,"Kyrgyz Republic",2009,4969.96132720374
KGZ,"Kyrgyz Republic",2008,4894.9427801376
KGZ,"Kyrgyz Republic",2007,4558.71267894172
KGZ,"Kyrgyz Republic",2006,4240.17017797554
KGZ,"Kyrgyz Republic",2005,4156.95849230116
KGZ,"Kyrgyz Republic",2004,4211.52248307857
KGZ,"Kyrgyz Republic",2003,3982.92722017802
KGZ,"Kyrgyz Republic",2002,3760.53239965257
KGZ,"Kyrgyz Republic",2001,3795.89059344129
KGZ,"Kyrgyz Republic",2000,3638.46314292227
KGZ,"Kyrgyz Republic",1999,3491.93773268741
KGZ,"Kyrgyz Republic",1998,3419.22330736215
KGZ,"Kyrgyz Republic",1997,3399.93427126665
KGZ,"Kyrgyz Republic",1996,3138.66615671114
KGZ,"Kyrgyz Republic",1995,2974.71163891294
KGZ,"Kyrgyz Republic",1994,3176.92381882726
KGZ,"Kyrgyz Republic",1993,3973.88323931033
KGZ,"Kyrgyz Republic",1992,4701.99138098658
KGZ,"Kyrgyz Republic",1991,5520.42979891313
KGZ,"Kyrgyz Republic",1990,6095.68108610235
KGZ,"Kyrgyz Republic",1989,
KGZ,"Kyrgyz Republic",1988,
KGZ,"Kyrgyz Republic",1987,
KGZ,"Kyrgyz Republic",1986,
KGZ,"Kyrgyz Republic",1985,
KGZ,"Kyrgyz Republic",1984,
KGZ,"Kyrgyz Republic",1983,
KGZ,"Kyrgyz Republic",1982,
KGZ,"Kyrgyz Republic",1981,
KGZ,"Kyrgyz Republic",1980,
KGZ,"Kyrgyz Republic",1979,
KGZ,"Kyrgyz Republic",1978,
KGZ,"Kyrgyz Republic",1977,
KGZ,"Kyrgyz Republic",1976,
KGZ,"Kyrgyz Republic",1975,
KGZ,"Kyrgyz Republic",1974,
KGZ,"Kyrgyz Republic",1973,
KGZ,"Kyrgyz Republic",1972,
KGZ,"Kyrgyz Republic",1971,
KGZ,"Kyrgyz Republic",1970,
KGZ,"Kyrgyz Republic",1969,
KGZ,"Kyrgyz Republic",1968,
KGZ,"Kyrgyz Republic",1967,
KGZ,"Kyrgyz Republic",1966,
KGZ,"Kyrgyz Republic",1965,
KGZ,"Kyrgyz Republic",1964,
KGZ,"Kyrgyz Republic",1963,
KGZ,"Kyrgyz Republic",1962,
KGZ,"Kyrgyz Republic",1961,
KGZ,"Kyrgyz Republic",1960,
LAO,"Lao PDR",2025,8872.69396186433
LAO,"Lao PDR",2024,8600.3245466568
LAO,"Lao PDR",2023,8372.15591874407
LAO,"Lao PDR",2022,8183.03286472653
LAO,"Lao PDR",2021,8080.43553249923
LAO,"Lao PDR",2020,7995.59502527818
LAO,"Lao PDR",2019,8075.27502377003
LAO,"Lao PDR",2018,7775.08574451883
LAO,"Lao PDR",2017,7432.4596330485
LAO,"Lao PDR",2016,7063.25545347926
LAO,"Lao PDR",2015,6703.74124348885
LAO,"Lao PDR",2014,6341.2122967032
LAO,"Lao PDR",2013,5974.47368943414
LAO,"Lao PDR",2012,5608.96956337059
LAO,"Lao PDR",2011,5266.87866924206
LAO,"Lao PDR",2010,4946.10563678173
LAO,"Lao PDR",2009,4625.07173324518
LAO,"Lao PDR",2008,4367.162880257
LAO,"Lao PDR",2007,4112.25301659759
LAO,"Lao PDR",2006,3881.53736632657
LAO,"Lao PDR",2005,3630.55878769378
LAO,"Lao PDR",2004,3441.16999706515
LAO,"Lao PDR",2003,3282.9853971272
LAO,"Lao PDR",2002,3143.22327579556
LAO,"Lao PDR",2001,3015.63258480614
LAO,"Lao PDR",2000,2899.01961879748
LAO,"Lao PDR",1999,2786.52039703471
LAO,"Lao PDR",1998,2642.56618699585
LAO,"Lao PDR",1997,2589.20762864101
LAO,"Lao PDR",1996,2473.77285753148
LAO,"Lao PDR",1995,2368.05475182536
LAO,"Lao PDR",1994,2267.78215521397
LAO,"Lao PDR",1993,2152.2765966407
LAO,"Lao PDR",1992,2088.02004083238
LAO,"Lao PDR",1991,2033.58258303281
LAO,"Lao PDR",1990,2005.50049410401
LAO,"Lao PDR",1989,
LAO,"Lao PDR",1988,
LAO,"Lao PDR",1987,
LAO,"Lao PDR",1986,
LAO,"Lao PDR",1985,
LAO,"Lao PDR",1984,
LAO,"Lao PDR",1983,
LAO,"Lao PDR",1982,
LAO,"Lao PDR",1981,
LAO,"Lao PDR",1980,
LAO,"Lao PDR",1979,
LAO,"Lao PDR",1978,
LAO,"Lao PDR",1977,
LAO,"Lao PDR",1976,
LAO,"Lao PDR",1975,
LAO,"Lao PDR",1974,
LAO,"Lao PDR",1973,
LAO,"Lao PDR",1972,
LAO,"Lao PDR",1971,
LAO,"Lao PDR",1970,
LAO,"Lao PDR",1969,
LAO,"Lao PDR",1968,
LAO,"Lao PDR",1967,
LAO,"Lao PDR",1966,
LAO,"Lao PDR",1965,
LAO,"Lao PDR",1964,
LAO,"Lao PDR",1963,
LAO,"Lao PDR",1962,
LAO,"Lao PDR",1961,
LAO,"Lao PDR",1960,
LVA,"Latvia",2025,38800.5425281872
LVA,"Latvia",2024,37615.0762450744
LVA,"Latvia",2023,37277.7217221317
LVA,"Latvia",2022,37718.7097958367
LVA,"Latvia",2021,36912.0130602161
LVA,"Latvia",2020,34225.8976044058
LVA,"Latvia",2019,35208.1934590859
LVA,"Latvia",2018,34729.7062763057
LVA,"Latvia",2017,33036.3915943437
LVA,"Latvia",2016,31668.5148442662
LVA,"Latvia",2015,30599.6133134147
LVA,"Latvia",2014,29243.7412502629
LVA,"Latvia",2013,28375.1842887263
LVA,"Latvia",2012,27496.5454583635
LVA,"Latvia",2011,25308.7322074626
LVA,"Latvia",2010,24119.7307848939
LVA,"Latvia",2009,24520.6791475489
LVA,"Latvia",2008,28726.9722869522
LVA,"Latvia",2007,29423.7371235063
LVA,"Latvia",2006,26431.8140222767
LVA,"Latvia",2005,23213.3539355881
LVA,"Latvia",2004,20574.118201251
LVA,"Latvia",2003,18717.6675525538
LVA,"Latvia",2002,17096.5594440255
LVA,"Latvia",2001,15695.906718153
LVA,"Latvia",2000,14554.2131724037
LVA,"Latvia",1999,13619.098799485
LVA,"Latvia",1998,13138.4012524255
LVA,"Latvia",1997,12215.0151940189
LVA,"Latvia",1996,11077.8618422597
LVA,"Latvia",1995,10707.5149969006
LVA,"Latvia",1994,10656.609005478
LVA,"Latvia",1993,10255.1419301566
LVA,"Latvia",1992,10582.2074616453
LVA,"Latvia",1991,15376.0911858137
LVA,"Latvia",1990,17508.7871005399
LVA,"Latvia",1989,
LVA,"Latvia",1988,
LVA,"Latvia",1987,
LVA,"Latvia",1986,
LVA,"Latvia",1985,
LVA,"Latvia",1984,
LVA,"Latvia",1983,
LVA,"Latvia",1982,
LVA,"Latvia",1981,
LVA,"Latvia",1980,
LVA,"Latvia",1979,
LVA,"Latvia",1978,
LVA,"Latvia",1977,
LVA,"Latvia",1976,
LVA,"Latvia",1975,
LVA,"Latvia",1974,
LVA,"Latvia",1973,
LVA,"Latvia",1972,
LVA,"Latvia",1971,
LVA,"Latvia",1970,
LVA,"Latvia",1969,
LVA,"Latvia",1968,
LVA,"Latvia",1967,
LVA,"Latvia",1966,
LVA,"Latvia",1965,
LVA,"Latvia",1964,
LVA,"Latvia",1963,
LVA,"Latvia",1962,
LVA,"Latvia",1961,
LVA,"Latvia",1960,
LBN,"Lebanon",2025,
LBN,"Lebanon",2024,10469.2210966932
LBN,"Lebanon",2023,11330.2687387422
LBN,"Lebanon",2022,11474.7505845558
LBN,"Lebanon",2021,11599.7755083765
LBN,"Lebanon",2020,12507.4366368078
LBN,"Lebanon",2019,15659.5661040012
LBN,"Lebanon",2018,16290.0516478592
LBN,"Lebanon",2017,16128.5838196051
LBN,"Lebanon",2016,15572.3611739774
LBN,"Lebanon",2015,14980.020515614
LBN,"Lebanon",2014,15205.873265402
LBN,"Lebanon",2013,16396.4969302163
LBN,"Lebanon",2012,17323.3013764282
LBN,"Lebanon",2011,17353.1960845294
LBN,"Lebanon",2010,17390.7584012958
LBN,"Lebanon",2009,16264.3506182706
LBN,"Lebanon",2008,14955.1413563252
LBN,"Lebanon",2007,13941.5614244767
LBN,"Lebanon",2006,13003.680803908
LBN,"Lebanon",2005,13024.6648924956
LBN,"Lebanon",2004,12882.0757995163
LBN,"Lebanon",2003,12272.3440677497
LBN,"Lebanon",2002,12053.8341563826
LBN,"Lebanon",2001,11817.9305012844
LBN,"Lebanon",2000,11571.7326041085
LBN,"Lebanon",1999,11617.2497708538
LBN,"Lebanon",1998,11885.3072278409
LBN,"Lebanon",1997,11668.4006854372
LBN,"Lebanon",1996,11757.2824887935
LBN,"Lebanon",1995,10762.4426963776
LBN,"Lebanon",1994,10294.812771264
LBN,"Lebanon",1993,9695.31549182752
LBN,"Lebanon",1992,8924.15264553271
LBN,"Lebanon",1991,7828.17201077656
LBN,"Lebanon",1990,5345.51209718413
LBN,"Lebanon",1989,
LBN,"Lebanon",1988,
LBN,"Lebanon",1987,
LBN,"Lebanon",1986,
LBN,"Lebanon",1985,
LBN,"Lebanon",1984,
LBN,"Lebanon",1983,
LBN,"Lebanon",1982,
LBN,"Lebanon",1981,
LBN,"Lebanon",1980,
LBN,"Lebanon",1979,
LBN,"Lebanon",1978,
LBN,"Lebanon",1977,
LBN,"Lebanon",1976,
LBN,"Lebanon",1975,
LBN,"Lebanon",1974,
LBN,"Lebanon",1973,
LBN,"Lebanon",1972,
LBN,"Lebanon",1971,
LBN,"Lebanon",1970,
LBN,"Lebanon",1969,
LBN,"Lebanon",1968,
LBN,"Lebanon",1967,
LBN,"Lebanon",1966,
LBN,"Lebanon",1965,
LBN,"Lebanon",1964,
LBN,"Lebanon",1963,
LBN,"Lebanon",1962,
LBN,"Lebanon",1961,
LBN,"Lebanon",1960,
LSO,"Lesotho",2025,2720.95737653412
LSO,"Lesotho",2024,2697.62738436647
LSO,"Lesotho",2023,2592.4570129526
LSO,"Lesotho",2022,2577.54544127769
LSO,"Lesotho",2021,2544.78249551214
LSO,"Lesotho",2020,2517.11044486593
LSO,"Lesotho",2019,2773.28639887236
LSO,"Lesotho",2018,2846.41828124649
LSO,"Lesotho",2017,2924.68096193272
LSO,"Lesotho",2016,3057.26091568162
LSO,"Lesotho",2015,2986.95866729879
LSO,"Lesotho",2014,2930.61724036206
LSO,"Lesotho",2013,2914.37515966739
LSO,"Lesotho",2012,2894.22705048142
LSO,"Lesotho",2011,2749.31958166573
LSO,"Lesotho",2010,2651.37804898226
LSO,"Lesotho",2009,2538.19341751854
LSO,"Lesotho",2008,2589.16635854686
LSO,"Lesotho",2007,2470.31462127885
LSO,"Lesotho",2006,2381.02024562073
LSO,"Lesotho",2005,2275.01614419256
LSO,"Lesotho",2004,2178.66474674332
LSO,"Lesotho",2003,2127.37302160132
LSO,"Lesotho",2002,2024.78727304864
LSO,"Lesotho",2001,2004.03350215955
LSO,"Lesotho",2000,1932.15793223415
LSO,"Lesotho",1999,1860.70052178612
LSO,"Lesotho",1998,1856.69078488714
LSO,"Lesotho",1997,1837.69657049966
LSO,"Lesotho",1996,1786.182290166
LSO,"Lesotho",1995,1709.69433512939
LSO,"Lesotho",1994,1675.5977232422
LSO,"Lesotho",1993,1602.59633239095
LSO,"Lesotho",1992,1571.8270420314
LSO,"Lesotho",1991,1494.24032446777
LSO,"Lesotho",1990,1422.15056881284
LSO,"Lesotho",1989,
LSO,"Lesotho",1988,
LSO,"Lesotho",1987,
LSO,"Lesotho",1986,
LSO,"Lesotho",1985,
LSO,"Lesotho",1984,
LSO,"Lesotho",1983,
LSO,"Lesotho",1982,
LSO,"Lesotho",1981,
LSO,"Lesotho",1980,
LSO,"Lesotho",1979,
LSO,"Lesotho",1978,
LSO,"Lesotho",1977,
LSO,"Lesotho",1976,
LSO,"Lesotho",1975,
LSO,"Lesotho",1974,
LSO,"Lesotho",1973,
LSO,"Lesotho",1972,
LSO,"Lesotho",1971,
LSO,"Lesotho",1970,
LSO,"Lesotho",1969,
LSO,"Lesotho",1968,
LSO,"Lesotho",1967,
LSO,"Lesotho",1966,
LSO,"Lesotho",1965,
LSO,"Lesotho",1964,
LSO,"Lesotho",1963,
LSO,"Lesotho",1962,
LSO,"Lesotho",1961,
LSO,"Lesotho",1960,
LBR,"Liberia",2025,1692.92591135475
LBR,"Liberia",2024,1646.05861366601
LBR,"Liberia",2023,1616.92373356695
LBR,"Liberia",2022,1578.99837069175
LBR,"Liberia",2021,1539.20892304674
LBR,"Liberia",2020,1497.37692436272
LBR,"Liberia",2019,1575.76665001238
LBR,"Liberia",2018,1647.97443793846
LBR,"Liberia",2017,1661.30290782171
LBR,"Liberia",2016,1653.31050211233
LBR,"Liberia",2015,1714.09047960464
LBR,"Liberia",2014,1750.1438489328
LBR,"Liberia",2013,1774.5205777394
LBR,"Liberia",2012,1668.97289588776
LBR,"Liberia",2011,1601.03374045996
LBR,"Liberia",2010,1538.85083488512
LBR,"Liberia",2009,1492.99817384053
LBR,"Liberia",2008,1463.12408187297
LBR,"Liberia",2007,1422.10019670004
LBR,"Liberia",2006,1364.60347323709
LBR,"Liberia",2005,1335.61728880785
LBR,"Liberia",2004,1326.53565502695
LBR,"Liberia",2003,1308.15090140274
LBR,"Liberia",2002,1887.64601570733
LBR,"Liberia",2001,1867.11910921753
LBR,"Liberia",2000,1868.17975587618
LBR,"Liberia",1999,1507.31470254594
LBR,"Liberia",1998,1308.40568305294
LBR,"Liberia",1997,1111.93760251371
LBR,"Liberia",1996,582.677982536092
LBR,"Liberia",1995,534.809715165406
LBR,"Liberia",1994,563.640361196647
LBR,"Liberia",1993,718.683238814764
LBR,"Liberia",1992,1115.03770816852
LBR,"Liberia",1991,1819.49785292522
LBR,"Liberia",1990,1866.40548125833
LBR,"Liberia",1989,
LBR,"Liberia",1988,
LBR,"Liberia",1987,
LBR,"Liberia",1986,
LBR,"Liberia",1985,
LBR,"Liberia",1984,
LBR,"Liberia",1983,
LBR,"Liberia",1982,
LBR,"Liberia",1981,
LBR,"Liberia",1980,
LBR,"Liberia",1979,
LBR,"Liberia",1978,
LBR,"Liberia",1977,
LBR,"Liberia",1976,
LBR,"Liberia",1975,
LBR,"Liberia",1974,
LBR,"Liberia",1973,
LBR,"Liberia",1972,
LBR,"Liberia",1971,
LBR,"Liberia",1970,
LBR,"Liberia",1969,
LBR,"Liberia",1968,
LBR,"Liberia",1967,
LBR,"Liberia",1966,
LBR,"Liberia",1965,
LBR,"Liberia",1964,
LBR,"Liberia",1963,
LBR,"Liberia",1962,
LBR,"Liberia",1961,
LBR,"Liberia",1960,
LBY,"Libya",2025,14118.2064418565
LBY,"Libya",2024,12583.8338726816
LBY,"Libya",2023,12476.5974944083
LBY,"Libya",2022,11450.0598552928
LBY,"Libya",2021,12641.5097714075
LBY,"Libya",2020,9978.66400110743
LBY,"Libya",2019,14337.1962987582
LBY,"Libya",2018,16385.164476127
LBY,"Libya",2017,15428.1164411854
LBY,"Libya",2016,11831.8257669559
LBY,"Libya",2015,12195.3486990421
LBY,"Libya",2014,12499.0829968523
LBY,"Libya",2013,16557.500941665
LBY,"Libya",2012,20601.0026641
LBY,"Libya",2011,10741.9206751908
LBY,"Libya",2010,21115.5259846154
LBY,"Libya",2009,20518.9642412838
LBY,"Libya",2008,21915.1976208274
LBY,"Libya",2007,22422.0117594762
LBY,"Libya",2006,21545.2986384419
LBY,"Libya",2005,20649.4624580172
LBY,"Libya",2004,18851.2039109963
LBY,"Libya",2003,18422.7336032405
LBY,"Libya",2002,16629.4364346005
LBY,"Libya",2001,17115.9888564264
LBY,"Libya",2000,17747.0188855832
LBY,"Libya",1999,17402.5683820479
LBY,"Libya",1998,17532.9261043755
LBY,"Libya",1997,18451.6998451345
LBY,"Libya",1996,17809.1519222171
LBY,"Libya",1995,17723.2679211029
LBY,"Libya",1994,18444.5133617859
LBY,"Libya",1993,18434.641128465
LBY,"Libya",1992,19538.138704794
LBY,"Libya",1991,20506.8762691578
LBY,"Libya",1990,18126.5869612606
LBY,"Libya",1989,
LBY,"Libya",1988,
LBY,"Libya",1987,
LBY,"Libya",1986,
LBY,"Libya",1985,
LBY,"Libya",1984,
LBY,"Libya",1983,
LBY,"Libya",1982,
LBY,"Libya",1981,
LBY,"Libya",1980,
LBY,"Libya",1979,
LBY,"Libya",1978,
LBY,"Libya",1977,
LBY,"Libya",1976,
LBY,"Libya",1975,
LBY,"Libya",1974,
LBY,"Libya",1973,
LBY,"Libya",1972,
LBY,"Libya",1971,
LBY,"Libya",1970,
LBY,"Libya",1969,
LBY,"Libya",1968,
LBY,"Libya",1967,
LBY,"Libya",1966,
LBY,"Libya",1965,
LBY,"Libya",1964,
LBY,"Libya",1963,
LBY,"Libya",1962,
LBY,"Libya",1961,
LBY,"Libya",1960,
LIE,"Liechtenstein",2025,
LIE,"Liechtenstein",2024,
LIE,"Liechtenstein",2023,
LIE,"Liechtenstein",2022,
LIE,"Liechtenstein",2021,
LIE,"Liechtenstein",2020,
LIE,"Liechtenstein",2019,
LIE,"Liechtenstein",2018,
LIE,"Liechtenstein",2017,
LIE,"Liechtenstein",2016,
LIE,"Liechtenstein",2015,
LIE,"Liechtenstein",2014,
LIE,"Liechtenstein",2013,
LIE,"Liechtenstein",2012,
LIE,"Liechtenstein",2011,
LIE,"Liechtenstein",2010,
LIE,"Liechtenstein",2009,
LIE,"Liechtenstein",2008,
LIE,"Liechtenstein",2007,
LIE,"Liechtenstein",2006,
LIE,"Liechtenstein",2005,
LIE,"Liechtenstein",2004,
LIE,"Liechtenstein",2003,
LIE,"Liechtenstein",2002,
LIE,"Liechtenstein",2001,
LIE,"Liechtenstein",2000,
LIE,"Liechtenstein",1999,
LIE,"Liechtenstein",1998,
LIE,"Liechtenstein",1997,
LIE,"Liechtenstein",1996,
LIE,"Liechtenstein",1995,
LIE,"Liechtenstein",1994,
LIE,"Liechtenstein",1993,
LIE,"Liechtenstein",1992,
LIE,"Liechtenstein",1991,
LIE,"Liechtenstein",1990,
LIE,"Liechtenstein",1989,
LIE,"Liechtenstein",1988,
LIE,"Liechtenstein",1987,
LIE,"Liechtenstein",1986,
LIE,"Liechtenstein",1985,
LIE,"Liechtenstein",1984,
LIE,"Liechtenstein",1983,
LIE,"Liechtenstein",1982,
LIE,"Liechtenstein",1981,
LIE,"Liechtenstein",1980,
LIE,"Liechtenstein",1979,
LIE,"Liechtenstein",1978,
LIE,"Liechtenstein",1977,
LIE,"Liechtenstein",1976,
LIE,"Liechtenstein",1975,
LIE,"Liechtenstein",1974,
LIE,"Liechtenstein",1973,
LIE,"Liechtenstein",1972,
LIE,"Liechtenstein",1971,
LIE,"Liechtenstein",1970,
LIE,"Liechtenstein",1969,
LIE,"Liechtenstein",1968,
LIE,"Liechtenstein",1967,
LIE,"Liechtenstein",1966,
LIE,"Liechtenstein",1965,
LIE,"Liechtenstein",1964,
LIE,"Liechtenstein",1963,
LIE,"Liechtenstein",1962,
LIE,"Liechtenstein",1961,
LIE,"Liechtenstein",1960,
LTU,"Lithuania",2025,48839.5436452948
LTU,"Lithuania",2024,47462.0039386975
LTU,"Lithuania",2023,46333.9006965206
LTU,"Lithuania",2022,46642.5947251086
LTU,"Lithuania",2021,45897.3715026327
LTU,"Lithuania",2020,43108.1976060283
LTU,"Lithuania",2019,43078.7118585461
LTU,"Lithuania",2018,41035.4018152732
LTU,"Lithuania",2017,38789.2463179035
LTU,"Lithuania",2016,36632.0832798438
LTU,"Lithuania",2015,35264.7149248316
LTU,"Lithuania",2014,33988.0148951198
LTU,"Lithuania",2013,32487.0008217277
LTU,"Lithuania",2012,30932.0983180261
LTU,"Lithuania",2011,29251.8774718539
LTU,"Lithuania",2010,26897.7243702338
LTU,"Lithuania",2009,26227.5230201039
LTU,"Lithuania",2008,30457.3682543436
LTU,"Lithuania",2007,29381.9521464971
LTU,"Lithuania",2006,26139.2837773621
LTU,"Lithuania",2005,23953.8150681702
LTU,"Lithuania",2004,21875.6085796224
LTU,"Lithuania",2003,20310.7119582322
LTU,"Lithuania",2002,18223.4782620215
LTU,"Lithuania",2001,16939.467059225
LTU,"Lithuania",2000,15777.4293800236
LTU,"Lithuania",1999,15148.9570325637
LTU,"Lithuania",1998,15208.6978530701
LTU,"Lithuania",1997,14050.349878771
LTU,"Lithuania",1996,12878.1001468209
LTU,"Lithuania",1995,12168.8332695478
LTU,"Lithuania",1994,11690.8861051725
LTU,"Lithuania",1993,12866.5897896196
LTU,"Lithuania",1992,15286.2039647381
LTU,"Lithuania",1991,19392.1950657963
LTU,"Lithuania",1990,20594.0623779042
LTU,"Lithuania",1989,
LTU,"Lithuania",1988,
LTU,"Lithuania",1987,
LTU,"Lithuania",1986,
LTU,"Lithuania",1985,
LTU,"Lithuania",1984,
LTU,"Lithuania",1983,
LTU,"Lithuania",1982,
LTU,"Lithuania",1981,
LTU,"Lithuania",1980,
LTU,"Lithuania",1979,
LTU,"Lithuania",1978,
LTU,"Lithuania",1977,
LTU,"Lithuania",1976,
LTU,"Lithuania",1975,
LTU,"Lithuania",1974,
LTU,"Lithuania",1973,
LTU,"Lithuania",1972,
LTU,"Lithuania",1971,
LTU,"Lithuania",1970,
LTU,"Lithuania",1969,
LTU,"Lithuania",1968,
LTU,"Lithuania",1967,
LTU,"Lithuania",1966,
LTU,"Lithuania",1965,
LTU,"Lithuania",1964,
LTU,"Lithuania",1963,
LTU,"Lithuania",1962,
LTU,"Lithuania",1961,
LTU,"Lithuania",1960,
LUX,"Luxembourg",2025,127420.601625165
LUX,"Luxembourg",2024,128475.283540415
LUX,"Luxembourg",2023,130048.922273147
LUX,"Luxembourg",2022,132570.832272626
LUX,"Luxembourg",2021,136772.443753292
LUX,"Luxembourg",2020,129865.631871124
LUX,"Luxembourg",2019,132724.754668303
LUX,"Luxembourg",2018,131733.884471489
LUX,"Luxembourg",2017,132169.829576174
LUX,"Luxembourg",2016,133661.734541281
LUX,"Luxembourg",2015,130097.338289025
LUX,"Luxembourg",2014,130249.550482759
LUX,"Luxembourg",2013,129947.336184196
LUX,"Luxembourg",2012,128897.403218507
LUX,"Luxembourg",2011,129887.626962873
LUX,"Luxembourg",2010,131434.360018803
LUX,"Luxembourg",2009,129004.508948877
LUX,"Luxembourg",2008,135814.608862354
LUX,"Luxembourg",2007,138683.319852878
LUX,"Luxembourg",2006,130290.174082751
LUX,"Luxembourg",2005,124871.952523256
LUX,"Luxembourg",2004,123725.755122536
LUX,"Luxembourg",2003,120403.002017933
LUX,"Luxembourg",2002,118764.331507238
LUX,"Luxembourg",2001,116265.230369162
LUX,"Luxembourg",2000,114148.353907645
LUX,"Luxembourg",1999,108186.852973076
LUX,"Luxembourg",1998,101369.82339661
LUX,"Luxembourg",1997,96216.9038688184
LUX,"Luxembourg",1996,92421.5791788935
LUX,"Luxembourg",1995,92396.3982654612
LUX,"Luxembourg",1994,92380.4162945065
LUX,"Luxembourg",1993,90200.6012709212
LUX,"Luxembourg",1992,87734.2029842352
LUX,"Luxembourg",1991,87318.4976692868
LUX,"Luxembourg",1990,81455.0312264957
LUX,"Luxembourg",1989,
LUX,"Luxembourg",1988,
LUX,"Luxembourg",1987,
LUX,"Luxembourg",1986,
LUX,"Luxembourg",1985,
LUX,"Luxembourg",1984,
LUX,"Luxembourg",1983,
LUX,"Luxembourg",1982,
LUX,"Luxembourg",1981,
LUX,"Luxembourg",1980,
LUX,"Luxembourg",1979,
LUX,"Luxembourg",1978,
LUX,"Luxembourg",1977,
LUX,"Luxembourg",1976,
LUX,"Luxembourg",1975,
LUX,"Luxembourg",1974,
LUX,"Luxembourg",1973,
LUX,"Luxembourg",1972,
LUX,"Luxembourg",1971,
LUX,"Luxembourg",1970,
LUX,"Luxembourg",1969,
LUX,"Luxembourg",1968,
LUX,"Luxembourg",1967,
LUX,"Luxembourg",1966,
LUX,"Luxembourg",1965,
LUX,"Luxembourg",1964,
LUX,"Luxembourg",1963,
LUX,"Luxembourg",1962,
LUX,"Luxembourg",1961,
LUX,"Luxembourg",1960,
MAC,"Macao SAR, China",2025,117098.274845518
MAC,"Macao SAR, China",2024,111693.502831434
MAC,"Macao SAR, China",2023,104815.20003062
MAC,"Macao SAR, China",2022,59921.441691873
MAC,"Macao SAR, China",2021,73374.4486829589
MAC,"Macao SAR, China",2020,59662.4855864551
MAC,"Macao SAR, China",2019,133453.896026037
MAC,"Macao SAR, China",2018,139541.157248769
MAC,"Macao SAR, China",2017,133322.632677744
MAC,"Macao SAR, China",2016,120530.052858314
MAC,"Macao SAR, China",2015,123194.067291275
MAC,"Macao SAR, China",2014,162813.439348589
MAC,"Macao SAR, China",2013,174569.523171267
MAC,"Macao SAR, China",2012,164239.261923457
MAC,"Macao SAR, China",2011,155385.324208541
MAC,"Macao SAR, China",2010,130758.2806979
MAC,"Macao SAR, China",2009,104911.140336462
MAC,"Macao SAR, China",2008,102474.668562926
MAC,"Macao SAR, China",2007,102879.639164559
MAC,"Macao SAR, China",2006,93828.3198758417
MAC,"Macao SAR, China",2005,87185.5254441553
MAC,"Macao SAR, China",2004,84004.4558061302
MAC,"Macao SAR, China",2003,67994.777526459
MAC,"Macao SAR, China",2002,61625.9560068114
MAC,"Macao SAR, China",2001,57173.8590987063
MAC,"Macao SAR, China",2000,55994.760697993
MAC,"Macao SAR, China",1999,53348.0126915655
MAC,"Macao SAR, China",1998,55296.5007644986
MAC,"Macao SAR, China",1997,58639.5250296819
MAC,"Macao SAR, China",1996,59115.2336138336
MAC,"Macao SAR, China",1995,60205.7086394147
MAC,"Macao SAR, China",1994,60120.6582440409
MAC,"Macao SAR, China",1993,59589.975909516
MAC,"Macao SAR, China",1992,58652.7899194928
MAC,"Macao SAR, China",1991,54602.0544901621
MAC,"Macao SAR, China",1990,55300.7442649888
MAC,"Macao SAR, China",1989,
MAC,"Macao SAR, China",1988,
MAC,"Macao SAR, China",1987,
MAC,"Macao SAR, China",1986,
MAC,"Macao SAR, China",1985,
MAC,"Macao SAR, China",1984,
MAC,"Macao SAR, China",1983,
MAC,"Macao SAR, China",1982,
MAC,"Macao SAR, China",1981,
MAC,"Macao SAR, China",1980,
MAC,"Macao SAR, China",1979,
MAC,"Macao SAR, China",1978,
MAC,"Macao SAR, China",1977,
MAC,"Macao SAR, China",1976,
MAC,"Macao SAR, China",1975,
MAC,"Macao SAR, China",1974,
MAC,"Macao SAR, China",1973,
MAC,"Macao SAR, China",1972,
MAC,"Macao SAR, China",1971,
MAC,"Macao SAR, China",1970,
MAC,"Macao SAR, China",1969,
MAC,"Macao SAR, China",1968,
MAC,"Macao SAR, China",1967,
MAC,"Macao SAR, China",1966,
MAC,"Macao SAR, China",1965,
MAC,"Macao SAR, China",1964,
MAC,"Macao SAR, China",1963,
MAC,"Macao SAR, China",1962,
MAC,"Macao SAR, China",1961,
MAC,"Macao SAR, China",1960,
MDG,"Madagascar",2025,1668.47702330854
MDG,"Madagascar",2024,1659.15030770194
MDG,"Madagascar",2023,1629.6055225489
MDG,"Madagascar",2022,1602.42805197529
MDG,"Madagascar",2021,1577.43246056529
MDG,"Madagascar",2020,1545.72714379204
MDG,"Madagascar",2019,1707.83153830039
MDG,"Madagascar",2018,1678.78623269491
MDG,"Madagascar",2017,1669.72764267278
MDG,"Madagascar",2016,1648.91226979296
MDG,"Madagascar",2015,1627.5806134224
MDG,"Madagascar",2014,1620.357889066
MDG,"Madagascar",2013,1610.6023078966
MDG,"Madagascar",2012,1617.79082882481
MDG,"Madagascar",2011,1614.55137773785
MDG,"Madagascar",2010,1635.24511473059
MDG,"Madagascar",2009,1673.15551466723
MDG,"Madagascar",2008,1794.40235887329
MDG,"Madagascar",2007,1731.61751794976
MDG,"Madagascar",2006,1686.86335460016
MDG,"Madagascar",2005,1648.17631554009
MDG,"Madagascar",2004,1620.11953793293
MDG,"Madagascar",2003,1584.74925232364
MDG,"Madagascar",2002,1486.43429741771
MDG,"Madagascar",2001,1748.50350929178
MDG,"Madagascar",2000,1701.44320253582
MDG,"Madagascar",1999,1681.35933226493
MDG,"Madagascar",1998,1658.88849253066
MDG,"Madagascar",1997,1649.44809006306
MDG,"Madagascar",1996,1643.32579628891
MDG,"Madagascar",1995,1661.27062467061
MDG,"Madagascar",1994,1686.34190833351
MDG,"Madagascar",1993,1740.29513594203
MDG,"Madagascar",1992,1757.29459775259
MDG,"Madagascar",1991,1789.84169366249
MDG,"Madagascar",1990,1968.27239771424
MDG,"Madagascar",1989,
MDG,"Madagascar",1988,
MDG,"Madagascar",1987,
MDG,"Madagascar",1986,
MDG,"Madagascar",1985,
MDG,"Madagascar",1984,
MDG,"Madagascar",1983,
MDG,"Madagascar",1982,
MDG,"Madagascar",1981,
MDG,"Madagascar",1980,
MDG,"Madagascar",1979,
MDG,"Madagascar",1978,
MDG,"Madagascar",1977,
MDG,"Madagascar",1976,
MDG,"Madagascar",1975,
MDG,"Madagascar",1974,
MDG,"Madagascar",1973,
MDG,"Madagascar",1972,
MDG,"Madagascar",1971,
MDG,"Madagascar",1970,
MDG,"Madagascar",1969,
MDG,"Madagascar",1968,
MDG,"Madagascar",1967,
MDG,"Madagascar",1966,
MDG,"Madagascar",1965,
MDG,"Madagascar",1964,
MDG,"Madagascar",1963,
MDG,"Madagascar",1962,
MDG,"Madagascar",1961,
MDG,"Madagascar",1960,
MWI,"Malawi",2025,1623.02178529282
MWI,"Malawi",2024,1634.24660266597
MWI,"Malawi",2023,1649.29873234551
MWI,"Malawi",2022,1659.95933825168
MWI,"Malawi",2021,1687.59358179651
MWI,"Malawi",2020,1656.43985192533
MWI,"Malawi",2019,1687.28944917892
MWI,"Malawi",2018,1638.91665761076
MWI,"Malawi",2017,1613.0593571462
MWI,"Malawi",2016,1593.59549264808
MWI,"Malawi",2015,1597.69145324855
MWI,"Malawi",2014,1597.56484331405
MWI,"Malawi",2013,1555.50607410511
MWI,"Malawi",2012,1518.14803849238
MWI,"Malawi",2011,1533.22889572405
MWI,"Malawi",2010,1504.37514113215
MWI,"Malawi",2009,1449.72601522136
MWI,"Malawi",2008,1378.42886690465
MWI,"Malawi",2007,1318.33196397214
MWI,"Malawi",2006,1237.27386519947
MWI,"Malawi",2005,1214.7426419188
MWI,"Malawi",2004,1208.2196975075
MWI,"Malawi",2003,1176.12385998737
MWI,"Malawi",2002,1140.84274642418
MWI,"Malawi",2001,1149.58039601898
MWI,"Malawi",2000,1239.39174838676
MWI,"Malawi",1999,1249.77523298871
MWI,"Malawi",1998,1241.52433181826
MWI,"Malawi",1997,1221.09404555353
MWI,"Malawi",1996,1200.32058232422
MWI,"Malawi",1995,1140.75609365079
MWI,"Malawi",1994,975.849640143399
MWI,"Malawi",1993,1074.58485213269
MWI,"Malawi",1992,994.036504790471
MWI,"Malawi",1991,1104.3904622212
MWI,"Malawi",1990,1047.46436351132
MWI,"Malawi",1989,
MWI,"Malawi",1988,
MWI,"Malawi",1987,
MWI,"Malawi",1986,
MWI,"Malawi",1985,
MWI,"Malawi",1984,
MWI,"Malawi",1983,
MWI,"Malawi",1982,
MWI,"Malawi",1981,
MWI,"Malawi",1980,
MWI,"Malawi",1979,
MWI,"Malawi",1978,
MWI,"Malawi",1977,
MWI,"Malawi",1976,
MWI,"Malawi",1975,
MWI,"Malawi",1974,
MWI,"Malawi",1973,
MWI,"Malawi",1972,
MWI,"Malawi",1971,
MWI,"Malawi",1970,
MWI,"Malawi",1969,
MWI,"Malawi",1968,
MWI,"Malawi",1967,
MWI,"Malawi",1966,
MWI,"Malawi",1965,
MWI,"Malawi",1964,
MWI,"Malawi",1963,
MWI,"Malawi",1962,
MWI,"Malawi",1961,
MWI,"Malawi",1960,
MYS,"Malaysia",2025,35461.4465805872
MYS,"Malaysia",2024,34116.2317848885
MYS,"Malaysia",2023,32857.6676600774
MYS,"Malaysia",2022,32129.2217820113
MYS,"Malaysia",2021,29822.8491831618
MYS,"Malaysia",2020,29200.452632127
MYS,"Malaysia",2019,31300.5086554849
MYS,"Malaysia",2018,30459.9655338061
MYS,"Malaysia",2017,29551.5457597197
MYS,"Malaysia",2016,28425.3707609412
MYS,"Malaysia",2015,27699.6278860387
MYS,"Malaysia",2014,26818.4317281659
MYS,"Malaysia",2013,25736.3525554142
MYS,"Malaysia",2012,25006.3587781537
MYS,"Malaysia",2011,24115.8181203958
MYS,"Malaysia",2010,23307.9698543785
MYS,"Malaysia",2009,22106.6417311801
MYS,"Malaysia",2008,22898.0027575442
MYS,"Malaysia",2007,22305.118263117
MYS,"Malaysia",2006,21444.4857715028
MYS,"Malaysia",2005,20767.5857243346
MYS,"Malaysia",2004,20168.5062099425
MYS,"Malaysia",2003,19329.0062757538
MYS,"Malaysia",2002,18708.8694877279
MYS,"Malaysia",2001,18186.4411330146
MYS,"Malaysia",2000,18532.9096706227
MYS,"Malaysia",1999,17428.6256563043
MYS,"Malaysia",1998,16817.1719190401
MYS,"Malaysia",1997,18604.514527465
MYS,"Malaysia",1996,17771.7118795056
MYS,"Malaysia",1995,16568.5160590209
MYS,"Malaysia",1994,15474.0144648307
MYS,"Malaysia",1993,14533.790397007
MYS,"Malaysia",1992,13567.8936121181
MYS,"Malaysia",1991,12795.0498964228
MYS,"Malaysia",1990,12013.6969483112
MYS,"Malaysia",1989,
MYS,"Malaysia",1988,
MYS,"Malaysia",1987,
MYS,"Malaysia",1986,
MYS,"Malaysia",1985,
MYS,"Malaysia",1984,
MYS,"Malaysia",1983,
MYS,"Malaysia",1982,
MYS,"Malaysia",1981,
MYS,"Malaysia",1980,
MYS,"Malaysia",1979,
MYS,"Malaysia",1978,
MYS,"Malaysia",1977,
MYS,"Malaysia",1976,
MYS,"Malaysia",1975,
MYS,"Malaysia",1974,
MYS,"Malaysia",1973,
MYS,"Malaysia",1972,
MYS,"Malaysia",1971,
MYS,"Malaysia",1970,
MYS,"Malaysia",1969,
MYS,"Malaysia",1968,
MYS,"Malaysia",1967,
MYS,"Malaysia",1966,
MYS,"Malaysia",1965,
MYS,"Malaysia",1964,
MYS,"Malaysia",1963,
MYS,"Malaysia",1962,
MYS,"Malaysia",1961,
MYS,"Malaysia",1960,
MDV,"Maldives",2025,24401.3159253635
MDV,"Maldives",2024,23034.4098404839
MDV,"Maldives",2023,22333.0477138175
MDV,"Maldives",2022,21357.8112511153
MDV,"Maldives",2021,19052.6224904311
MDV,"Maldives",2020,14242.9750701162
MDV,"Maldives",2019,21855.501224579
MDV,"Maldives",2018,21072.5805249694
MDV,"Maldives",2017,20036.7165354949
MDV,"Maldives",2016,19345.1792343541
MDV,"Maldives",2015,18829.4481529112
MDV,"Maldives",2014,18765.3592118344
MDV,"Maldives",2013,17986.8907361645
MDV,"Maldives",2012,17390.1474995422
MDV,"Maldives",2011,17581.7676697752
MDV,"Maldives",2010,16730.0144200167
MDV,"Maldives",2009,16230.0089361263
MDV,"Maldives",2008,18344.4866455436
MDV,"Maldives",2007,17439.9504862625
MDV,"Maldives",2006,16829.9768208157
MDV,"Maldives",2005,13942.8753891662
MDV,"Maldives",2004,15958.6557759464
MDV,"Maldives",2003,15316.1192814998
MDV,"Maldives",2002,13689.8065561949
MDV,"Maldives",2001,12977.9990665612
MDV,"Maldives",2000,13738.2809408875
MDV,"Maldives",1999,13449.2026730153
MDV,"Maldives",1998,12884.7223193763
MDV,"Maldives",1997,12210.9687208916
MDV,"Maldives",1996,11495.0988639063
MDV,"Maldives",1995,10894.1730236585
MDV,"Maldives",1994,9866.07502836993
MDV,"Maldives",1993,9378.52243653043
MDV,"Maldives",1992,9120.9918309279
MDV,"Maldives",1991,8799.25510927462
MDV,"Maldives",1990,8945.80478665277
MDV,"Maldives",1989,
MDV,"Maldives",1988,
MDV,"Maldives",1987,
MDV,"Maldives",1986,
MDV,"Maldives",1985,
MDV,"Maldives",1984,
MDV,"Maldives",1983,
MDV,"Maldives",1982,
MDV,"Maldives",1981,
MDV,"Maldives",1980,
MDV,"Maldives",1979,
MDV,"Maldives",1978,
MDV,"Maldives",1977,
MDV,"Maldives",1976,
MDV,"Maldives",1975,
MDV,"Maldives",1974,
MDV,"Maldives",1973,
MDV,"Maldives",1972,
MDV,"Maldives",1971,
MDV,"Maldives",1970,
MDV,"Maldives",1969,
MDV,"Maldives",1968,
MDV,"Maldives",1967,
MDV,"Maldives",1966,
MDV,"Maldives",1965,
MDV,"Maldives",1964,
MDV,"Maldives",1963,
MDV,"Maldives",1962,
MDV,"Maldives",1961,
MDV,"Maldives",1960,
MLI,"Mali",2025,2993.25166359257
MLI,"Mali",2024,2917.93245883671
MLI,"Mali",2023,2861.48058063314
MLI,"Mali",2022,2813.81095962565
MLI,"Mali",2021,2796.22793795431
MLI,"Mali",2020,2796.41038444386
MLI,"Mali",2019,2916.17167791084
MLI,"Mali",2018,2862.40728987476
MLI,"Mali",2017,2816.19423901587
MLI,"Mali",2016,2759.11051293341
MLI,"Mali",2015,2686.56065073799
MLI,"Mali",2014,2609.16733048395
MLI,"Mali",2013,2528.5300676726
MLI,"Mali",2012,2520.52931086804
MLI,"Mali",2011,2623.34627008698
MLI,"Mali",2010,2632.2646821909
MLI,"Mali",2009,2575.54549773648
MLI,"Mali",2008,2523.19961270039
MLI,"Mali",2007,2515.94692366143
MLI,"Mali",2006,2555.07476258805
MLI,"Mali",2005,2546.33281405861
MLI,"Mali",2004,2565.9774456147
MLI,"Mali",2003,2611.8368552722
MLI,"Mali",2002,2455.61935702417
MLI,"Mali",2001,2458.46155673065
MLI,"Mali",2000,2187.71894207161
MLI,"Mali",1999,2269.08741151657
MLI,"Mali",1998,2228.20055527642
MLI,"Mali",1997,2142.78769300012
MLI,"Mali",1996,2105.27530135189
MLI,"Mali",1995,2022.40378268201
MLI,"Mali",1994,2051.75478429108
MLI,"Mali",1993,1985.3806486371
MLI,"Mali",1992,1942.72857140951
MLI,"Mali",1991,2087.9190293852
MLI,"Mali",1990,1890.50212990708
MLI,"Mali",1989,
MLI,"Mali",1988,
MLI,"Mali",1987,
MLI,"Mali",1986,
MLI,"Mali",1985,
MLI,"Mali",1984,
MLI,"Mali",1983,
MLI,"Mali",1982,
MLI,"Mali",1981,
MLI,"Mali",1980,
MLI,"Mali",1979,
MLI,"Mali",1978,
MLI,"Mali",1977,
MLI,"Mali",1976,
MLI,"Mali",1975,
MLI,"Mali",1974,
MLI,"Mali",1973,
MLI,"Mali",1972,
MLI,"Mali",1971,
MLI,"Mali",1970,
MLI,"Mali",1969,
MLI,"Mali",1968,
MLI,"Mali",1967,
MLI,"Mali",1966,
MLI,"Mali",1965,
MLI,"Mali",1964,
MLI,"Mali",1963,
MLI,"Mali",1962,
MLI,"Mali",1961,
MLI,"Mali",1960,
MLT,"Malta",2025,63655.5160659665
MLT,"Malta",2024,62398.4892388947
MLT,"Malta",2023,60459.7655182644
MLT,"Malta",2022,56874.4339327368
MLT,"Malta",2021,56823.9958525022
MLT,"Malta",2020,50389.6963309289
MLT,"Malta",2019,53393.4231642463
MLT,"Malta",2018,53419.0022708322
MLT,"Malta",2017,51628.2677400365
MLT,"Malta",2016,46967.3486291212
MLT,"Malta",2015,46171.8893420758
MLT,"Malta",2014,43163.1473000396
MLT,"Malta",2013,40921.3167795062
MLT,"Malta",2012,38937.1487755674
MLT,"Malta",2011,37740.8473665429
MLT,"Malta",2010,37528.7341525511
MLT,"Malta",2009,35512.6774555483
MLT,"Malta",2008,36287.726099619
MLT,"Malta",2007,34981.7020970372
MLT,"Malta",2006,33420.7141096927
MLT,"Malta",2005,32776.9683721182
MLT,"Malta",2004,32062.7641222076
MLT,"Malta",2003,32147.8757483202
MLT,"Malta",2002,31207.4322052709
MLT,"Malta",2001,30602.1099973654
MLT,"Malta",2000,31068.0784498241
MLT,"Malta",1999,26127.0614292927
MLT,"Malta",1998,25097.8083418163
MLT,"Malta",1997,24029.7879284425
MLT,"Malta",1996,23003.0667186164
MLT,"Malta",1995,22311.7929397361
MLT,"Malta",1994,21127.8495305273
MLT,"Malta",1993,20185.6644858263
MLT,"Malta",1992,19513.9107402762
MLT,"Malta",1991,18832.8308204007
MLT,"Malta",1990,18208.1055963545
MLT,"Malta",1989,
MLT,"Malta",1988,
MLT,"Malta",1987,
MLT,"Malta",1986,
MLT,"Malta",1985,
MLT,"Malta",1984,
MLT,"Malta",1983,
MLT,"Malta",1982,
MLT,"Malta",1981,
MLT,"Malta",1980,
MLT,"Malta",1979,
MLT,"Malta",1978,
MLT,"Malta",1977,
MLT,"Malta",1976,
MLT,"Malta",1975,
MLT,"Malta",1974,
MLT,"Malta",1973,
MLT,"Malta",1972,
MLT,"Malta",1971,
MLT,"Malta",1970,
MLT,"Malta",1969,
MLT,"Malta",1968,
MLT,"Malta",1967,
MLT,"Malta",1966,
MLT,"Malta",1965,
MLT,"Malta",1964,
MLT,"Malta",1963,
MLT,"Malta",1962,
MLT,"Malta",1961,
MLT,"Malta",1960,
MHL,"Marshall Islands",2025,7660.37695591168
MHL,"Marshall Islands",2024,7236.8679376649
MHL,"Marshall Islands",2023,6774.78265578378
MHL,"Marshall Islands",2022,6937.75357050514
MHL,"Marshall Islands",2021,6768.82579129624
MHL,"Marshall Islands",2020,6418.00663822416
MHL,"Marshall Islands",2019,6405.89632387105
MHL,"Marshall Islands",2018,5636.02954937672
MHL,"Marshall Islands",2017,5200.01066532485
MHL,"Marshall Islands",2016,4897.14934002038
MHL,"Marshall Islands",2015,4670.70755785577
MHL,"Marshall Islands",2014,4492.56749211821
MHL,"Marshall Islands",2013,4470.42630092843
MHL,"Marshall Islands",2012,4244.58812838612
MHL,"Marshall Islands",2011,4259.66173142969
MHL,"Marshall Islands",2010,4269.9054604506
MHL,"Marshall Islands",2009,4047.74537243531
MHL,"Marshall Islands",2008,3903.80571323423
MHL,"Marshall Islands",2007,4222.95393537643
MHL,"Marshall Islands",2006,4076.09863045701
MHL,"Marshall Islands",2005,4075.6807928036
MHL,"Marshall Islands",2004,4012.85859698975
MHL,"Marshall Islands",2003,4041.17284358405
MHL,"Marshall Islands",2002,4122.36777186234
MHL,"Marshall Islands",2001,4001.24312059454
MHL,"Marshall Islands",2000,3772.69913192999
MHL,"Marshall Islands",1999,3719.28760761623
MHL,"Marshall Islands",1998,3806.3745586576
MHL,"Marshall Islands",1997,3867.83838576288
MHL,"Marshall Islands",1996,4175.34883541971
MHL,"Marshall Islands",1995,4704.03569964567
MHL,"Marshall Islands",1994,4397.47802009698
MHL,"Marshall Islands",1993,4207.94886487463
MHL,"Marshall Islands",1992,4029.85752552856
MHL,"Marshall Islands",1991,3828.95408868903
MHL,"Marshall Islands",1990,3906.08626688762
MHL,"Marshall Islands",1989,
MHL,"Marshall Islands",1988,
MHL,"Marshall Islands",1987,
MHL,"Marshall Islands",1986,
MHL,"Marshall Islands",1985,
MHL,"Marshall Islands",1984,
MHL,"Marshall Islands",1983,
MHL,"Marshall Islands",1982,
MHL,"Marshall Islands",1981,
MHL,"Marshall Islands",1980,
MHL,"Marshall Islands",1979,
MHL,"Marshall Islands",1978,
MHL,"Marshall Islands",1977,
MHL,"Marshall Islands",1976,
MHL,"Marshall Islands",1975,
MHL,"Marshall Islands",1974,
MHL,"Marshall Islands",1973,
MHL,"Marshall Islands",1972,
MHL,"Marshall Islands",1971,
MHL,"Marshall Islands",1970,
MHL,"Marshall Islands",1969,
MHL,"Marshall Islands",1968,
MHL,"Marshall Islands",1967,
MHL,"Marshall Islands",1966,
MHL,"Marshall Islands",1965,
MHL,"Marshall Islands",1964,
MHL,"Marshall Islands",1963,
MHL,"Marshall Islands",1962,
MHL,"Marshall Islands",1961,
MHL,"Marshall Islands",1960,
MRT,"Mauritania",2025,6559.04321960566
MRT,"Mauritania",2024,6482.69016635936
MRT,"Mauritania",2023,6276.47521075653
MRT,"Mauritania",2022,6053.26178124768
MRT,"Mauritania",2021,5836.56580821897
MRT,"Mauritania",2020,5963.23549724988
MRT,"Mauritania",2019,6162.21044455969
MRT,"Mauritania",2018,6153.63790241704
MRT,"Mauritania",2017,6050.62180325299
MRT,"Mauritania",2016,5866.28144674129
MRT,"Mauritania",2015,5969.54239289516
MRT,"Mauritania",2014,5837.85203095508
MRT,"Mauritania",2013,5769.72870902318
MRT,"Mauritania",2012,5716.25195414285
MRT,"Mauritania",2011,5653.21720092427
MRT,"Mauritania",2010,5605.76388862715
MRT,"Mauritania",2009,5639.78744910419
MRT,"Mauritania",2008,5813.35608502791
MRT,"Mauritania",2007,6002.77832134488
MRT,"Mauritania",2006,6284.70209004217
MRT,"Mauritania",2005,5445.82950903243
MRT,"Mauritania",2004,5139.22552032468
MRT,"Mauritania",2003,5023.65213216804
MRT,"Mauritania",2002,4806.89853329148
MRT,"Mauritania",2001,4847.41085992453
MRT,"Mauritania",2000,5008.60806518774
MRT,"Mauritania",1999,5359.98881964397
MRT,"Mauritania",1998,5310.15819056524
MRT,"Mauritania",1997,5302.36663255523
MRT,"Mauritania",1996,5650.34118025632
MRT,"Mauritania",1995,5446.26956021532
MRT,"Mauritania",1994,5097.20838953702
MRT,"Mauritania",1993,5439.82228683144
MRT,"Mauritania",1992,5350.11803590657
MRT,"Mauritania",1991,5456.55575948293
MRT,"Mauritania",1990,5519.61033558343
MRT,"Mauritania",1989,
MRT,"Mauritania",1988,
MRT,"Mauritania",1987,
MRT,"Mauritania",1986,
MRT,"Mauritania",1985,
MRT,"Mauritania",1984,
MRT,"Mauritania",1983,
MRT,"Mauritania",1982,
MRT,"Mauritania",1981,
MRT,"Mauritania",1980,
MRT,"Mauritania",1979,
MRT,"Mauritania",1978,
MRT,"Mauritania",1977,
MRT,"Mauritania",1976,
MRT,"Mauritania",1975,
MRT,"Mauritania",1974,
MRT,"Mauritania",1973,
MRT,"Mauritania",1972,
MRT,"Mauritania",1971,
MRT,"Mauritania",1970,
MRT,"Mauritania",1969,
MRT,"Mauritania",1968,
MRT,"Mauritania",1967,
MRT,"Mauritania",1966,
MRT,"Mauritania",1965,
MRT,"Mauritania",1964,
MRT,"Mauritania",1963,
MRT,"Mauritania",1962,
MRT,"Mauritania",1961,
MRT,"Mauritania",1960,
MUS,"Mauritius",2025,28769.5128307709
MUS,"Mauritius",2024,27844.8956114831
MUS,"Mauritius",2023,26471.0351422892
MUS,"Mauritius",2022,25005.0666145723
MUS,"Mauritius",2021,23010.2013826906
MUS,"Mauritius",2020,22272.5398696677
MUS,"Mauritius",2019,25958.4900281465
MUS,"Mauritius",2018,25243.886462031
MUS,"Mauritius",2017,24258.988821567
MUS,"Mauritius",2016,23357.230006621
MUS,"Mauritius",2015,22499.0254570551
MUS,"Mauritius",2014,21721.3096444788
MUS,"Mauritius",2013,20952.3775734986
MUS,"Mauritius",2012,20313.0328941469
MUS,"Mauritius",2011,19678.6022639733
MUS,"Mauritius",2010,18925.5713852829
MUS,"Mauritius",2009,18171.6870025783
MUS,"Mauritius",2008,17627.1121948078
MUS,"Mauritius",2007,16774.5685137565
MUS,"Mauritius",2006,15932.8192222795
MUS,"Mauritius",2005,15264.5981839157
MUS,"Mauritius",2004,15087.0687832797
MUS,"Mauritius",2003,14551.8784442579
MUS,"Mauritius",2002,13837.6258025605
MUS,"Mauritius",2001,13712.5793901042
MUS,"Mauritius",2000,13373.655799097
MUS,"Mauritius",1999,12481.8622000201
MUS,"Mauritius",1998,12319.8866544456
MUS,"Mauritius",1997,11737.4151476327
MUS,"Mauritius",1996,11245.7059722003
MUS,"Mauritius",1995,10760.058004935
MUS,"Mauritius",1994,10406.771389602
MUS,"Mauritius",1993,10134.3273767613
MUS,"Mauritius",1992,9759.21929141358
MUS,"Mauritius",1991,9283.84516043242
MUS,"Mauritius",1990,8986.03307171492
MUS,"Mauritius",1989,
MUS,"Mauritius",1988,
MUS,"Mauritius",1987,
MUS,"Mauritius",1986,
MUS,"Mauritius",1985,
MUS,"Mauritius",1984,
MUS,"Mauritius",1983,
MUS,"Mauritius",1982,
MUS,"Mauritius",1981,
MUS,"Mauritius",1980,
MUS,"Mauritius",1979,
MUS,"Mauritius",1978,
MUS,"Mauritius",1977,
MUS,"Mauritius",1976,
MUS,"Mauritius",1975,
MUS,"Mauritius",1974,
MUS,"Mauritius",1973,
MUS,"Mauritius",1972,
MUS,"Mauritius",1971,
MUS,"Mauritius",1970,
MUS,"Mauritius",1969,
MUS,"Mauritius",1968,
MUS,"Mauritius",1967,
MUS,"Mauritius",1966,
MUS,"Mauritius",1965,
MUS,"Mauritius",1964,
MUS,"Mauritius",1963,
MUS,"Mauritius",1962,
MUS,"Mauritius",1961,
MUS,"Mauritius",1960,
MEX,"Mexico",2025,21911.9292842747
MEX,"Mexico",2024,21970.3520412926
MEX,"Mexico",2023,21864.9236104145
MEX,"Mexico",2022,21391.8573698845
MEX,"Mexico",2021,20782.5877440905
MEX,"Mexico",2020,19728.4817827455
MEX,"Mexico",2019,21704.185952748
MEX,"Mexico",2018,21997.7730219494
MEX,"Mexico",2017,21777.5225127275
MEX,"Mexico",2016,21578.263354126
MEX,"Mexico",2015,21408.9283216195
MEX,"Mexico",2014,21069.7661653886
MEX,"Mexico",2013,20805.3480406564
MEX,"Mexico",2012,20898.935720908
MEX,"Mexico",2011,20457.6001677783
MEX,"Mexico",2010,20058.3854882301
MEX,"Mexico",2009,19385.5437251877
MEX,"Mexico",2008,20992.5602662364
MEX,"Mexico",2007,21102.2688338349
MEX,"Mexico",2006,20965.8256087044
MEX,"Mexico",2005,20277.2552852007
MEX,"Mexico",2004,20127.2242902968
MEX,"Mexico",2003,19701.4633898714
MEX,"Mexico",2002,19744.7933675609
MEX,"Mexico",2001,20078.2183931307
MEX,"Mexico",2000,20470.4937669158
MEX,"Mexico",1999,19793.2852863293
MEX,"Mexico",1998,19573.0654561328
MEX,"Mexico",1997,18737.6426464292
MEX,"Mexico",1996,17775.8727889128
MEX,"Mexico",1995,17028.1215022837
MEX,"Mexico",1994,18422.8199296267
MEX,"Mexico",1993,17970.5871869693
MEX,"Mexico",1992,17796.4059662866
MEX,"Mexico",1991,17511.7313112492
MEX,"Mexico",1990,17169.5925859795
MEX,"Mexico",1989,
MEX,"Mexico",1988,
MEX,"Mexico",1987,
MEX,"Mexico",1986,
MEX,"Mexico",1985,
MEX,"Mexico",1984,
MEX,"Mexico",1983,
MEX,"Mexico",1982,
MEX,"Mexico",1981,
MEX,"Mexico",1980,
MEX,"Mexico",1979,
MEX,"Mexico",1978,
MEX,"Mexico",1977,
MEX,"Mexico",1976,
MEX,"Mexico",1975,
MEX,"Mexico",1974,
MEX,"Mexico",1973,
MEX,"Mexico",1972,
MEX,"Mexico",1971,
MEX,"Mexico",1970,
MEX,"Mexico",1969,
MEX,"Mexico",1968,
MEX,"Mexico",1967,
MEX,"Mexico",1966,
MEX,"Mexico",1965,
MEX,"Mexico",1964,
MEX,"Mexico",1963,
MEX,"Mexico",1962,
MEX,"Mexico",1961,
MEX,"Mexico",1960,
FSM,"Micronesia, Fed. Sts.",2025,3934.6426835411
FSM,"Micronesia, Fed. Sts.",2024,3911.26631940407
FSM,"Micronesia, Fed. Sts.",2023,3841.27116510816
FSM,"Micronesia, Fed. Sts.",2022,3815.79465699672
FSM,"Micronesia, Fed. Sts.",2021,3955.73141317971
FSM,"Micronesia, Fed. Sts.",2020,3861.29319570301
FSM,"Micronesia, Fed. Sts.",2019,3965.05377269396
FSM,"Micronesia, Fed. Sts.",2018,3838.64054793262
FSM,"Micronesia, Fed. Sts.",2017,3838.04534289261
FSM,"Micronesia, Fed. Sts.",2016,3774.03193396948
FSM,"Micronesia, Fed. Sts.",2015,3739.35968767448
FSM,"Micronesia, Fed. Sts.",2014,3592.81901389543
FSM,"Micronesia, Fed. Sts.",2013,3696.74550378941
FSM,"Micronesia, Fed. Sts.",2012,3847.14743528337
FSM,"Micronesia, Fed. Sts.",2011,3917.44641481482
FSM,"Micronesia, Fed. Sts.",2010,3780.25132792653
FSM,"Micronesia, Fed. Sts.",2009,3702.36131622048
FSM,"Micronesia, Fed. Sts.",2008,3622.04886559734
FSM,"Micronesia, Fed. Sts.",2007,3684.20209326281
FSM,"Micronesia, Fed. Sts.",2006,3717.65782403635
FSM,"Micronesia, Fed. Sts.",2005,3710.19849742597
FSM,"Micronesia, Fed. Sts.",2004,3594.57718999286
FSM,"Micronesia, Fed. Sts.",2003,3701.13265140057
FSM,"Micronesia, Fed. Sts.",2002,3631.74876153373
FSM,"Micronesia, Fed. Sts.",2001,3618.3939602241
FSM,"Micronesia, Fed. Sts.",2000,3563.89180484484
FSM,"Micronesia, Fed. Sts.",1999,3417.46540014415
FSM,"Micronesia, Fed. Sts.",1998,3388.51252228873
FSM,"Micronesia, Fed. Sts.",1997,3304.11609456279
FSM,"Micronesia, Fed. Sts.",1996,3534.41608856405
FSM,"Micronesia, Fed. Sts.",1995,3672.43126126526
FSM,"Micronesia, Fed. Sts.",1994,3468.05346941417
FSM,"Micronesia, Fed. Sts.",1993,3552.11499566208
FSM,"Micronesia, Fed. Sts.",1992,3355.54826553826
FSM,"Micronesia, Fed. Sts.",1991,3290.66674033392
FSM,"Micronesia, Fed. Sts.",1990,3119.81174628461
FSM,"Micronesia, Fed. Sts.",1989,
FSM,"Micronesia, Fed. Sts.",1988,
FSM,"Micronesia, Fed. Sts.",1987,
FSM,"Micronesia, Fed. Sts.",1986,
FSM,"Micronesia, Fed. Sts.",1985,
FSM,"Micronesia, Fed. Sts.",1984,
FSM,"Micronesia, Fed. Sts.",1983,
FSM,"Micronesia, Fed. Sts.",1982,
FSM,"Micronesia, Fed. Sts.",1981,
FSM,"Micronesia, Fed. Sts.",1980,
FSM,"Micronesia, Fed. Sts.",1979,
FSM,"Micronesia, Fed. Sts.",1978,
FSM,"Micronesia, Fed. Sts.",1977,
FSM,"Micronesia, Fed. Sts.",1976,
FSM,"Micronesia, Fed. Sts.",1975,
FSM,"Micronesia, Fed. Sts.",1974,
FSM,"Micronesia, Fed. Sts.",1973,
FSM,"Micronesia, Fed. Sts.",1972,
FSM,"Micronesia, Fed. Sts.",1971,
FSM,"Micronesia, Fed. Sts.",1970,
FSM,"Micronesia, Fed. Sts.",1969,
FSM,"Micronesia, Fed. Sts.",1968,
FSM,"Micronesia, Fed. Sts.",1967,
FSM,"Micronesia, Fed. Sts.",1966,
FSM,"Micronesia, Fed. Sts.",1965,
FSM,"Micronesia, Fed. Sts.",1964,
FSM,"Micronesia, Fed. Sts.",1963,
FSM,"Micronesia, Fed. Sts.",1962,
FSM,"Micronesia, Fed. Sts.",1961,
FSM,"Micronesia, Fed. Sts.",1960,
MDA,"Moldova",2025,17087.1874044819
MDA,"Moldova",2024,16393.8633257184
MDA,"Moldova",2023,15980.5668889856
MDA,"Moldova",2022,15350.3120408391
MDA,"Moldova",2021,15682.0703284653
MDA,"Moldova",2020,13559.2600217483
MDA,"Moldova",2019,14621.2401362286
MDA,"Moldova",2018,13895.5043655692
MDA,"Moldova",2017,13118.8219369605
MDA,"Moldova",2016,12377.366678394
MDA,"Moldova",2015,11691.0797484184
MDA,"Moldova",2014,11641.1208436577
MDA,"Moldova",2013,11080.0634585341
MDA,"Moldova",2012,10158.3854676883
MDA,"Moldova",2011,10217.3087761255
MDA,"Moldova",2010,9649.9509930271
MDA,"Moldova",2009,9001.23432081622
MDA,"Moldova",2008,9563.69814290939
MDA,"Moldova",2007,8854.83397616724
MDA,"Moldova",2006,8577.02858037286
MDA,"Moldova",2005,8161.47344724765
MDA,"Moldova",2004,7573.6178454751
MDA,"Moldova",2003,7034.35784911687
MDA,"Moldova",2002,6580.27841436838
MDA,"Moldova",2001,6090.03474356112
MDA,"Moldova",2000,5727.07922525352
MDA,"Moldova",1999,5597.46512850295
MDA,"Moldova",1998,5783.48593751483
MDA,"Moldova",1997,6185.83952473232
MDA,"Moldova",1996,6063.14051693664
MDA,"Moldova",1995,6428.83979448752
MDA,"Moldova",1994,6490.35310271769
MDA,"Moldova",1993,9363.59309935118
MDA,"Moldova",1992,9461.42772606577
MDA,"Moldova",1991,13342.0600237962
MDA,"Moldova",1990,15902.8943232278
MDA,"Moldova",1989,
MDA,"Moldova",1988,
MDA,"Moldova",1987,
MDA,"Moldova",1986,
MDA,"Moldova",1985,
MDA,"Moldova",1984,
MDA,"Moldova",1983,
MDA,"Moldova",1982,
MDA,"Moldova",1981,
MDA,"Moldova",1980,
MDA,"Moldova",1979,
MDA,"Moldova",1978,
MDA,"Moldova",1977,
MDA,"Moldova",1976,
MDA,"Moldova",1975,
MDA,"Moldova",1974,
MDA,"Moldova",1973,
MDA,"Moldova",1972,
MDA,"Moldova",1971,
MDA,"Moldova",1970,
MDA,"Moldova",1969,
MDA,"Moldova",1968,
MDA,"Moldova",1967,
MDA,"Moldova",1966,
MDA,"Moldova",1965,
MDA,"Moldova",1964,
MDA,"Moldova",1963,
MDA,"Moldova",1962,
MDA,"Moldova",1961,
MDA,"Moldova",1960,
MCO,"Monaco",2025,
MCO,"Monaco",2024,
MCO,"Monaco",2023,
MCO,"Monaco",2022,
MCO,"Monaco",2021,
MCO,"Monaco",2020,
MCO,"Monaco",2019,
MCO,"Monaco",2018,
MCO,"Monaco",2017,
MCO,"Monaco",2016,
MCO,"Monaco",2015,
MCO,"Monaco",2014,
MCO,"Monaco",2013,
MCO,"Monaco",2012,
MCO,"Monaco",2011,
MCO,"Monaco",2010,
MCO,"Monaco",2009,
MCO,"Monaco",2008,
MCO,"Monaco",2007,
MCO,"Monaco",2006,
MCO,"Monaco",2005,
MCO,"Monaco",2004,
MCO,"Monaco",2003,
MCO,"Monaco",2002,
MCO,"Monaco",2001,
MCO,"Monaco",2000,
MCO,"Monaco",1999,
MCO,"Monaco",1998,
MCO,"Monaco",1997,
MCO,"Monaco",1996,
MCO,"Monaco",1995,
MCO,"Monaco",1994,
MCO,"Monaco",1993,
MCO,"Monaco",1992,
MCO,"Monaco",1991,
MCO,"Monaco",1990,
MCO,"Monaco",1989,
MCO,"Monaco",1988,
MCO,"Monaco",1987,
MCO,"Monaco",1986,
MCO,"Monaco",1985,
MCO,"Monaco",1984,
MCO,"Monaco",1983,
MCO,"Monaco",1982,
MCO,"Monaco",1981,
MCO,"Monaco",1980,
MCO,"Monaco",1979,
MCO,"Monaco",1978,
MCO,"Monaco",1977,
MCO,"Monaco",1976,
MCO,"Monaco",1975,
MCO,"Monaco",1974,
MCO,"Monaco",1973,
MCO,"Monaco",1972,
MCO,"Monaco",1971,
MCO,"Monaco",1970,
MCO,"Monaco",1969,
MCO,"Monaco",1968,
MCO,"Monaco",1967,
MCO,"Monaco",1966,
MCO,"Monaco",1965,
MCO,"Monaco",1964,
MCO,"Monaco",1963,
MCO,"Monaco",1962,
MCO,"Monaco",1961,
MCO,"Monaco",1960,
MNG,"Mongolia",2025,17772.5342212559
MNG,"Mongolia",2024,16842.6505873797
MNG,"Mongolia",2023,16222.8638898529
MNG,"Mongolia",2022,15310.4349469163
MNG,"Mongolia",2021,14792.2509086422
MNG,"Mongolia",2020,14801.3420829185
MNG,"Mongolia",2019,15790.6961126441
MNG,"Mongolia",2018,15230.2408828847
MNG,"Mongolia",2017,14401.5375067562
MNG,"Mongolia",2016,13898.1456953585
MNG,"Mongolia",2015,13974.5967260365
MNG,"Mongolia",2014,13943.4277148653
MNG,"Mongolia",2013,13210.0945665668
MNG,"Mongolia",2012,12078.9185320062
MNG,"Mongolia",2011,10960.0959283864
MNG,"Mongolia",2010,9507.118823625
MNG,"Mongolia",2009,9095.9769892529
MNG,"Mongolia",2008,9379.85489687765
MNG,"Mongolia",2007,8750.13407442299
MNG,"Mongolia",2006,8043.99678108557
MNG,"Mongolia",2005,7499.84803935428
MNG,"Mongolia",2004,7070.667158451
MNG,"Mongolia",2003,6463.78966651762
MNG,"Mongolia",2002,6117.9824222592
MNG,"Mongolia",2001,5917.07088396343
MNG,"Mongolia",2000,5818.24307842901
MNG,"Mongolia",1999,5829.16641455929
MNG,"Mongolia",1998,5735.84383645771
MNG,"Mongolia",1997,5628.10663484223
MNG,"Mongolia",1996,5494.32133981897
MNG,"Mongolia",1995,5457.68501570005
MNG,"Mongolia",1994,5213.84632608076
MNG,"Mongolia",1993,5162.0998701038
MNG,"Mongolia",1992,5324.48759689987
MNG,"Mongolia",1991,5874.25558231388
MNG,"Mongolia",1990,6637.81926731198
MNG,"Mongolia",1989,
MNG,"Mongolia",1988,
MNG,"Mongolia",1987,
MNG,"Mongolia",1986,
MNG,"Mongolia",1985,
MNG,"Mongolia",1984,
MNG,"Mongolia",1983,
MNG,"Mongolia",1982,
MNG,"Mongolia",1981,
MNG,"Mongolia",1980,
MNG,"Mongolia",1979,
MNG,"Mongolia",1978,
MNG,"Mongolia",1977,
MNG,"Mongolia",1976,
MNG,"Mongolia",1975,
MNG,"Mongolia",1974,
MNG,"Mongolia",1973,
MNG,"Mongolia",1972,
MNG,"Mongolia",1971,
MNG,"Mongolia",1970,
MNG,"Mongolia",1969,
MNG,"Mongolia",1968,
MNG,"Mongolia",1967,
MNG,"Mongolia",1966,
MNG,"Mongolia",1965,
MNG,"Mongolia",1964,
MNG,"Mongolia",1963,
MNG,"Mongolia",1962,
MNG,"Mongolia",1961,
MNG,"Mongolia",1960,
MNE,"Montenegro",2025,28895.3171970071
MNE,"Montenegro",2024,28105.5927726624
MNE,"Montenegro",2023,27243.404228981
MNE,"Montenegro",2022,25583.3155690619
MNE,"Montenegro",2021,23689.9791090651
MNE,"Montenegro",2020,20904.5999314513
MNE,"Montenegro",2019,24585.1159529158
MNE,"Montenegro",2018,23562.1762558957
MNE,"Montenegro",2017,22513.7807637171
MNE,"Montenegro",2016,21834.0918741924
MNE,"Montenegro",2015,21131.8410316247
MNE,"Montenegro",2014,20641.7645176561
MNE,"Montenegro",2013,20201.2916344369
MNE,"Montenegro",2012,19576.412051459
MNE,"Montenegro",2011,20110.4869725048
MNE,"Montenegro",2010,19476.1626179487
MNE,"Montenegro",2009,18984.9379136097
MNE,"Montenegro",2008,20238.9216459135
MNE,"Montenegro",2007,18966.4529580465
MNE,"Montenegro",2006,17727.3660449403
MNE,"Montenegro",2005,16348.8994494652
MNE,"Montenegro",2004,15716.0755725572
MNE,"Montenegro",2003,15076.6513903781
MNE,"Montenegro",2002,14770.255224547
MNE,"Montenegro",2001,14552.4956785923
MNE,"Montenegro",2000,14452.2161423496
MNE,"Montenegro",1999,13993.3577435418
MNE,"Montenegro",1998,15402.9879966714
MNE,"Montenegro",1997,14638.7363489702
MNE,"Montenegro",1996,
MNE,"Montenegro",1995,
MNE,"Montenegro",1994,
MNE,"Montenegro",1993,
MNE,"Montenegro",1992,
MNE,"Montenegro",1991,
MNE,"Montenegro",1990,
MNE,"Montenegro",1989,
MNE,"Montenegro",1988,
MNE,"Montenegro",1987,
MNE,"Montenegro",1986,
MNE,"Montenegro",1985,
MNE,"Montenegro",1984,
MNE,"Montenegro",1983,
MNE,"Montenegro",1982,
MNE,"Montenegro",1981,
MNE,"Montenegro",1980,
MNE,"Montenegro",1979,
MNE,"Montenegro",1978,
MNE,"Montenegro",1977,
MNE,"Montenegro",1976,
MNE,"Montenegro",1975,
MNE,"Montenegro",1974,
MNE,"Montenegro",1973,
MNE,"Montenegro",1972,
MNE,"Montenegro",1971,
MNE,"Montenegro",1970,
MNE,"Montenegro",1969,
MNE,"Montenegro",1968,
MNE,"Montenegro",1967,
MNE,"Montenegro",1966,
MNE,"Montenegro",1965,
MNE,"Montenegro",1964,
MNE,"Montenegro",1963,
MNE,"Montenegro",1962,
MNE,"Montenegro",1961,
MNE,"Montenegro",1960,
MAR,"Morocco",2025,9495.4052734375
MAR,"Morocco",2024,9162.7470703125
MAR,"Morocco",2023,8915.3515625
MAR,"Morocco",2022,8690.4482421875
MAR,"Morocco",2021,8623.265625
MAR,"Morocco",2020,8054.56298828125
MAR,"Morocco",2019,8768.17578125
MAR,"Morocco",2018,8611.75
MAR,"Morocco",2017,8450.0087890625
MAR,"Morocco",2016,8141.9404296875
MAR,"Morocco",2015,8198.80859375
MAR,"Morocco",2014,7951.79833984375
MAR,"Morocco",2013,7839.0322265625
MAR,"Morocco",2012,7628.64404296875
MAR,"Morocco",2011,7503.79296875
MAR,"Morocco",2010,7210.63671875
MAR,"Morocco",2009,7063.72705078125
MAR,"Morocco",2008,6901.95068359375
MAR,"Morocco",2007,6620.59033203125
MAR,"Morocco",2006,6488.673828125
MAR,"Morocco",2005,6103.42236328125
MAR,"Morocco",2004,5996.39013671875
MAR,"Morocco",2003,5810.05322265625
MAR,"Morocco",2002,5544.07177734375
MAR,"Morocco",2001,5417.57861328125
MAR,"Morocco",2000,5100.11572265625
MAR,"Morocco",1999,5043.6650390625
MAR,"Morocco",1998,5033.92333984375
MAR,"Morocco",1997,4766.1103515625
MAR,"Morocco",1996,4916.47998046875
MAR,"Morocco",1995,4444.228515625
MAR,"Morocco",1994,4771.0927734375
MAR,"Morocco",1993,4379.76416015625
MAR,"Morocco",1992,4483.24951171875
MAR,"Morocco",1991,4656.1259765625
MAR,"Morocco",1990,4418.66015625
MAR,"Morocco",1989,
MAR,"Morocco",1988,
MAR,"Morocco",1987,
MAR,"Morocco",1986,
MAR,"Morocco",1985,
MAR,"Morocco",1984,
MAR,"Morocco",1983,
MAR,"Morocco",1982,
MAR,"Morocco",1981,
MAR,"Morocco",1980,
MAR,"Morocco",1979,
MAR,"Morocco",1978,
MAR,"Morocco",1977,
MAR,"Morocco",1976,
MAR,"Morocco",1975,
MAR,"Morocco",1974,
MAR,"Morocco",1973,
MAR,"Morocco",1972,
MAR,"Morocco",1971,
MAR,"Morocco",1970,
MAR,"Morocco",1969,
MAR,"Morocco",1968,
MAR,"Morocco",1967,
MAR,"Morocco",1966,
MAR,"Morocco",1965,
MAR,"Morocco",1964,
MAR,"Morocco",1963,
MAR,"Morocco",1962,
MAR,"Morocco",1961,
MAR,"Morocco",1960,
MOZ,"Mozambique",2025,1450.95955248858
MOZ,"Mozambique",2024,1500.70758504856
MOZ,"Mozambique",2023,1512.66729609671
MOZ,"Mozambique",2022,1476.73432917026
MOZ,"Mozambique",2021,1457.23540930922
MOZ,"Mozambique",2020,1466.12476474476
MOZ,"Mozambique",2019,1528.88988354373
MOZ,"Mozambique",2018,1538.83512127022
MOZ,"Mozambique",2017,1532.0073576114
MOZ,"Mozambique",2016,1537.90853271216
MOZ,"Mozambique",2015,1512.5997455554
MOZ,"Mozambique",2014,1449.92926632722
MOZ,"Mozambique",2013,1385.83254864214
MOZ,"Mozambique",2012,1338.51594866104
MOZ,"Mozambique",2011,1275.52959822581
MOZ,"Mozambique",2010,1224.23020471309
MOZ,"Mozambique",2009,1178.70909947834
MOZ,"Mozambique",2008,1141.94256161019
MOZ,"Mozambique",2007,1095.12568701598
MOZ,"Mozambique",2006,1041.80471709595
MOZ,"Mozambique",2005,970.38995609863
MOZ,"Mozambique",2004,934.133964844421
MOZ,"Mozambique",2003,883.239121472194
MOZ,"Mozambique",2002,842.645266172761
MOZ,"Mozambique",2001,785.790173616246
MOZ,"Mozambique",2000,711.976393527396
MOZ,"Mozambique",1999,722.305561379979
MOZ,"Mozambique",1998,660.650177820748
MOZ,"Mozambique",1997,612.371551265915
MOZ,"Mozambique",1996,562.857456341656
MOZ,"Mozambique",1995,525.418671837499
MOZ,"Mozambique",1994,546.209688164263
MOZ,"Mozambique",1993,549.048759770955
MOZ,"Mozambique",1992,510.82282292831
MOZ,"Mozambique",1991,563.512103416232
MOZ,"Mozambique",1990,547.622781432196
MOZ,"Mozambique",1989,
MOZ,"Mozambique",1988,
MOZ,"Mozambique",1987,
MOZ,"Mozambique",1986,
MOZ,"Mozambique",1985,
MOZ,"Mozambique",1984,
MOZ,"Mozambique",1983,
MOZ,"Mozambique",1982,
MOZ,"Mozambique",1981,
MOZ,"Mozambique",1980,
MOZ,"Mozambique",1979,
MOZ,"Mozambique",1978,
MOZ,"Mozambique",1977,
MOZ,"Mozambique",1976,
MOZ,"Mozambique",1975,
MOZ,"Mozambique",1974,
MOZ,"Mozambique",1973,
MOZ,"Mozambique",1972,
MOZ,"Mozambique",1971,
MOZ,"Mozambique",1970,
MOZ,"Mozambique",1969,
MOZ,"Mozambique",1968,
MOZ,"Mozambique",1967,
MOZ,"Mozambique",1966,
MOZ,"Mozambique",1965,
MOZ,"Mozambique",1964,
MOZ,"Mozambique",1963,
MOZ,"Mozambique",1962,
MOZ,"Mozambique",1961,
MOZ,"Mozambique",1960,
MMR,"Myanmar",2025,5137.10048825615
MMR,"Myanmar",2024,5276.29433987853
MMR,"Myanmar",2023,5364.13797034429
MMR,"Myanmar",2022,5350.47666899931
MMR,"Myanmar",2021,5178.44718217164
MMR,"Myanmar",2020,5926.83450206681
MMR,"Myanmar",2019,6562.98898478625
MMR,"Myanmar",2018,6201.26341429803
MMR,"Myanmar",2017,5877.87465558175
MMR,"Myanmar",2016,5580.98977273232
MMR,"Myanmar",2015,5313.88615901476
MMR,"Myanmar",2014,5006.50667149767
MMR,"Myanmar",2013,4666.95376141392
MMR,"Myanmar",2012,4340.99945069174
MMR,"Myanmar",2011,4078.61220919965
MMR,"Myanmar",2010,3893.79030665874
MMR,"Myanmar",2009,3578.17424704515
MMR,"Myanmar",2008,3254.738978881
MMR,"Myanmar",2007,2968.3033151236
MMR,"Myanmar",2006,2669.32700379999
MMR,"Myanmar",2005,2377.90258162976
MMR,"Myanmar",2004,2110.23728495831
MMR,"Myanmar",2003,1874.17128269389
MMR,"Myanmar",2002,1661.73588517132
MMR,"Myanmar",2001,1498.31163236525
MMR,"Myanmar",2000,1359.93038778036
MMR,"Myanmar",1999,1209.01642809997
MMR,"Myanmar",1998,1102.79096369399
MMR,"Myanmar",1997,1054.76742791265
MMR,"Myanmar",1996,1011.15993423274
MMR,"Myanmar",1995,962.209421824521
MMR,"Myanmar",1994,911.468427954616
MMR,"Myanmar",1993,859.345526733596
MMR,"Myanmar",1992,821.327755047125
MMR,"Myanmar",1991,759.282764169726
MMR,"Myanmar",1990,775.328254381998
MMR,"Myanmar",1989,
MMR,"Myanmar",1988,
MMR,"Myanmar",1987,
MMR,"Myanmar",1986,
MMR,"Myanmar",1985,
MMR,"Myanmar",1984,
MMR,"Myanmar",1983,
MMR,"Myanmar",1982,
MMR,"Myanmar",1981,
MMR,"Myanmar",1980,
MMR,"Myanmar",1979,
MMR,"Myanmar",1978,
MMR,"Myanmar",1977,
MMR,"Myanmar",1976,
MMR,"Myanmar",1975,
MMR,"Myanmar",1974,
MMR,"Myanmar",1973,
MMR,"Myanmar",1972,
MMR,"Myanmar",1971,
MMR,"Myanmar",1970,
MMR,"Myanmar",1969,
MMR,"Myanmar",1968,
MMR,"Myanmar",1967,
MMR,"Myanmar",1966,
MMR,"Myanmar",1965,
MMR,"Myanmar",1964,
MMR,"Myanmar",1963,
MMR,"Myanmar",1962,
MMR,"Myanmar",1961,
MMR,"Myanmar",1960,
NAM,"Namibia",2025,10242.2840471219
NAM,"Namibia",2024,10276.3686426386
NAM,"Namibia",2023,10126.2359555611
NAM,"Namibia",2022,9953.09752403491
NAM,"Namibia",2021,9709.09930646771
NAM,"Namibia",2020,9652.24827219463
NAM,"Namibia",2019,10813.3044681944
NAM,"Namibia",2018,11214.38604306
NAM,"Namibia",2017,11408.7253099967
NAM,"Namibia",2016,11846.7880832757
NAM,"Namibia",2015,12166.5658392058
NAM,"Namibia",2014,11982.6963648348
NAM,"Namibia",2013,11593.5753768689
NAM,"Namibia",2012,11266.6089486464
NAM,"Namibia",2011,10965.2729759535
NAM,"Namibia",2010,10614.6201576671
NAM,"Namibia",2009,10166.2899453939
NAM,"Namibia",2008,10286.5124067605
NAM,"Namibia",2007,10162.2400708746
NAM,"Namibia",2006,9773.29833199798
NAM,"Namibia",2005,9245.1365329555
NAM,"Namibia",2004,9130.82442337694
NAM,"Namibia",2003,8237.36597245597
NAM,"Namibia",2002,8017.28134128559
NAM,"Namibia",2001,7786.54169496761
NAM,"Namibia",2000,7858.38789521253
NAM,"Namibia",1999,7773.94354148714
NAM,"Namibia",1998,7709.89004370134
NAM,"Namibia",1997,7656.32512542986
NAM,"Namibia",1996,7538.92462342201
NAM,"Namibia",1995,7506.10484034086
NAM,"Namibia",1994,7437.33529036109
NAM,"Namibia",1993,7541.56081791845
NAM,"Namibia",1992,7911.01025804281
NAM,"Namibia",1991,7618.33278184449
NAM,"Namibia",1990,7281.77892577888
NAM,"Namibia",1989,
NAM,"Namibia",1988,
NAM,"Namibia",1987,
NAM,"Namibia",1986,
NAM,"Namibia",1985,
NAM,"Namibia",1984,
NAM,"Namibia",1983,
NAM,"Namibia",1982,
NAM,"Namibia",1981,
NAM,"Namibia",1980,
NAM,"Namibia",1979,
NAM,"Namibia",1978,
NAM,"Namibia",1977,
NAM,"Namibia",1976,
NAM,"Namibia",1975,
NAM,"Namibia",1974,
NAM,"Namibia",1973,
NAM,"Namibia",1972,
NAM,"Namibia",1971,
NAM,"Namibia",1970,
NAM,"Namibia",1969,
NAM,"Namibia",1968,
NAM,"Namibia",1967,
NAM,"Namibia",1966,
NAM,"Namibia",1965,
NAM,"Namibia",1964,
NAM,"Namibia",1963,
NAM,"Namibia",1962,
NAM,"Namibia",1961,
NAM,"Namibia",1960,
NRU,"Naoero",2025,12134.8920885013
NRU,"Naoero",2024,11957.8785504229
NRU,"Naoero",2023,11858.5184696436
NRU,"Naoero",2022,12019.3492868791
NRU,"Naoero",2021,12113.787764494
NRU,"Naoero",2020,11306.0207729999
NRU,"Naoero",2019,11184.5284927206
NRU,"Naoero",2018,10402.6131019197
NRU,"Naoero",2017,10633.2766406018
NRU,"Naoero",2016,11531.3630078665
NRU,"Naoero",2015,11271.9122695363
NRU,"Naoero",2014,11114.3912279587
NRU,"Naoero",2013,9799.7380290632
NRU,"Naoero",2012,9640.80144364362
NRU,"Naoero",2011,7882.14105570292
NRU,"Naoero",2010,6909.24218919312
NRU,"Naoero",2009,6927.86734285808
NRU,"Naoero",2008,7340.51910638777
NRU,"Naoero",2007,6110.38387689914
NRU,"Naoero",2006,7830.71818547398
NRU,"Naoero",2005,7209.75436644373
NRU,"Naoero",2004,7201.87093721601
NRU,"Naoero",2003,7527.37549326971
NRU,"Naoero",2002,7488.89152702519
NRU,"Naoero",2001,8278.92548134223
NRU,"Naoero",2000,8846.08124781221
NRU,"Naoero",1999,9479.51290136533
NRU,"Naoero",1998,10134.9731859484
NRU,"Naoero",1997,11490.4622972958
NRU,"Naoero",1996,12637.7953328118
NRU,"Naoero",1995,14363.6403386489
NRU,"Naoero",1994,15642.761261834
NRU,"Naoero",1993,16328.2267186109
NRU,"Naoero",1992,19622.902992555
NRU,"Naoero",1991,23840.0138998462
NRU,"Naoero",1990,30127.2258767039
NRU,"Naoero",1989,
NRU,"Naoero",1988,
NRU,"Naoero",1987,
NRU,"Naoero",1986,
NRU,"Naoero",1985,
NRU,"Naoero",1984,
NRU,"Naoero",1983,
NRU,"Naoero",1982,
NRU,"Naoero",1981,
NRU,"Naoero",1980,
NRU,"Naoero",1979,
NRU,"Naoero",1978,
NRU,"Naoero",1977,
NRU,"Naoero",1976,
NRU,"Naoero",1975,
NRU,"Naoero",1974,
NRU,"Naoero",1973,
NRU,"Naoero",1972,
NRU,"Naoero",1971,
NRU,"Naoero",1970,
NRU,"Naoero",1969,
NRU,"Naoero",1968,
NRU,"Naoero",1967,
NRU,"Naoero",1966,
NRU,"Naoero",1965,
NRU,"Naoero",1964,
NRU,"Naoero",1963,
NRU,"Naoero",1962,
NRU,"Naoero",1961,
NRU,"Naoero",1960,
NPL,"Nepal",2025,5276.92387725538
NPL,"Nepal",2024,5047.42449022702
NPL,"Nepal",2023,4861.230303797
NPL,"Nepal",2022,4763.38751073946
NPL,"Nepal",2021,4546.22970006289
NPL,"Nepal",2020,4412.5420439395
NPL,"Nepal",2019,4607.52454717112
NPL,"Nepal",2018,4371.38571771897
NPL,"Nepal",2017,4071.70431755798
NPL,"Nepal",2016,3743.7445783578
NPL,"Nepal",2015,3745.26182249477
NPL,"Nepal",2014,3621.73168937112
NPL,"Nepal",2013,3426.5579593796
NPL,"Nepal",2012,3316.50073452021
NPL,"Nepal",2011,3176.65040602417
NPL,"Nepal",2010,3085.31407004502
NPL,"Nepal",2009,2961.83900365912
NPL,"Nepal",2008,2852.60983167965
NPL,"Nepal",2007,2708.7143922589
NPL,"Nepal",2006,2641.34799494749
NPL,"Nepal",2005,2580.23106308364
NPL,"Nepal",2004,2521.54105171428
NPL,"Nepal",2003,2439.49479601556
NPL,"Nepal",2002,2380.24424587571
NPL,"Nepal",2001,2413.8142127556
NPL,"Nepal",2000,2340.81563141298
NPL,"Nepal",1999,2242.65011822095
NPL,"Nepal",1998,2188.2220157023
NPL,"Nepal",1997,2166.3126334505
NPL,"Nepal",1996,2105.50832713857
NPL,"Nepal",1995,2043.60517160069
NPL,"Nepal",1994,2023.11519682155
NPL,"Nepal",1993,1916.94352666156
NPL,"Nepal",1992,1896.97166297747
NPL,"Nepal",1991,1874.27513595212
NPL,"Nepal",1990,1808.26490041654
NPL,"Nepal",1989,
NPL,"Nepal",1988,
NPL,"Nepal",1987,
NPL,"Nepal",1986,
NPL,"Nepal",1985,
NPL,"Nepal",1984,
NPL,"Nepal",1983,
NPL,"Nepal",1982,
NPL,"Nepal",1981,
NPL,"Nepal",1980,
NPL,"Nepal",1979,
NPL,"Nepal",1978,
NPL,"Nepal",1977,
NPL,"Nepal",1976,
NPL,"Nepal",1975,
NPL,"Nepal",1974,
NPL,"Nepal",1973,
NPL,"Nepal",1972,
NPL,"Nepal",1971,
NPL,"Nepal",1970,
NPL,"Nepal",1969,
NPL,"Nepal",1968,
NPL,"Nepal",1967,
NPL,"Nepal",1966,
NPL,"Nepal",1965,
NPL,"Nepal",1964,
NPL,"Nepal",1963,
NPL,"Nepal",1962,
NPL,"Nepal",1961,
NPL,"Nepal",1960,
NLD,"Netherlands",2025,71378.4856331012
NLD,"Netherlands",2024,70493.9051219267
NLD,"Netherlands",2023,70198.9546022361
NLD,"Netherlands",2022,71324.0360229425
NLD,"Netherlands",2021,68573.5648786447
NLD,"Netherlands",2020,64862.1890353474
NLD,"Netherlands",2019,67847.8818461095
NLD,"Netherlands",2018,66758.2454283317
NLD,"Netherlands",2017,65665.9910229578
NLD,"Netherlands",2016,64267.7476553623
NLD,"Netherlands",2015,63081.4083495966
NLD,"Netherlands",2014,62045.849197561
NLD,"Netherlands",2013,61281.3125686741
NLD,"Netherlands",2012,61480.8416416324
NLD,"Netherlands",2011,62318.1391154389
NLD,"Netherlands",2010,61518.5768954231
NLD,"Netherlands",2009,61029.7329801783
NLD,"Netherlands",2008,63678.4005491428
NLD,"Netherlands",2007,62601.6612832425
NLD,"Netherlands",2006,60391.5155033324
NLD,"Netherlands",2005,58422.0304069674
NLD,"Netherlands",2004,57391.3516342059
NLD,"Netherlands",2003,56452.8695506734
NLD,"Netherlands",2002,56664.4027354437
NLD,"Netherlands",2001,56887.3976406444
NLD,"Netherlands",2000,56016.8327946434
NLD,"Netherlands",1999,54134.3514543153
NLD,"Netherlands",1998,51879.3596710206
NLD,"Netherlands",1997,49881.8947516083
NLD,"Netherlands",1996,48095.986838021
NLD,"Netherlands",1995,46720.2819318959
NLD,"Netherlands",1994,45532.7986659915
NLD,"Netherlands",1993,44490.7504466441
NLD,"Netherlands",1992,44245.5198247957
NLD,"Netherlands",1991,43833.4785051351
NLD,"Netherlands",1990,43128.3071656086
NLD,"Netherlands",1989,
NLD,"Netherlands",1988,
NLD,"Netherlands",1987,
NLD,"Netherlands",1986,
NLD,"Netherlands",1985,
NLD,"Netherlands",1984,
NLD,"Netherlands",1983,
NLD,"Netherlands",1982,
NLD,"Netherlands",1981,
NLD,"Netherlands",1980,
NLD,"Netherlands",1979,
NLD,"Netherlands",1978,
NLD,"Netherlands",1977,
NLD,"Netherlands",1976,
NLD,"Netherlands",1975,
NLD,"Netherlands",1974,
NLD,"Netherlands",1973,
NLD,"Netherlands",1972,
NLD,"Netherlands",1971,
NLD,"Netherlands",1970,
NLD,"Netherlands",1969,
NLD,"Netherlands",1968,
NLD,"Netherlands",1967,
NLD,"Netherlands",1966,
NLD,"Netherlands",1965,
NLD,"Netherlands",1964,
NLD,"Netherlands",1963,
NLD,"Netherlands",1962,
NLD,"Netherlands",1961,
NLD,"Netherlands",1960,
NCL,"New Caledonia",2025,
NCL,"New Caledonia",2024,
NCL,"New Caledonia",2023,
NCL,"New Caledonia",2022,
NCL,"New Caledonia",2021,
NCL,"New Caledonia",2020,
NCL,"New Caledonia",2019,
NCL,"New Caledonia",2018,
NCL,"New Caledonia",2017,
NCL,"New Caledonia",2016,
NCL,"New Caledonia",2015,
NCL,"New Caledonia",2014,
NCL,"New Caledonia",2013,
NCL,"New Caledonia",2012,
NCL,"New Caledonia",2011,
NCL,"New Caledonia",2010,
NCL,"New Caledonia",2009,
NCL,"New Caledonia",2008,
NCL,"New Caledonia",2007,
NCL,"New Caledonia",2006,
NCL,"New Caledonia",2005,
NCL,"New Caledonia",2004,
NCL,"New Caledonia",2003,
NCL,"New Caledonia",2002,
NCL,"New Caledonia",2001,
NCL,"New Caledonia",2000,
NCL,"New Caledonia",1999,
NCL,"New Caledonia",1998,
NCL,"New Caledonia",1997,
NCL,"New Caledonia",1996,
NCL,"New Caledonia",1995,
NCL,"New Caledonia",1994,
NCL,"New Caledonia",1993,
NCL,"New Caledonia",1992,
NCL,"New Caledonia",1991,
NCL,"New Caledonia",1990,
NCL,"New Caledonia",1989,
NCL,"New Caledonia",1988,
NCL,"New Caledonia",1987,
NCL,"New Caledonia",1986,
NCL,"New Caledonia",1985,
NCL,"New Caledonia",1984,
NCL,"New Caledonia",1983,
NCL,"New Caledonia",1982,
NCL,"New Caledonia",1981,
NCL,"New Caledonia",1980,
NCL,"New Caledonia",1979,
NCL,"New Caledonia",1978,
NCL,"New Caledonia",1977,
NCL,"New Caledonia",1976,
NCL,"New Caledonia",1975,
NCL,"New Caledonia",1974,
NCL,"New Caledonia",1973,
NCL,"New Caledonia",1972,
NCL,"New Caledonia",1971,
NCL,"New Caledonia",1970,
NCL,"New Caledonia",1969,
NCL,"New Caledonia",1968,
NCL,"New Caledonia",1967,
NCL,"New Caledonia",1966,
NCL,"New Caledonia",1965,
NCL,"New Caledonia",1964,
NCL,"New Caledonia",1963,
NCL,"New Caledonia",1962,
NCL,"New Caledonia",1961,
NCL,"New Caledonia",1960,
NZL,"New Zealand",2025,48232.6651994696
NZL,"New Zealand",2024,48325.3650985684
NZL,"New Zealand",2023,49592.5875512098
NZL,"New Zealand",2022,49842.9845334162
NZL,"New Zealand",2021,48202.0913368233
NZL,"New Zealand",2020,46326.3804672976
NZL,"New Zealand",2019,47392.1933135172
NZL,"New Zealand",2018,46974.6818400482
NZL,"New Zealand",2017,46285.9810980642
NZL,"New Zealand",2016,45746.135981069
NZL,"New Zealand",2015,45097.016468387
NZL,"New Zealand",2014,44369.7664241859
NZL,"New Zealand",2013,43453.2814172317
NZL,"New Zealand",2012,42693.4234516571
NZL,"New Zealand",2011,41961.9202263641
NZL,"New Zealand",2010,41395.370375582
NZL,"New Zealand",2009,41250.9985717425
NZL,"New Zealand",2008,41682.2459069155
NZL,"New Zealand",2007,42473.1182614499
NZL,"New Zealand",2006,41596.8311289998
NZL,"New Zealand",2005,40970.295838255
NZL,"New Zealand",2004,40091.1399487332
NZL,"New Zealand",2003,39092.3455202712
NZL,"New Zealand",2002,38072.2713835052
NZL,"New Zealand",2001,36995.0603198774
NZL,"New Zealand",2000,35984.6288016116
NZL,"New Zealand",1999,35187.2357200331
NZL,"New Zealand",1998,33565.7312220905
NZL,"New Zealand",1997,33577.7254994905
NZL,"New Zealand",1996,33329.5301011769
NZL,"New Zealand",1995,32687.4657703706
NZL,"New Zealand",1994,31669.5406509196
NZL,"New Zealand",1993,30532.5880166798
NZL,"New Zealand",1992,29029.5811361611
NZL,"New Zealand",1991,29014.1499420181
NZL,"New Zealand",1990,30785.701752556
NZL,"New Zealand",1989,
NZL,"New Zealand",1988,
NZL,"New Zealand",1987,
NZL,"New Zealand",1986,
NZL,"New Zealand",1985,
NZL,"New Zealand",1984,
NZL,"New Zealand",1983,
NZL,"New Zealand",1982,
NZL,"New Zealand",1981,
NZL,"New Zealand",1980,
NZL,"New Zealand",1979,
NZL,"New Zealand",1978,
NZL,"New Zealand",1977,
NZL,"New Zealand",1976,
NZL,"New Zealand",1975,
NZL,"New Zealand",1974,
NZL,"New Zealand",1973,
NZL,"New Zealand",1972,
NZL,"New Zealand",1971,
NZL,"New Zealand",1970,
NZL,"New Zealand",1969,
NZL,"New Zealand",1968,
NZL,"New Zealand",1967,
NZL,"New Zealand",1966,
NZL,"New Zealand",1965,
NZL,"New Zealand",1964,
NZL,"New Zealand",1963,
NZL,"New Zealand",1962,
NZL,"New Zealand",1961,
NZL,"New Zealand",1960,
NIC,"Nicaragua",2025,7933.48888006412
NIC,"Nicaragua",2024,7661.09410113202
NIC,"Nicaragua",2023,7496.53056557505
NIC,"Nicaragua",2022,7277.82041652584
NIC,"Nicaragua",2021,7119.16874782601
NIC,"Nicaragua",2020,6523.36944661195
NIC,"Nicaragua",2019,6756.59334024487
NIC,"Nicaragua",2018,7049.02709828403
NIC,"Nicaragua",2017,7391.19638215265
NIC,"Nicaragua",2016,7158.75755467501
NIC,"Nicaragua",2015,6939.03243274344
NIC,"Nicaragua",2014,6712.21708286288
NIC,"Nicaragua",2013,6494.14920922407
NIC,"Nicaragua",2012,6275.78730248003
NIC,"Nicaragua",2011,5976.25247519395
NIC,"Nicaragua",2010,5701.12754906379
NIC,"Nicaragua",2009,5538.36555049931
NIC,"Nicaragua",2008,5809.09928522386
NIC,"Nicaragua",2007,5697.2107429964
NIC,"Nicaragua",2006,5500.40543544526
NIC,"Nicaragua",2005,5356.95817825808
NIC,"Nicaragua",2004,5204.38170601052
NIC,"Nicaragua",2003,5000.61145616409
NIC,"Nicaragua",2002,4935.48508468148
NIC,"Nicaragua",2001,4958.32740448527
NIC,"Nicaragua",2000,4878.2474679883
NIC,"Nicaragua",1999,4750.94857427409
NIC,"Nicaragua",1998,4502.59808761279
NIC,"Nicaragua",1997,4408.32862712595
NIC,"Nicaragua",1996,4311.49290177286
NIC,"Nicaragua",1995,4130.28587120845
NIC,"Nicaragua",1994,3979.9850907218
NIC,"Nicaragua",1993,3934.09251375615
NIC,"Nicaragua",1992,4037.27523925249
NIC,"Nicaragua",1991,4113.68724441326
NIC,"Nicaragua",1990,4217.60862404171
NIC,"Nicaragua",1989,
NIC,"Nicaragua",1988,
NIC,"Nicaragua",1987,
NIC,"Nicaragua",1986,
NIC,"Nicaragua",1985,
NIC,"Nicaragua",1984,
NIC,"Nicaragua",1983,
NIC,"Nicaragua",1982,
NIC,"Nicaragua",1981,
NIC,"Nicaragua",1980,
NIC,"Nicaragua",1979,
NIC,"Nicaragua",1978,
NIC,"Nicaragua",1977,
NIC,"Nicaragua",1976,
NIC,"Nicaragua",1975,
NIC,"Nicaragua",1974,
NIC,"Nicaragua",1973,
NIC,"Nicaragua",1972,
NIC,"Nicaragua",1971,
NIC,"Nicaragua",1970,
NIC,"Nicaragua",1969,
NIC,"Nicaragua",1968,
NIC,"Nicaragua",1967,
NIC,"Nicaragua",1966,
NIC,"Nicaragua",1965,
NIC,"Nicaragua",1964,
NIC,"Nicaragua",1963,
NIC,"Nicaragua",1962,
NIC,"Nicaragua",1961,
NIC,"Nicaragua",1960,
NER,"Niger",2025,1860.54858272608
NER,"Niger",2024,1795.65266888022
NER,"Niger",2023,1712.97031726521
NER,"Niger",2022,1724.89699425215
NER,"Niger",2021,1587.84784907329
NER,"Niger",2020,1622.27873602911
NER,"Niger",2019,1605.19476569029
NER,"Niger",2018,1565.01970005142
NER,"Niger",2017,1515.48307317618
NER,"Niger",2016,1488.08648074655
NER,"Niger",2015,1480.39815168147
NER,"Niger",2014,1471.50554729559
NER,"Niger",2013,1431.71115490341
NER,"Niger",2012,1411.52001409831
NER,"Niger",2011,1325.92646987416
NER,"Niger",2010,1344.4988701596
NER,"Niger",2009,1285.27757373191
NER,"Niger",2008,1308.2751730424
NER,"Niger",2007,1260.18545165015
NER,"Niger",2006,1267.601412271
NER,"Niger",2005,1241.20064789059
NER,"Niger",2004,1199.15937505794
NER,"Niger",2003,1238.58780880353
NER,"Niger",2002,1256.23701340852
NER,"Niger",2001,1240.385444402
NER,"Niger",2000,1197.63477205432
NER,"Niger",1999,1255.05402413613
NER,"Niger",1998,1301.84495065524
NER,"Niger",1997,1224.5393437877
NER,"Niger",1996,1246.83503070085
NER,"Niger",1995,1287.93637668331
NER,"Niger",1994,1299.34992459816
NER,"Niger",1993,1317.38596790337
NER,"Niger",1992,1355.33099264922
NER,"Niger",1991,1370.83565180587
NER,"Niger",1990,1420.23063248259
NER,"Niger",1989,
NER,"Niger",1988,
NER,"Niger",1987,
NER,"Niger",1986,
NER,"Niger",1985,
NER,"Niger",1984,
NER,"Niger",1983,
NER,"Niger",1982,
NER,"Niger",1981,
NER,"Niger",1980,
NER,"Niger",1979,
NER,"Niger",1978,
NER,"Niger",1977,
NER,"Niger",1976,
NER,"Niger",1975,
NER,"Niger",1974,
NER,"Niger",1973,
NER,"Niger",1972,
NER,"Niger",1971,
NER,"Niger",1970,
NER,"Niger",1969,
NER,"Niger",1968,
NER,"Niger",1967,
NER,"Niger",1966,
NER,"Niger",1965,
NER,"Niger",1964,
NER,"Niger",1963,
NER,"Niger",1962,
NER,"Niger",1961,
NER,"Niger",1960,
NGA,"Nigeria",2025,8145.14808387469
NGA,"Nigeria",2024,7994.03754470824
NGA,"Nigeria",2023,7843.00399007675
NGA,"Nigeria",2022,7752.26206495247
NGA,"Nigeria",2021,7588.47885587002
NGA,"Nigeria",2020,7664.21099575168
NGA,"Nigeria",2019,8361.78664836
NGA,"Nigeria",2018,8362.62330860296
NGA,"Nigeria",2017,8396.78452243227
NGA,"Nigeria",2016,8534.69281482375
NGA,"Nigeria",2015,8892.05798673631
NGA,"Nigeria",2014,8884.77428628672
NGA,"Nigeria",2013,8581.20782264031
NGA,"Nigeria",2012,8265.90551181051
NGA,"Nigeria",2011,8153.53178650271
NGA,"Nigeria",2010,7962.63957281031
NGA,"Nigeria",2009,7581.40572089092
NGA,"Nigeria",2008,7215.76946195762
NGA,"Nigeria",2007,6949.42650711567
NGA,"Nigeria",2006,6702.94533333874
NGA,"Nigeria",2005,6496.93228175977
NGA,"Nigeria",2004,6275.29894506434
NGA,"Nigeria",2003,5905.31482781101
NGA,"Nigeria",2002,5654.89706044216
NGA,"Nigeria",2001,5039.54869754112
NGA,"Nigeria",2000,4889.00321921229
NGA,"Nigeria",1999,4781.67310983975
NGA,"Nigeria",1998,4880.87997109799
NGA,"Nigeria",1997,4884.0474326173
NGA,"Nigeria",1996,4869.82113323478
NGA,"Nigeria",1995,4797.5115213682
NGA,"Nigeria",1994,4929.26827912601
NGA,"Nigeria",1993,5154.7575789977
NGA,"Nigeria",1992,5403.15311796788
NGA,"Nigeria",1991,5301.3634227925
NGA,"Nigeria",1990,5423.80689586993
NGA,"Nigeria",1989,
NGA,"Nigeria",1988,
NGA,"Nigeria",1987,
NGA,"Nigeria",1986,
NGA,"Nigeria",1985,
NGA,"Nigeria",1984,
NGA,"Nigeria",1983,
NGA,"Nigeria",1982,
NGA,"Nigeria",1981,
NGA,"Nigeria",1980,
NGA,"Nigeria",1979,
NGA,"Nigeria",1978,
NGA,"Nigeria",1977,
NGA,"Nigeria",1976,
NGA,"Nigeria",1975,
NGA,"Nigeria",1974,
NGA,"Nigeria",1973,
NGA,"Nigeria",1972,
NGA,"Nigeria",1971,
NGA,"Nigeria",1970,
NGA,"Nigeria",1969,
NGA,"Nigeria",1968,
NGA,"Nigeria",1967,
NGA,"Nigeria",1966,
NGA,"Nigeria",1965,
NGA,"Nigeria",1964,
NGA,"Nigeria",1963,
NGA,"Nigeria",1962,
NGA,"Nigeria",1961,
NGA,"Nigeria",1960,
MKD,"North Macedonia",2025,25094.6225007185
MKD,"North Macedonia",2024,24203.1855800189
MKD,"North Macedonia",2023,23455.2221318176
MKD,"North Macedonia",2022,22822.2333994259
MKD,"North Macedonia",2021,22144.1924252732
MKD,"North Macedonia",2020,20971.4421033593
MKD,"North Macedonia",2019,21766.8842062487
MKD,"North Macedonia",2018,20805.9221192555
MKD,"North Macedonia",2017,20121.0510180726
MKD,"North Macedonia",2016,19825.7724685057
MKD,"North Macedonia",2015,19215.0740381192
MKD,"North Macedonia",2014,18452.2062280148
MKD,"North Macedonia",2013,17758.2275594412
MKD,"North Macedonia",2012,17189.9956305456
MKD,"North Macedonia",2011,17201.236162644
MKD,"North Macedonia",2010,16731.0901838425
MKD,"North Macedonia",2009,16084.2279730567
MKD,"North Macedonia",2008,16038.0413530579
MKD,"North Macedonia",2007,15118.2436719552
MKD,"North Macedonia",2006,14118.2297877525
MKD,"North Macedonia",2005,13354.4611473701
MKD,"North Macedonia",2004,12683.3809111151
MKD,"North Macedonia",2003,12077.849005462
MKD,"North Macedonia",2002,11830.2626132426
MKD,"North Macedonia",2001,11571.8112316434
MKD,"North Macedonia",2000,11988.2448826829
MKD,"North Macedonia",1999,11518.9567330226
MKD,"North Macedonia",1998,11092.8286175909
MKD,"North Macedonia",1997,10787.5306257229
MKD,"North Macedonia",1996,10551.5225095076
MKD,"North Macedonia",1995,10501.0888473538
MKD,"North Macedonia",1994,10650.7391780911
MKD,"North Macedonia",1993,10764.7022358488
MKD,"North Macedonia",1992,11486.7282993524
MKD,"North Macedonia",1991,12153.4983960276
MKD,"North Macedonia",1990,12904.4868211184
MKD,"North Macedonia",1989,
MKD,"North Macedonia",1988,
MKD,"North Macedonia",1987,
MKD,"North Macedonia",1986,
MKD,"North Macedonia",1985,
MKD,"North Macedonia",1984,
MKD,"North Macedonia",1983,
MKD,"North Macedonia",1982,
MKD,"North Macedonia",1981,
MKD,"North Macedonia",1980,
MKD,"North Macedonia",1979,
MKD,"North Macedonia",1978,
MKD,"North Macedonia",1977,
MKD,"North Macedonia",1976,
MKD,"North Macedonia",1975,
MKD,"North Macedonia",1974,
MKD,"North Macedonia",1973,
MKD,"North Macedonia",1972,
MKD,"North Macedonia",1971,
MKD,"North Macedonia",1970,
MKD,"North Macedonia",1969,
MKD,"North Macedonia",1968,
MKD,"North Macedonia",1967,
MKD,"North Macedonia",1966,
MKD,"North Macedonia",1965,
MKD,"North Macedonia",1964,
MKD,"North Macedonia",1963,
MKD,"North Macedonia",1962,
MKD,"North Macedonia",1961,
MKD,"North Macedonia",1960,
MNP,"Northern Mariana Islands",2025,
MNP,"Northern Mariana Islands",2024,
MNP,"Northern Mariana Islands",2023,
MNP,"Northern Mariana Islands",2022,
MNP,"Northern Mariana Islands",2021,
MNP,"Northern Mariana Islands",2020,
MNP,"Northern Mariana Islands",2019,
MNP,"Northern Mariana Islands",2018,
MNP,"Northern Mariana Islands",2017,
MNP,"Northern Mariana Islands",2016,
MNP,"Northern Mariana Islands",2015,
MNP,"Northern Mariana Islands",2014,
MNP,"Northern Mariana Islands",2013,
MNP,"Northern Mariana Islands",2012,
MNP,"Northern Mariana Islands",2011,
MNP,"Northern Mariana Islands",2010,
MNP,"Northern Mariana Islands",2009,
MNP,"Northern Mariana Islands",2008,
MNP,"Northern Mariana Islands",2007,
MNP,"Northern Mariana Islands",2006,
MNP,"Northern Mariana Islands",2005,
MNP,"Northern Mariana Islands",2004,
MNP,"Northern Mariana Islands",2003,
MNP,"Northern Mariana Islands",2002,
MNP,"Northern Mariana Islands",2001,
MNP,"Northern Mariana Islands",2000,
MNP,"Northern Mariana Islands",1999,
MNP,"Northern Mariana Islands",1998,
MNP,"Northern Mariana Islands",1997,
MNP,"Northern Mariana Islands",1996,
MNP,"Northern Mariana Islands",1995,
MNP,"Northern Mariana Islands",1994,
MNP,"Northern Mariana Islands",1993,
MNP,"Northern Mariana Islands",1992,
MNP,"Northern Mariana Islands",1991,
MNP,"Northern Mariana Islands",1990,
MNP,"Northern Mariana Islands",1989,
MNP,"Northern Mariana Islands",1988,
MNP,"Northern Mariana Islands",1987,
MNP,"Northern Mariana Islands",1986,
MNP,"Northern Mariana Islands",1985,
MNP,"Northern Mariana Islands",1984,
MNP,"Northern Mariana Islands",1983,
MNP,"Northern Mariana Islands",1982,
MNP,"Northern Mariana Islands",1981,
MNP,"Northern Mariana Islands",1980,
MNP,"Northern Mariana Islands",1979,
MNP,"Northern Mariana Islands",1978,
MNP,"Northern Mariana Islands",1977,
MNP,"Northern Mariana Islands",1976,
MNP,"Northern Mariana Islands",1975,
MNP,"Northern Mariana Islands",1974,
MNP,"Northern Mariana Islands",1973,
MNP,"Northern Mariana Islands",1972,
MNP,"Northern Mariana Islands",1971,
MNP,"Northern Mariana Islands",1970,
MNP,"Northern Mariana Islands",1969,
MNP,"Northern Mariana Islands",1968,
MNP,"Northern Mariana Islands",1967,
MNP,"Northern Mariana Islands",1966,
MNP,"Northern Mariana Islands",1965,
MNP,"Northern Mariana Islands",1964,
MNP,"Northern Mariana Islands",1963,
MNP,"Northern Mariana Islands",1962,
MNP,"Northern Mariana Islands",1961,
MNP,"Northern Mariana Islands",1960,
NOR,"Norway",2025,95173.4308224367
NOR,"Norway",2024,94803.6704931641
NOR,"Norway",2023,94364.9641754336
NOR,"Norway",2022,95109.8201605729
NOR,"Norway",2021,92205.7698636049
NOR,"Norway",2020,89012.2723804504
NOR,"Norway",2019,90772.9017041865
NOR,"Norway",2018,90064.0687974358
NOR,"Norway",2017,89664.9086415829
NOR,"Norway",2016,88041.6414808956
NOR,"Norway",2015,87688.1196708993
NOR,"Norway",2014,86790.7924625691
NOR,"Norway",2013,85973.7694976801
NOR,"Norway",2012,85925.8723352057
NOR,"Norway",2011,84670.8344398355
NOR,"Norway",2010,84604.5143891947
NOR,"Norway",2009,84812.6851277638
NOR,"Norway",2008,87297.3980291813
NOR,"Norway",2007,87670.8617980792
NOR,"Norway",2006,85653.1367825864
NOR,"Norway",2005,83955.3365007578
NOR,"Norway",2004,82091.1935035949
NOR,"Norway",2003,79150.3962863661
NOR,"Norway",2002,78752.5931631095
NOR,"Norway",2001,78041.0146260585
NOR,"Norway",2000,76775.9420600924
NOR,"Norway",1999,74703.5199133097
NOR,"Norway",1998,73610.1896687065
NOR,"Norway",1997,72084.8139194678
NOR,"Norway",1996,68964.9756218258
NOR,"Norway",1995,66033.8837831197
NOR,"Norway",1994,63730.8964637618
NOR,"Norway",1993,61019.8161031696
NOR,"Norway",1992,59669.7590202519
NOR,"Norway",1991,57949.698676313
NOR,"Norway",1990,56608.2547514372
NOR,"Norway",1989,
NOR,"Norway",1988,
NOR,"Norway",1987,
NOR,"Norway",1986,
NOR,"Norway",1985,
NOR,"Norway",1984,
NOR,"Norway",1983,
NOR,"Norway",1982,
NOR,"Norway",1981,
NOR,"Norway",1980,
NOR,"Norway",1979,
NOR,"Norway",1978,
NOR,"Norway",1977,
NOR,"Norway",1976,
NOR,"Norway",1975,
NOR,"Norway",1974,
NOR,"Norway",1973,
NOR,"Norway",1972,
NOR,"Norway",1971,
NOR,"Norway",1970,
NOR,"Norway",1969,
NOR,"Norway",1968,
NOR,"Norway",1967,
NOR,"Norway",1966,
NOR,"Norway",1965,
NOR,"Norway",1964,
NOR,"Norway",1963,
NOR,"Norway",1962,
NOR,"Norway",1961,
NOR,"Norway",1960,
OMN,"Oman",2025,36142.9439797194
OMN,"Oman",2024,36721.0804548374
OMN,"Oman",2023,37793.6163957515
OMN,"Oman",2022,39780.2122774985
OMN,"Oman",2021,38719.4587682049
OMN,"Oman",2020,37560.5998714953
OMN,"Oman",2019,38292.3859682752
OMN,"Oman",2018,38673.6045360857
OMN,"Oman",2017,38691.1077105097
OMN,"Oman",2016,39860.9893909688
OMN,"Oman",2015,39813.7887054675
OMN,"Oman",2014,39639.9870514802
OMN,"Oman",2013,40854.4853548905
OMN,"Oman",2012,41964.0828578552
OMN,"Oman",2011,44440.3092616125
OMN,"Oman",2010,48191.6145135737
OMN,"Oman",2009,48304.1178923167
OMN,"Oman",2008,46586.3955926767
OMN,"Oman",2007,43696.9691440917
OMN,"Oman",2006,42540.4398485334
OMN,"Oman",2005,41551.1413844552
OMN,"Oman",2004,41351.7687385072
OMN,"Oman",2003,41247.5873733105
OMN,"Oman",2002,42654.1482671623
OMN,"Oman",2001,43492.2863754557
OMN,"Oman",2000,42086.0431536301
OMN,"Oman",1999,40145.9312841691
OMN,"Oman",1998,40574.674486189
OMN,"Oman",1997,41191.0312402444
OMN,"Oman",1996,39455.8264119985
OMN,"Oman",1995,38946.7742715175
OMN,"Oman",1994,37782.723828978
OMN,"Oman",1993,37455.340258395
OMN,"Oman",1992,36841.4011555658
OMN,"Oman",1991,35574.6761369599
OMN,"Oman",1990,35201.5524871089
OMN,"Oman",1989,
OMN,"Oman",1988,
OMN,"Oman",1987,
OMN,"Oman",1986,
OMN,"Oman",1985,
OMN,"Oman",1984,
OMN,"Oman",1983,
OMN,"Oman",1982,
OMN,"Oman",1981,
OMN,"Oman",1980,
OMN,"Oman",1979,
OMN,"Oman",1978,
OMN,"Oman",1977,
OMN,"Oman",1976,
OMN,"Oman",1975,
OMN,"Oman",1974,
OMN,"Oman",1973,
OMN,"Oman",1972,
OMN,"Oman",1971,
OMN,"Oman",1970,
OMN,"Oman",1969,
OMN,"Oman",1968,
OMN,"Oman",1967,
OMN,"Oman",1966,
OMN,"Oman",1965,
OMN,"Oman",1964,
OMN,"Oman",1963,
OMN,"Oman",1962,
OMN,"Oman",1961,
OMN,"Oman",1960,
PAK,"Pakistan",2025,5617.25078028458
PAK,"Pakistan",2024,5502.0736120186
PAK,"Pakistan",2023,5418.7693189297
PAK,"Pakistan",2022,5526.27928310213
PAK,"Pakistan",2021,5367.27364714762
PAK,"Pakistan",2020,5135.01459288839
PAK,"Pakistan",2019,5295.95295138203
PAK,"Pakistan",2018,5255.06350681272
PAK,"Pakistan",2017,5031.56060738433
PAK,"Pakistan",2016,4886.61212115378
PAK,"Pakistan",2015,4645.28631071145
PAK,"Pakistan",2014,4520.23463399286
PAK,"Pakistan",2013,4407.14705841377
PAK,"Pakistan",2012,4292.02110293486
PAK,"Pakistan",2011,4246.06710882497
PAK,"Pakistan",2010,4228.7817715945
PAK,"Pakistan",2009,4270.43882264229
PAK,"Pakistan",2008,4233.34830715497
PAK,"Pakistan",2007,4257.92556870432
PAK,"Pakistan",2006,4185.86655659206
PAK,"Pakistan",2005,4042.15457513378
PAK,"Pakistan",2004,3859.64601808903
PAK,"Pakistan",2003,3668.77938852508
PAK,"Pakistan",2002,3563.67846926558
PAK,"Pakistan",2001,3559.72784658715
PAK,"Pakistan",2000,3531.71291531612
PAK,"Pakistan",1999,3484.45678319813
PAK,"Pakistan",1998,3454.17665330544
PAK,"Pakistan",1997,3462.58145605889
PAK,"Pakistan",1996,3526.14160875155
PAK,"Pakistan",1995,3462.47336165841
PAK,"Pakistan",1994,3395.50432067539
PAK,"Pakistan",1993,3369.23795906028
PAK,"Pakistan",1992,3404.12138406329
PAK,"Pakistan",1991,3252.35104026309
PAK,"Pakistan",1990,3199.72962609833
PAK,"Pakistan",1989,
PAK,"Pakistan",1988,
PAK,"Pakistan",1987,
PAK,"Pakistan",1986,
PAK,"Pakistan",1985,
PAK,"Pakistan",1984,
PAK,"Pakistan",1983,
PAK,"Pakistan",1982,
PAK,"Pakistan",1981,
PAK,"Pakistan",1980,
PAK,"Pakistan",1979,
PAK,"Pakistan",1978,
PAK,"Pakistan",1977,
PAK,"Pakistan",1976,
PAK,"Pakistan",1975,
PAK,"Pakistan",1974,
PAK,"Pakistan",1973,
PAK,"Pakistan",1972,
PAK,"Pakistan",1971,
PAK,"Pakistan",1970,
PAK,"Pakistan",1969,
PAK,"Pakistan",1968,
PAK,"Pakistan",1967,
PAK,"Pakistan",1966,
PAK,"Pakistan",1965,
PAK,"Pakistan",1964,
PAK,"Pakistan",1963,
PAK,"Pakistan",1962,
PAK,"Pakistan",1961,
PAK,"Pakistan",1960,
PLW,"Palau",2025,19698.5947032213
PLW,"Palau",2024,18499.9921921281
PLW,"Palau",2023,16487.15375427
PLW,"Palau",2022,16258.6271292912
PLW,"Palau",2021,16312.190220013
PLW,"Palau",2020,18509.2491855913
PLW,"Palau",2019,19685.6037989273
PLW,"Palau",2018,19608.9617027822
PLW,"Palau",2017,19693.4082379382
PLW,"Palau",2016,20408.2613269723
PLW,"Palau",2015,20104.2315379069
PLW,"Palau",2014,18574.7889489655
PLW,"Palau",2013,17891.3784371353
PLW,"Palau",2012,18024.7540996872
PLW,"Palau",2011,17354.9336767951
PLW,"Palau",2010,16313.4287679398
PLW,"Palau",2009,16541.1206311875
PLW,"Palau",2008,17355.2423019079
PLW,"Palau",2007,18096.7989531775
PLW,"Palau",2006,17706.3673621904
PLW,"Palau",2005,17464.6208167636
PLW,"Palau",2004,16974.0682933412
PLW,"Palau",2003,16538.7688424505
PLW,"Palau",2002,17033.490272996
PLW,"Palau",2001,16393.4521014909
PLW,"Palau",2000,15410.1740281683
PLW,"Palau",1999,16054.0503540764
PLW,"Palau",1998,17315.8341787596
PLW,"Palau",1997,17366.3122783479
PLW,"Palau",1996,17412.4278443017
PLW,"Palau",1995,16193.1449208057
PLW,"Palau",1994,14971.6205907545
PLW,"Palau",1993,14292.2383036506
PLW,"Palau",1992,16687.1163206872
PLW,"Palau",1991,18256.2992047553
PLW,"Palau",1990,17807.5300818664
PLW,"Palau",1989,
PLW,"Palau",1988,
PLW,"Palau",1987,
PLW,"Palau",1986,
PLW,"Palau",1985,
PLW,"Palau",1984,
PLW,"Palau",1983,
PLW,"Palau",1982,
PLW,"Palau",1981,
PLW,"Palau",1980,
PLW,"Palau",1979,
PLW,"Palau",1978,
PLW,"Palau",1977,
PLW,"Palau",1976,
PLW,"Palau",1975,
PLW,"Palau",1974,
PLW,"Palau",1973,
PLW,"Palau",1972,
PLW,"Palau",1971,
PLW,"Palau",1970,
PLW,"Palau",1969,
PLW,"Palau",1968,
PLW,"Palau",1967,
PLW,"Palau",1966,
PLW,"Palau",1965,
PLW,"Palau",1964,
PLW,"Palau",1963,
PLW,"Palau",1962,
PLW,"Palau",1961,
PLW,"Palau",1960,
PAN,"Panama",2025,37516.1796428548
PAN,"Panama",2024,36394.9235366316
PAN,"Panama",2023,35872.9719200069
PAN,"Panama",2022,33915.1693306309
PAN,"Panama",2021,30932.7627780514
PAN,"Panama",2020,26881.8277221689
PAN,"Panama",2019,33163.7172814857
PAN,"Panama",2018,32681.4729886331
PAN,"Panama",2017,31979.8246437748
PAN,"Panama",2016,30765.2490653506
PAN,"Panama",2015,29933.1671530011
PAN,"Panama",2014,28931.8156401199
PAN,"Panama",2013,28135.3387835383
PAN,"Panama",2012,26926.8956928065
PAN,"Panama",2011,24999.4702655482
PAN,"Panama",2010,22739.1194141341
PAN,"Panama",2009,21822.996136155
PAN,"Panama",2008,21867.8272186787
PAN,"Panama",2007,20208.8293911964
PAN,"Panama",2006,18190.281154717
PAN,"Panama",2005,16867.9674513124
PAN,"Panama",2004,15875.1188201453
PAN,"Panama",2003,14957.5590503323
PAN,"Panama",2002,14507.1494232714
PAN,"Panama",2001,14427.8355424862
PAN,"Panama",2000,14572.9808700068
PAN,"Panama",1999,14261.7464595428
PAN,"Panama",1998,13826.5376778781
PAN,"Panama",1997,13013.8959932208
PAN,"Panama",1996,12327.8562890077
PAN,"Panama",1995,12086.6481153656
PAN,"Panama",1994,12123.3539257861
PAN,"Panama",1993,12032.8122579156
PAN,"Panama",1992,11649.8002384174
PAN,"Panama",1991,10994.5538811637
PAN,"Panama",1990,10263.6928426466
PAN,"Panama",1989,
PAN,"Panama",1988,
PAN,"Panama",1987,
PAN,"Panama",1986,
PAN,"Panama",1985,
PAN,"Panama",1984,
PAN,"Panama",1983,
PAN,"Panama",1982,
PAN,"Panama",1981,
PAN,"Panama",1980,
PAN,"Panama",1979,
PAN,"Panama",1978,
PAN,"Panama",1977,
PAN,"Panama",1976,
PAN,"Panama",1975,
PAN,"Panama",1974,
PAN,"Panama",1973,
PAN,"Panama",1972,
PAN,"Panama",1971,
PAN,"Panama",1970,
PAN,"Panama",1969,
PAN,"Panama",1968,
PAN,"Panama",1967,
PAN,"Panama",1966,
PAN,"Panama",1965,
PAN,"Panama",1964,
PAN,"Panama",1963,
PAN,"Panama",1962,
PAN,"Panama",1961,
PAN,"Panama",1960,
PNG,"Papua New Guinea",2025,4456.23105962118
PNG,"Papua New Guinea",2024,4292.71205430013
PNG,"Papua New Guinea",2023,4206.37834691367
PNG,"Papua New Guinea",2022,4126.03032145403
PNG,"Papua New Guinea",2021,3977.44297360749
PNG,"Papua New Guinea",2020,4078.15378358566
PNG,"Papua New Guinea",2019,4302.16255230002
PNG,"Papua New Guinea",2018,4211.68504310327
PNG,"Papua New Guinea",2017,4322.77662200998
PNG,"Papua New Guinea",2016,4276.29643263164
PNG,"Papua New Guinea",2015,4155.05563962107
PNG,"Papua New Guinea",2014,3999.13038811865
PNG,"Papua New Guinea",2013,3615.74646029074
PNG,"Papua New Guinea",2012,3577.91014722774
PNG,"Papua New Guinea",2011,3515.28312517363
PNG,"Papua New Guinea",2010,3579.63000710983
PNG,"Papua New Guinea",2009,3350.07263964739
PNG,"Papua New Guinea",2008,3234.33247673
PNG,"Papua New Guinea",2007,3346.27900337124
PNG,"Papua New Guinea",2006,3202.89763507367
PNG,"Papua New Guinea",2005,3136.98756942536
PNG,"Papua New Guinea",2004,3046.72321896172
PNG,"Papua New Guinea",2003,3064.83667344612
PNG,"Papua New Guinea",2002,3101.1924006365
PNG,"Papua New Guinea",2001,3212.17084845522
PNG,"Papua New Guinea",2000,3327.22485837041
PNG,"Papua New Guinea",1999,3532.1120397137
PNG,"Papua New Guinea",1998,3590.56011797751
PNG,"Papua New Guinea",1997,3864.72542324923
PNG,"Papua New Guinea",1996,4167.57013807001
PNG,"Papua New Guinea",1995,4009.23567052359
PNG,"Papua New Guinea",1994,4298.44184540518
PNG,"Papua New Guinea",1993,4206.96808195882
PNG,"Papua New Guinea",1992,3690.81786572429
PNG,"Papua New Guinea",1991,3358.61893269232
PNG,"Papua New Guinea",1990,3164.55429204087
PNG,"Papua New Guinea",1989,
PNG,"Papua New Guinea",1988,
PNG,"Papua New Guinea",1987,
PNG,"Papua New Guinea",1986,
PNG,"Papua New Guinea",1985,
PNG,"Papua New Guinea",1984,
PNG,"Papua New Guinea",1983,
PNG,"Papua New Guinea",1982,
PNG,"Papua New Guinea",1981,
PNG,"Papua New Guinea",1980,
PNG,"Papua New Guinea",1979,
PNG,"Papua New Guinea",1978,
PNG,"Papua New Guinea",1977,
PNG,"Papua New Guinea",1976,
PNG,"Papua New Guinea",1975,
PNG,"Papua New Guinea",1974,
PNG,"Papua New Guinea",1973,
PNG,"Papua New Guinea",1972,
PNG,"Papua New Guinea",1971,
PNG,"Papua New Guinea",1970,
PNG,"Papua New Guinea",1969,
PNG,"Papua New Guinea",1968,
PNG,"Papua New Guinea",1967,
PNG,"Papua New Guinea",1966,
PNG,"Papua New Guinea",1965,
PNG,"Papua New Guinea",1964,
PNG,"Papua New Guinea",1963,
PNG,"Papua New Guinea",1962,
PNG,"Papua New Guinea",1961,
PNG,"Papua New Guinea",1960,
PRY,"Paraguay",2025,17245.8458423118
PRY,"Paraguay",2024,16367.4940166481
PRY,"Paraguay",2023,15831.5849831308
PRY,"Paraguay",2022,15222.8920228598
PRY,"Paraguay",2021,15400.9446332428
PRY,"Paraguay",2020,14989.7667130162
PRY,"Paraguay",2019,15319.3889991221
PRY,"Paraguay",2018,15591.0142663085
PRY,"Paraguay",2017,15318.4012187276
PRY,"Paraguay",2016,14824.7906280812
PRY,"Paraguay",2015,14425.777586033
PRY,"Paraguay",2014,14217.5580896983
PRY,"Paraguay",2013,13698.9722320262
PRY,"Paraguay",2012,12833.1801619413
PRY,"Paraguay",2011,13107.8104435989
PRY,"Paraguay",2010,12736.9672867807
PRY,"Paraguay",2009,11599.8198579092
PRY,"Paraguay",2008,11749.6546354418
PRY,"Paraguay",2007,11140.4629098064
PRY,"Paraguay",2006,10671.6449984385
PRY,"Paraguay",2005,10288.800866577
PRY,"Paraguay",2004,10185.9074387779
PRY,"Paraguay",2003,9902.19918003817
PRY,"Paraguay",2002,9609.53364585336
PRY,"Paraguay",2001,9748.02702767691
PRY,"Paraguay",2000,9997.3297251405
PRY,"Paraguay",1999,10434.0803694109
PRY,"Paraguay",1998,10801.1950460495
PRY,"Paraguay",1997,11031.6219154476
PRY,"Paraguay",1996,10823.9199218797
PRY,"Paraguay",1995,10906.894612986
PRY,"Paraguay",1994,10457.768545827
PRY,"Paraguay",1993,10177.1689434494
PRY,"Paraguay",1992,9947.16439036842
PRY,"Paraguay",1991,10039.0438461622
PRY,"Paraguay",1990,9961.22171124749
PRY,"Paraguay",1989,
PRY,"Paraguay",1988,
PRY,"Paraguay",1987,
PRY,"Paraguay",1986,
PRY,"Paraguay",1985,
PRY,"Paraguay",1984,
PRY,"Paraguay",1983,
PRY,"Paraguay",1982,
PRY,"Paraguay",1981,
PRY,"Paraguay",1980,
PRY,"Paraguay",1979,
PRY,"Paraguay",1978,
PRY,"Paraguay",1977,
PRY,"Paraguay",1976,
PRY,"Paraguay",1975,
PRY,"Paraguay",1974,
PRY,"Paraguay",1973,
PRY,"Paraguay",1972,
PRY,"Paraguay",1971,
PRY,"Paraguay",1970,
PRY,"Paraguay",1969,
PRY,"Paraguay",1968,
PRY,"Paraguay",1967,
PRY,"Paraguay",1966,
PRY,"Paraguay",1965,
PRY,"Paraguay",1964,
PRY,"Paraguay",1963,
PRY,"Paraguay",1962,
PRY,"Paraguay",1961,
PRY,"Paraguay",1960,
PER,"Peru",2025,16079.1247394843
PER,"Peru",2024,15708.8329440963
PER,"Peru",2023,15342.2741359642
PER,"Peru",2022,15566.5242612563
PER,"Peru",2021,15285.7706852395
PER,"Peru",2020,13607.7640705828
PER,"Peru",2019,15461.4572585466
PER,"Peru",2018,15384.1846082423
PER,"Peru",2017,15067.489279382
PER,"Peru",2016,14915.4366324454
PER,"Peru",2015,14540.8313160635
PER,"Peru",2014,14242.6444760801
PER,"Peru",2013,14050.2420319137
PER,"Peru",2012,13393.5923851679
PER,"Peru",2011,12724.8832049429
PER,"Peru",2010,12057.3912963716
PER,"Peru",2009,11202.8654418496
PER,"Peru",2008,11150.0262166889
PER,"Peru",2007,10284.9672238506
PER,"Peru",2006,9546.62529545456
PER,"Peru",2005,8948.74710742664
PER,"Peru",2004,8494.84031217202
PER,"Peru",2003,8173.27672987692
PER,"Peru",2002,7930.50980631714
PER,"Peru",2001,7610.63949294843
PER,"Peru",2000,7668.06078201131
PER,"Peru",1999,7584.30465257181
PER,"Peru",1998,7602.78356076635
PER,"Peru",1997,7772.77834225556
PER,"Peru",1996,7436.18931908276
PER,"Peru",1995,7371.04799020402
PER,"Peru",1994,6996.76185617847
PER,"Peru",1993,6354.40466195469
PER,"Peru",1992,6160.80456813974
PER,"Peru",1991,6321.7220102527
PER,"Peru",1990,6316.2269138715
PER,"Peru",1989,
PER,"Peru",1988,
PER,"Peru",1987,
PER,"Peru",1986,
PER,"Peru",1985,
PER,"Peru",1984,
PER,"Peru",1983,
PER,"Peru",1982,
PER,"Peru",1981,
PER,"Peru",1980,
PER,"Peru",1979,
PER,"Peru",1978,
PER,"Peru",1977,
PER,"Peru",1976,
PER,"Peru",1975,
PER,"Peru",1974,
PER,"Peru",1973,
PER,"Peru",1972,
PER,"Peru",1971,
PER,"Peru",1970,
PER,"Peru",1969,
PER,"Peru",1968,
PER,"Peru",1967,
PER,"Peru",1966,
PER,"Peru",1965,
PER,"Peru",1964,
PER,"Peru",1963,
PER,"Peru",1962,
PER,"Peru",1961,
PER,"Peru",1960,
PHL,"Philippines",2025,10747.5454408601
PHL,"Philippines",2024,10378.1717703535
PHL,"Philippines",2023,9898.53294588106
PHL,"Philippines",2022,9457.10395402883
PHL,"Philippines",2021,8857.78995115514
PHL,"Philippines",2020,8455.18457134106
PHL,"Philippines",2019,9452.2939715981
PHL,"Philippines",2018,9016.28659637608
PHL,"Philippines",2017,8584.13622709699
PHL,"Philippines",2016,8131.82537948653
PHL,"Philippines",2015,7691.76308685047
PHL,"Philippines",2014,7340.361585912
PHL,"Philippines",2013,7016.53846470436
PHL,"Philippines",2012,6697.55620962768
PHL,"Philippines",2011,6388.31296959977
PHL,"Philippines",2010,6273.03927731515
PHL,"Philippines",2009,5965.30730902221
PHL,"Philippines",2008,5987.03757861835
PHL,"Philippines",2007,5840.06810169965
PHL,"Philippines",2006,5578.57225112139
PHL,"Philippines",2005,5386.81653712891
PHL,"Philippines",2004,5229.45080700165
PHL,"Philippines",2003,5003.38317718716
PHL,"Philippines",2002,4856.49948429567
PHL,"Philippines",2001,4778.4008437474
PHL,"Philippines",2000,4740.43891694569
PHL,"Philippines",1999,4650.75926947589
PHL,"Philippines",1998,4616.67292900617
PHL,"Philippines",1997,4758.70845808515
PHL,"Philippines",1996,4631.77197705972
PHL,"Philippines",1995,4477.32317711022
PHL,"Philippines",1994,4374.06721651165
PHL,"Philippines",1993,4283.15967786629
PHL,"Philippines",1992,4293.71810131081
PHL,"Philippines",1991,4378.39532090518
PHL,"Philippines",1990,4504.46230383567
PHL,"Philippines",1989,
PHL,"Philippines",1988,
PHL,"Philippines",1987,
PHL,"Philippines",1986,
PHL,"Philippines",1985,
PHL,"Philippines",1984,
PHL,"Philippines",1983,
PHL,"Philippines",1982,
PHL,"Philippines",1981,
PHL,"Philippines",1980,
PHL,"Philippines",1979,
PHL,"Philippines",1978,
PHL,"Philippines",1977,
PHL,"Philippines",1976,
PHL,"Philippines",1975,
PHL,"Philippines",1974,
PHL,"Philippines",1973,
PHL,"Philippines",1972,
PHL,"Philippines",1971,
PHL,"Philippines",1970,
PHL,"Philippines",1969,
PHL,"Philippines",1968,
PHL,"Philippines",1967,
PHL,"Philippines",1966,
PHL,"Philippines",1965,
PHL,"Philippines",1964,
PHL,"Philippines",1963,
PHL,"Philippines",1962,
PHL,"Philippines",1961,
PHL,"Philippines",1960,
POL,"Poland",2025,46924.5887897477
POL,"Poland",2024,45153.0439773281
POL,"Poland",2023,43672.7668014946
POL,"Poland",2022,43405.0215797441
POL,"Poland",2021,41059.5847829682
POL,"Poland",2020,37852.8021313639
POL,"Poland",2019,38181.6230334689
POL,"Poland",2018,36500.4114282584
POL,"Poland",2017,34354.5987616319
POL,"Poland",2016,32675.3052259954
POL,"Poland",2015,31700.3682364154
POL,"Poland",2014,30334.8786569618
POL,"Poland",2013,29168.624211075
POL,"Poland",2012,28952.9157305301
POL,"Poland",2011,28521.6612623568
POL,"Poland",2010,27112.1333797381
POL,"Poland",2009,26204.410367111
POL,"Poland",2008,25553.9058406534
POL,"Poland",2007,24484.0656663756
POL,"Poland",2006,22921.1975887696
POL,"Poland",2005,21568.9476594356
POL,"Poland",2004,20878.6545002534
POL,"Poland",2003,19855.6317989181
POL,"Poland",2002,19166.9137058143
POL,"Poland",2001,18800.6018648402
POL,"Poland",2000,18566.3546288772
POL,"Poland",1999,17556.0026927987
POL,"Poland",1998,16766.6492883267
POL,"Poland",1997,16031.7211485265
POL,"Poland",1996,15083.09812162
POL,"Poland",1995,14227.5663687798
POL,"Poland",1994,13200.1614164951
POL,"Poland",1993,12563.1045363124
POL,"Poland",1992,12141.2351323725
POL,"Poland",1991,11879.7539252619
POL,"Poland",1990,12821.4636316574
POL,"Poland",1989,
POL,"Poland",1988,
POL,"Poland",1987,
POL,"Poland",1986,
POL,"Poland",1985,
POL,"Poland",1984,
POL,"Poland",1983,
POL,"Poland",1982,
POL,"Poland",1981,
POL,"Poland",1980,
POL,"Poland",1979,
POL,"Poland",1978,
POL,"Poland",1977,
POL,"Poland",1976,
POL,"Poland",1975,
POL,"Poland",1974,
POL,"Poland",1973,
POL,"Poland",1972,
POL,"Poland",1971,
POL,"Poland",1970,
POL,"Poland",1969,
POL,"Poland",1968,
POL,"Poland",1967,
POL,"Poland",1966,
POL,"Poland",1965,
POL,"Poland",1964,
POL,"Poland",1963,
POL,"Poland",1962,
POL,"Poland",1961,
POL,"Poland",1960,
PRT,"Portugal",2025,42576.8139673545
PRT,"Portugal",2024,42228.1580446502
PRT,"Portugal",2023,41768.2583096874
PRT,"Portugal",2022,41070.8611529744
PRT,"Portugal",2021,38657.6677223429
PRT,"Portugal",2020,36852.2287338103
PRT,"Portugal",2019,40188.2868799223
PRT,"Portugal",2018,39123.6151282575
PRT,"Portugal",2017,37943.1150505677
PRT,"Portugal",2016,36636.2978441636
PRT,"Portugal",2015,35803.3575649772
PRT,"Portugal",2014,35097.4098263232
PRT,"Portugal",2013,34651.7719455059
PRT,"Portugal",2012,34804.6333340484
PRT,"Portugal",2011,36127.2949766157
PRT,"Portugal",2010,36703.1141882825
PRT,"Portugal",2009,36092.8109314688
PRT,"Portugal",2008,37291.5048969664
PRT,"Portugal",2007,37226.4702626704
PRT,"Portugal",2006,36387.5367379523
PRT,"Portugal",2005,35870.3092741502
PRT,"Portugal",2004,35658.1298257507
PRT,"Portugal",2003,35115.379514413
PRT,"Portugal",2002,35578.5200309
PRT,"Portugal",2001,35500.2266804093
PRT,"Portugal",2000,35069.8275705133
PRT,"Portugal",1999,34018.9637066508
PRT,"Portugal",1998,32925.6638725861
PRT,"Portugal",1997,31574.4021979124
PRT,"Portugal",1996,30378.7557756391
PRT,"Portugal",1995,29460.8141864854
PRT,"Portugal",1994,28348.8658386375
PRT,"Portugal",1993,28153.6155177218
PRT,"Portugal",1992,28776.0475772622
PRT,"Portugal",1991,28443.7945360375
PRT,"Portugal",1990,27190.5720267046
PRT,"Portugal",1989,
PRT,"Portugal",1988,
PRT,"Portugal",1987,
PRT,"Portugal",1986,
PRT,"Portugal",1985,
PRT,"Portugal",1984,
PRT,"Portugal",1983,
PRT,"Portugal",1982,
PRT,"Portugal",1981,
PRT,"Portugal",1980,
PRT,"Portugal",1979,
PRT,"Portugal",1978,
PRT,"Portugal",1977,
PRT,"Portugal",1976,
PRT,"Portugal",1975,
PRT,"Portugal",1974,
PRT,"Portugal",1973,
PRT,"Portugal",1972,
PRT,"Portugal",1971,
PRT,"Portugal",1970,
PRT,"Portugal",1969,
PRT,"Portugal",1968,
PRT,"Portugal",1967,
PRT,"Portugal",1966,
PRT,"Portugal",1965,
PRT,"Portugal",1964,
PRT,"Portugal",1963,
PRT,"Portugal",1962,
PRT,"Portugal",1961,
PRT,"Portugal",1960,
PRI,"Puerto Rico (US)",2025,44603.218055883
PRI,"Puerto Rico (US)",2024,44216.4333367133
PRI,"Puerto Rico (US)",2023,42837.872737145
PRI,"Puerto Rico (US)",2022,42310.8139725719
PRI,"Puerto Rico (US)",2021,40559.226188957
PRI,"Puerto Rico (US)",2020,40171.3744461738
PRI,"Puerto Rico (US)",2019,41656.3291581369
PRI,"Puerto Rico (US)",2018,41119.3088051648
PRI,"Puerto Rico (US)",2017,41479.9977732034
PRI,"Puerto Rico (US)",2016,41858.2626698462
PRI,"Puerto Rico (US)",2015,41737.6068571153
PRI,"Puerto Rico (US)",2014,41593.6798280708
PRI,"Puerto Rico (US)",2013,41556.7852350074
PRI,"Puerto Rico (US)",2012,41347.4542013586
PRI,"Puerto Rico (US)",2011,40972.5364074959
PRI,"Puerto Rico (US)",2010,40777.6892825687
PRI,"Puerto Rico (US)",2009,40772.3514249612
PRI,"Puerto Rico (US)",2008,41358.0689136668
PRI,"Puerto Rico (US)",2007,41888.6232716478
PRI,"Puerto Rico (US)",2006,42133.9682748773
PRI,"Puerto Rico (US)",2005,42555.7081189669
PRI,"Puerto Rico (US)",2004,43355.8226365269
PRI,"Puerto Rico (US)",2003,39876.0670237773
PRI,"Puerto Rico (US)",2002,39879.7295566967
PRI,"Puerto Rico (US)",2001,39568.5528383032
PRI,"Puerto Rico (US)",2000,37298.5450447133
PRI,"Puerto Rico (US)",1999,36216.8380896225
PRI,"Puerto Rico (US)",1998,34537.1851859472
PRI,"Puerto Rico (US)",1997,32915.7905705568
PRI,"Puerto Rico (US)",1996,31677.2302541644
PRI,"Puerto Rico (US)",1995,31310.1801642693
PRI,"Puerto Rico (US)",1994,30225.7807602628
PRI,"Puerto Rico (US)",1993,29282.1121792431
PRI,"Puerto Rico (US)",1992,28219.1160498293
PRI,"Puerto Rico (US)",1991,27162.1507880615
PRI,"Puerto Rico (US)",1990,26738.8144405273
PRI,"Puerto Rico (US)",1989,
PRI,"Puerto Rico (US)",1988,
PRI,"Puerto Rico (US)",1987,
PRI,"Puerto Rico (US)",1986,
PRI,"Puerto Rico (US)",1985,
PRI,"Puerto Rico (US)",1984,
PRI,"Puerto Rico (US)",1983,
PRI,"Puerto Rico (US)",1982,
PRI,"Puerto Rico (US)",1981,
PRI,"Puerto Rico (US)",1980,
PRI,"Puerto Rico (US)",1979,
PRI,"Puerto Rico (US)",1978,
PRI,"Puerto Rico (US)",1977,
PRI,"Puerto Rico (US)",1976,
PRI,"Puerto Rico (US)",1975,
PRI,"Puerto Rico (US)",1974,
PRI,"Puerto Rico (US)",1973,
PRI,"Puerto Rico (US)",1972,
PRI,"Puerto Rico (US)",1971,
PRI,"Puerto Rico (US)",1970,
PRI,"Puerto Rico (US)",1969,
PRI,"Puerto Rico (US)",1968,
PRI,"Puerto Rico (US)",1967,
PRI,"Puerto Rico (US)",1966,
PRI,"Puerto Rico (US)",1965,
PRI,"Puerto Rico (US)",1964,
PRI,"Puerto Rico (US)",1963,
PRI,"Puerto Rico (US)",1962,
PRI,"Puerto Rico (US)",1961,
PRI,"Puerto Rico (US)",1960,
QAT,"Qatar",2025,110135.696297692
QAT,"Qatar",2024,111314.250355891
QAT,"Qatar",2023,116159.142564088
QAT,"Qatar",2022,114740.12361423
QAT,"Qatar",2021,116832.570294098
QAT,"Qatar",2020,103061.913422502
QAT,"Qatar",2019,113160.973779334
QAT,"Qatar",2018,114909.945485127
QAT,"Qatar",2017,115064.943662853
QAT,"Qatar",2016,120054.408736518
QAT,"Qatar",2015,123070.887876565
QAT,"Qatar",2014,128013.987050891
QAT,"Qatar",2013,138046.596315458
QAT,"Qatar",2012,147077.406092637
QAT,"Qatar",2011,149025.116325024
QAT,"Qatar",2010,132502.281828313
QAT,"Qatar",2009,114069.652335284
QAT,"Qatar",2008,114879.221727674
QAT,"Qatar",2007,115272.510003238
QAT,"Qatar",2006,121378.43895737
QAT,"Qatar",2005,113384.267001706
QAT,"Qatar",2004,112583.929924606
QAT,"Qatar",2003,98068.1232492499
QAT,"Qatar",2002,99001.4939977461
QAT,"Qatar",2001,96901.5943725606
QAT,"Qatar",2000,98028.5232918526
QAT,"Qatar",1999,95556.8522490874
QAT,"Qatar",1998,96675.8124711663
QAT,"Qatar",1997,91667.4239830935
QAT,"Qatar",1996,73369.8292439364
QAT,"Qatar",1995,72303.4779620852
QAT,"Qatar",1994,72711.0242088213
QAT,"Qatar",1993,73900.5913615776
QAT,"Qatar",1992,77267.1145459223
QAT,"Qatar",1991,71662.2042981946
QAT,"Qatar",1990,75303.560170822
QAT,"Qatar",1989,
QAT,"Qatar",1988,
QAT,"Qatar",1987,
QAT,"Qatar",1986,
QAT,"Qatar",1985,
QAT,"Qatar",1984,
QAT,"Qatar",1983,
QAT,"Qatar",1982,
QAT,"Qatar",1981,
QAT,"Qatar",1980,
QAT,"Qatar",1979,
QAT,"Qatar",1978,
QAT,"Qatar",1977,
QAT,"Qatar",1976,
QAT,"Qatar",1975,
QAT,"Qatar",1974,
QAT,"Qatar",1973,
QAT,"Qatar",1972,
QAT,"Qatar",1971,
QAT,"Qatar",1970,
QAT,"Qatar",1969,
QAT,"Qatar",1968,
QAT,"Qatar",1967,
QAT,"Qatar",1966,
QAT,"Qatar",1965,
QAT,"Qatar",1964,
QAT,"Qatar",1963,
QAT,"Qatar",1962,
QAT,"Qatar",1961,
QAT,"Qatar",1960,
ROU,"Romania",2025,40845.9843440113
ROU,"Romania",2024,40503.8323253789
ROU,"Romania",2023,40116.6891416904
ROU,"Romania",2022,39256.8260854977
ROU,"Romania",2021,37534.0002643549
ROU,"Romania",2020,35283.6060358241
ROU,"Romania",2019,36399.4746080793
ROU,"Romania",2018,34828.8958637884
ROU,"Romania",2017,32852.6355672255
ROU,"Romania",2016,30189.147723024
ROU,"Romania",2015,29181.8781722441
ROU,"Romania",2014,28156.1307843293
ROU,"Romania",2013,26941.9318849595
ROU,"Romania",2012,26767.4556487181
ROU,"Romania",2011,26150.7476231736
ROU,"Romania",2010,24902.9044891466
ROU,"Romania",2009,25761.6305517205
ROU,"Romania",2008,27039.6000864291
ROU,"Romania",2007,24328.3931332788
ROU,"Romania",2006,22354.5637860053
ROU,"Romania",2005,20570.925514681
ROU,"Romania",2004,19532.4800205184
ROU,"Romania",2003,17587.462617764
ROU,"Romania",2002,17061.6293695412
ROU,"Romania",2001,15848.3039143162
ROU,"Romania",2000,14853.6063681531
ROU,"Romania",1999,14478.0493538392
ROU,"Romania",1998,14509.9931843509
ROU,"Romania",1997,14779.9977262321
ROU,"Romania",1996,15488.557478307
ROU,"Romania",1995,14863.1855937298
ROU,"Romania",1994,13962.7738625239
ROU,"Romania",1993,13415.0188040185
ROU,"Romania",1992,13195.0418065067
ROU,"Romania",1991,14332.9706803349
ROU,"Romania",1990,16316.8446680419
ROU,"Romania",1989,
ROU,"Romania",1988,
ROU,"Romania",1987,
ROU,"Romania",1986,
ROU,"Romania",1985,
ROU,"Romania",1984,
ROU,"Romania",1983,
ROU,"Romania",1982,
ROU,"Romania",1981,
ROU,"Romania",1980,
ROU,"Romania",1979,
ROU,"Romania",1978,
ROU,"Romania",1977,
ROU,"Romania",1976,
ROU,"Romania",1975,
ROU,"Romania",1974,
ROU,"Romania",1973,
ROU,"Romania",1972,
ROU,"Romania",1971,
ROU,"Romania",1970,
ROU,"Romania",1969,
ROU,"Romania",1968,
ROU,"Romania",1967,
ROU,"Romania",1966,
ROU,"Romania",1965,
ROU,"Romania",1964,
ROU,"Romania",1963,
ROU,"Romania",1962,
ROU,"Romania",1961,
ROU,"Romania",1960,
RUS,"Russian Federation",2025,42357.98828125
RUS,"Russian Federation",2024,41891.171875
RUS,"Russian Federation",2023,39881.44921875
RUS,"Russian Federation",2022,38214.69140625
RUS,"Russian Federation",2021,38638.4296875
RUS,"Russian Federation",2020,36376.3359375
RUS,"Russian Federation",2019,37319.3203125
RUS,"Russian Federation",2018,36536.6953125
RUS,"Russian Federation",2017,35570.703125
RUS,"Russian Federation",2016,35005.4453125
RUS,"Russian Federation",2015,35037.15234375
RUS,"Russian Federation",2014,35853.24609375
RUS,"Russian Federation",2013,36260.06640625
RUS,"Russian Federation",2012,35740.69921875
RUS,"Russian Federation",2011,34444.64453125
RUS,"Russian Federation",2010,33063.5859375
RUS,"Russian Federation",2009,31654.00390625
RUS,"Russian Federation",2008,34342.2265625
RUS,"Russian Federation",2007,32630.369140625
RUS,"Russian Federation",2006,30022.671875
RUS,"Russian Federation",2005,27656.658203125
RUS,"Russian Federation",2004,25894.146484375
RUS,"Russian Federation",2003,24057.927734375
RUS,"Russian Federation",2002,22319.677734375
RUS,"Russian Federation",2001,21219.904296875
RUS,"Russian Federation",2000,20104.75
RUS,"Russian Federation",1999,18200.3203125
RUS,"Russian Federation",1998,17052.755859375
RUS,"Russian Federation",1997,17977.3515625
RUS,"Russian Federation",1996,17699.869140625
RUS,"Russian Federation",1995,18363.712890625
RUS,"Russian Federation",1994,19153.36328125
RUS,"Russian Federation",1993,21899.517578125
RUS,"Russian Federation",1992,23965.244140625
RUS,"Russian Federation",1991,28066.921875
RUS,"Russian Federation",1990,29643.595703125
RUS,"Russian Federation",1989,
RUS,"Russian Federation",1988,
RUS,"Russian Federation",1987,
RUS,"Russian Federation",1986,
RUS,"Russian Federation",1985,
RUS,"Russian Federation",1984,
RUS,"Russian Federation",1983,
RUS,"Russian Federation",1982,
RUS,"Russian Federation",1981,
RUS,"Russian Federation",1980,
RUS,"Russian Federation",1979,
RUS,"Russian Federation",1978,
RUS,"Russian Federation",1977,
RUS,"Russian Federation",1976,
RUS,"Russian Federation",1975,
RUS,"Russian Federation",1974,
RUS,"Russian Federation",1973,
RUS,"Russian Federation",1972,
RUS,"Russian Federation",1971,
RUS,"Russian Federation",1970,
RUS,"Russian Federation",1969,
RUS,"Russian Federation",1968,
RUS,"Russian Federation",1967,
RUS,"Russian Federation",1966,
RUS,"Russian Federation",1965,
RUS,"Russian Federation",1964,
RUS,"Russian Federation",1963,
RUS,"Russian Federation",1962,
RUS,"Russian Federation",1961,
RUS,"Russian Federation",1960,
RWA,"Rwanda",2025,3558.68003753808
RWA,"Rwanda",2024,3325.00769683815
RWA,"Rwanda",2023,3168.03075281515
RWA,"Rwanda",2022,2983.10774007304
RWA,"Rwanda",2021,2776.39276387923
RWA,"Rwanda",2020,2617.70706034364
RWA,"Rwanda",2019,2753.53959810856
RWA,"Rwanda",2018,2577.69730366075
RWA,"Rwanda",2017,2441.08540816509
RWA,"Rwanda",2016,2386.74841002826
RWA,"Rwanda",2015,2313.09716940962
RWA,"Rwanda",2014,2176.09492014666
RWA,"Rwanda",2013,2109.74668811567
RWA,"Rwanda",2012,2063.66474823031
RWA,"Rwanda",2011,1945.53705383878
RWA,"Rwanda",2010,1846.86326840066
RWA,"Rwanda",2009,1764.63484961094
RWA,"Rwanda",2008,1704.25449057727
RWA,"Rwanda",2007,1573.96811218011
RWA,"Rwanda",2006,1501.7646218593
RWA,"Rwanda",2005,1412.06107949967
RWA,"Rwanda",2004,1325.79557312503
RWA,"Rwanda",2003,1266.94449487196
RWA,"Rwanda",2002,1267.19396540218
RWA,"Rwanda",2001,1134.78453153468
RWA,"Rwanda",2000,1055.35042339776
RWA,"Rwanda",1999,981.722501554685
RWA,"Rwanda",1998,948.490660501395
RWA,"Rwanda",1997,907.980685925245
RWA,"Rwanda",1996,921.92827675502
RWA,"Rwanda",1995,966.810405419343
RWA,"Rwanda",1994,597.262798593604
RWA,"Rwanda",1993,1021.6713088588
RWA,"Rwanda",1992,1154.92927021895
RWA,"Rwanda",1991,1113.51791998185
RWA,"Rwanda",1990,1165.72605253503
RWA,"Rwanda",1989,
RWA,"Rwanda",1988,
RWA,"Rwanda",1987,
RWA,"Rwanda",1986,
RWA,"Rwanda",1985,
RWA,"Rwanda",1984,
RWA,"Rwanda",1983,
RWA,"Rwanda",1982,
RWA,"Rwanda",1981,
RWA,"Rwanda",1980,
RWA,"Rwanda",1979,
RWA,"Rwanda",1978,
RWA,"Rwanda",1977,
RWA,"Rwanda",1976,
RWA,"Rwanda",1975,
RWA,"Rwanda",1974,
RWA,"Rwanda",1973,
RWA,"Rwanda",1972,
RWA,"Rwanda",1971,
RWA,"Rwanda",1970,
RWA,"Rwanda",1969,
RWA,"Rwanda",1968,
RWA,"Rwanda",1967,
RWA,"Rwanda",1966,
RWA,"Rwanda",1965,
RWA,"Rwanda",1964,
RWA,"Rwanda",1963,
RWA,"Rwanda",1962,
RWA,"Rwanda",1961,
RWA,"Rwanda",1960,
WSM,"Samoa",2025,7963.42749052153
WSM,"Samoa",2024,7687.23425552485
WSM,"Samoa",2023,7384.69163688613
WSM,"Samoa",2022,6450.19151677842
WSM,"Samoa",2021,6350.92787033711
WSM,"Samoa",2020,6746.15667963109
WSM,"Samoa",2019,7034.42233036815
WSM,"Samoa",2018,6805.91709392797
WSM,"Samoa",2017,6919.90225366914
WSM,"Samoa",2016,6888.18769751001
WSM,"Samoa",2015,6433.1839621351
WSM,"Samoa",2014,6248.70534550413
WSM,"Samoa",2013,6263.12610411359
WSM,"Samoa",2012,6312.76944621145
WSM,"Samoa",2011,6617.61889509588
WSM,"Samoa",2010,6428.13508590333
WSM,"Samoa",2009,6104.90962936041
WSM,"Samoa",2008,6183.55546849942
WSM,"Samoa",2007,6014.046762066
WSM,"Samoa",2006,6018.2480546697
WSM,"Samoa",2005,5915.6475736791
WSM,"Samoa",2004,5569.06081180669
WSM,"Samoa",2003,5426.13899111084
WSM,"Samoa",2002,5184.11871218152
WSM,"Samoa",2001,4941.74832450316
WSM,"Samoa",2000,4639.18880250252
WSM,"Samoa",1999,4448.88973694004
WSM,"Samoa",1998,4387.08119898787
WSM,"Samoa",1997,4325.69239692206
WSM,"Samoa",1996,4334.06811985266
WSM,"Samoa",1995,4078.51336477469
WSM,"Samoa",1994,3854.53321958721
WSM,"Samoa",1993,3986.96465991694
WSM,"Samoa",1992,3862.38380056991
WSM,"Samoa",1991,3892.12846832793
WSM,"Samoa",1990,3991.43806561639
WSM,"Samoa",1989,
WSM,"Samoa",1988,
WSM,"Samoa",1987,
WSM,"Samoa",1986,
WSM,"Samoa",1985,
WSM,"Samoa",1984,
WSM,"Samoa",1983,
WSM,"Samoa",1982,
WSM,"Samoa",1981,
WSM,"Samoa",1980,
WSM,"Samoa",1979,
WSM,"Samoa",1978,
WSM,"Samoa",1977,
WSM,"Samoa",1976,
WSM,"Samoa",1975,
WSM,"Samoa",1974,
WSM,"Samoa",1973,
WSM,"Samoa",1972,
WSM,"Samoa",1971,
WSM,"Samoa",1970,
WSM,"Samoa",1969,
WSM,"Samoa",1968,
WSM,"Samoa",1967,
WSM,"Samoa",1966,
WSM,"Samoa",1965,
WSM,"Samoa",1964,
WSM,"Samoa",1963,
WSM,"Samoa",1962,
WSM,"Samoa",1961,
WSM,"Samoa",1960,
SMR,"San Marino",2025,
SMR,"San Marino",2024,
SMR,"San Marino",2023,70951.7919690715
SMR,"San Marino",2022,70887.5780565982
SMR,"San Marino",2021,64745.1322795901
SMR,"San Marino",2020,55998.0734625278
SMR,"San Marino",2019,60171.0506033928
SMR,"San Marino",2018,59194.04440794
SMR,"San Marino",2017,59524.5606827202
SMR,"San Marino",2016,60669.8228947966
SMR,"San Marino",2015,59647.6600146934
SMR,"San Marino",2014,58743.5863890151
SMR,"San Marino",2013,58467.9789128485
SMR,"San Marino",2012,58176.3797454761
SMR,"San Marino",2011,64214.120906595
SMR,"San Marino",2010,68669.2549485757
SMR,"San Marino",2009,73093.8341489444
SMR,"San Marino",2008,85120.2897275883
SMR,"San Marino",2007,86785.0210208274
SMR,"San Marino",2006,83781.550199101
SMR,"San Marino",2005,81632.1776324722
SMR,"San Marino",2004,80724.8114711728
SMR,"San Marino",2003,81688.3814188309
SMR,"San Marino",2002,79649.5350498753
SMR,"San Marino",2001,80420.7725451516
SMR,"San Marino",2000,77149.4185798293
SMR,"San Marino",1999,76474.1322767635
SMR,"San Marino",1998,71024.5618775074
SMR,"San Marino",1997,66923.0325833928
SMR,"San Marino",1996,
SMR,"San Marino",1995,
SMR,"San Marino",1994,
SMR,"San Marino",1993,
SMR,"San Marino",1992,
SMR,"San Marino",1991,
SMR,"San Marino",1990,
SMR,"San Marino",1989,
SMR,"San Marino",1988,
SMR,"San Marino",1987,
SMR,"San Marino",1986,
SMR,"San Marino",1985,
SMR,"San Marino",1984,
SMR,"San Marino",1983,
SMR,"San Marino",1982,
SMR,"San Marino",1981,
SMR,"San Marino",1980,
SMR,"San Marino",1979,
SMR,"San Marino",1978,
SMR,"San Marino",1977,
SMR,"San Marino",1976,
SMR,"San Marino",1975,
SMR,"San Marino",1974,
SMR,"San Marino",1973,
SMR,"San Marino",1972,
SMR,"San Marino",1971,
SMR,"San Marino",1970,
SMR,"San Marino",1969,
SMR,"San Marino",1968,
SMR,"San Marino",1967,
SMR,"San Marino",1966,
SMR,"San Marino",1965,
SMR,"San Marino",1964,
SMR,"San Marino",1963,
SMR,"San Marino",1962,
SMR,"San Marino",1961,
SMR,"San Marino",1960,
STP,"Sao Tome and Principe",2025,5459.21311766335
STP,"Sao Tome and Principe",2024,5511.87785469752
STP,"Sao Tome and Principe",2023,5541.3016760535
STP,"Sao Tome and Principe",2022,5632.13890715047
STP,"Sao Tome and Principe",2021,5732.69456061536
STP,"Sao Tome and Principe",2020,5742.94724858826
STP,"Sao Tome and Principe",2019,5702.08347071236
STP,"Sao Tome and Principe",2018,5674.72379094011
STP,"Sao Tome and Principe",2017,5521.20249597413
STP,"Sao Tome and Principe",2016,5388.5091334891
STP,"Sao Tome and Principe",2015,5210.2037755431
STP,"Sao Tome and Principe",2014,5223.09572886388
STP,"Sao Tome and Principe",2013,5072.11200195866
STP,"Sao Tome and Principe",2012,4919.55294386577
STP,"Sao Tome and Principe",2011,4876.47315792145
STP,"Sao Tome and Principe",2010,4882.04796466341
STP,"Sao Tome and Principe",2009,4919.19529822865
STP,"Sao Tome and Principe",2008,4873.1813112046
STP,"Sao Tome and Principe",2007,4698.08416961839
STP,"Sao Tome and Principe",2006,4644.18044669991
STP,"Sao Tome and Principe",2005,4371.49721644128
STP,"Sao Tome and Principe",2004,4202.56186898775
STP,"Sao Tome and Principe",2003,4161.63833167542
STP,"Sao Tome and Principe",2002,3942.76040695115
STP,"Sao Tome and Principe",2001,3907.0192818698
STP,"Sao Tome and Principe",2000,3852.89042721453
STP,"Sao Tome and Principe",1999,3878.13108525246
STP,"Sao Tome and Principe",1998,3828.99823839083
STP,"Sao Tome and Principe",1997,3784.7902343178
STP,"Sao Tome and Principe",1996,3801.08164933857
STP,"Sao Tome and Principe",1995,3802.29132302174
STP,"Sao Tome and Principe",1994,3788.48370442152
STP,"Sao Tome and Principe",1993,3771.28612416062
STP,"Sao Tome and Principe",1992,3798.88352929514
STP,"Sao Tome and Principe",1991,3844.8963771482
STP,"Sao Tome and Principe",1990,3883.20429842266
STP,"Sao Tome and Principe",1989,
STP,"Sao Tome and Principe",1988,
STP,"Sao Tome and Principe",1987,
STP,"Sao Tome and Principe",1986,
STP,"Sao Tome and Principe",1985,
STP,"Sao Tome and Principe",1984,
STP,"Sao Tome and Principe",1983,
STP,"Sao Tome and Principe",1982,
STP,"Sao Tome and Principe",1981,
STP,"Sao Tome and Principe",1980,
STP,"Sao Tome and Principe",1979,
STP,"Sao Tome and Principe",1978,
STP,"Sao Tome and Principe",1977,
STP,"Sao Tome and Principe",1976,
STP,"Sao Tome and Principe",1975,
STP,"Sao Tome and Principe",1974,
STP,"Sao Tome and Principe",1973,
STP,"Sao Tome and Principe",1972,
STP,"Sao Tome and Principe",1971,
STP,"Sao Tome and Principe",1970,
STP,"Sao Tome and Principe",1969,
STP,"Sao Tome and Principe",1968,
STP,"Sao Tome and Principe",1967,
STP,"Sao Tome and Principe",1966,
STP,"Sao Tome and Principe",1965,
STP,"Sao Tome and Principe",1964,
STP,"Sao Tome and Principe",1963,
STP,"Sao Tome and Principe",1962,
STP,"Sao Tome and Principe",1961,
STP,"Sao Tome and Principe",1960,
SAU,"Saudi Arabia",2025,63051.0467257986
SAU,"Saudi Arabia",2024,63194.4332528832
SAU,"Saudi Arabia",2023,64481.8441927288
SAU,"Saudi Arabia",2022,67178.5902274906
SAU,"Saudi Arabia",2021,62690.4966645929
SAU,"Saudi Arabia",2020,57420.7335736424
SAU,"Saudi Arabia",2019,62647.7299487842
SAU,"Saudi Arabia",2018,61359.4653740388
SAU,"Saudi Arabia",2017,57942.5484983044
SAU,"Saudi Arabia",2016,57308.4484127497
SAU,"Saudi Arabia",2015,58498.5399040699
SAU,"Saudi Arabia",2014,58872.2671400126
SAU,"Saudi Arabia",2013,57998.4644619155
SAU,"Saudi Arabia",2012,59471.7001909394
SAU,"Saudi Arabia",2011,58645.4459416531
SAU,"Saudi Arabia",2010,54911.547517012
SAU,"Saudi Arabia",2009,51760.7643987566
SAU,"Saudi Arabia",2008,54407.7081673247
SAU,"Saudi Arabia",2007,53318.4191601834
SAU,"Saudi Arabia",2006,54373.737695386
SAU,"Saudi Arabia",2005,54931.7942450845
SAU,"Saudi Arabia",2004,54196.5514152953
SAU,"Saudi Arabia",2003,52234.649280791
SAU,"Saudi Arabia",2002,50371.9783079834
SAU,"Saudi Arabia",2001,53309.111388544
SAU,"Saudi Arabia",2000,55962.2661342789
SAU,"Saudi Arabia",1999,55878.1736494426
SAU,"Saudi Arabia",1998,58306.622809723
SAU,"Saudi Arabia",1997,58875.5473738828
SAU,"Saudi Arabia",1996,59612.8125993665
SAU,"Saudi Arabia",1995,60058.3174503511
SAU,"Saudi Arabia",1994,62403.6937320122
SAU,"Saudi Arabia",1993,64517.6652891052
SAU,"Saudi Arabia",1992,67183.9100290945
SAU,"Saudi Arabia",1991,67268.5518488763
SAU,"Saudi Arabia",1990,65196.573386053
SAU,"Saudi Arabia",1989,
SAU,"Saudi Arabia",1988,
SAU,"Saudi Arabia",1987,
SAU,"Saudi Arabia",1986,
SAU,"Saudi Arabia",1985,
SAU,"Saudi Arabia",1984,
SAU,"Saudi Arabia",1983,
SAU,"Saudi Arabia",1982,
SAU,"Saudi Arabia",1981,
SAU,"Saudi Arabia",1980,
SAU,"Saudi Arabia",1979,
SAU,"Saudi Arabia",1978,
SAU,"Saudi Arabia",1977,
SAU,"Saudi Arabia",1976,
SAU,"Saudi Arabia",1975,
SAU,"Saudi Arabia",1974,
SAU,"Saudi Arabia",1973,
SAU,"Saudi Arabia",1972,
SAU,"Saudi Arabia",1971,
SAU,"Saudi Arabia",1970,
SAU,"Saudi Arabia",1969,
SAU,"Saudi Arabia",1968,
SAU,"Saudi Arabia",1967,
SAU,"Saudi Arabia",1966,
SAU,"Saudi Arabia",1965,
SAU,"Saudi Arabia",1964,
SAU,"Saudi Arabia",1963,
SAU,"Saudi Arabia",1962,
SAU,"Saudi Arabia",1961,
SAU,"Saudi Arabia",1960,
SEN,"Senegal",2025,4668.54167658726
SEN,"Senegal",2024,4477.81736836258
SEN,"Senegal",2023,4304.76148721773
SEN,"Senegal",2022,4228.73382643662
SEN,"Senegal",2021,4173.67741399617
SEN,"Senegal",2020,4018.04129279044
SEN,"Senegal",2019,4070.6122705955
SEN,"Senegal",2018,3998.28635303867
SEN,"Senegal",2017,3871.45146786374
SEN,"Senegal",2016,3710.05531591559
SEN,"Senegal",2015,3593.79477121279
SEN,"Senegal",2014,3484.01219750661
SEN,"Senegal",2013,3385.425906874
SEN,"Senegal",2012,3405.10864461668
SEN,"Senegal",2011,3362.87940538165
SEN,"Senegal",2010,3403.56707166762
SEN,"Senegal",2009,3371.46166689451
SEN,"Senegal",2008,3359.70567091144
SEN,"Senegal",2007,3316.42037835596
SEN,"Senegal",2006,3301.03152415011
SEN,"Senegal",2005,3301.82076161633
SEN,"Senegal",2004,3240.30201670643
SEN,"Senegal",2003,3170.03494689265
SEN,"Senegal",2002,3075.23157503874
SEN,"Senegal",2001,3149.33113704283
SEN,"Senegal",2000,3093.28791603382
SEN,"Senegal",1999,3050.17800999452
SEN,"Senegal",1998,2938.69162552253
SEN,"Senegal",1997,2840.60808860536
SEN,"Senegal",1996,2822.46837324556
SEN,"Senegal",1995,2835.03272875198
SEN,"Senegal",1994,2757.86087514528
SEN,"Senegal",1993,2834.02797282021
SEN,"Senegal",1992,2874.00297967023
SEN,"Senegal",1991,2917.01427785749
SEN,"Senegal",1990,2923.34412470397
SEN,"Senegal",1989,
SEN,"Senegal",1988,
SEN,"Senegal",1987,
SEN,"Senegal",1986,
SEN,"Senegal",1985,
SEN,"Senegal",1984,
SEN,"Senegal",1983,
SEN,"Senegal",1982,
SEN,"Senegal",1981,
SEN,"Senegal",1980,
SEN,"Senegal",1979,
SEN,"Senegal",1978,
SEN,"Senegal",1977,
SEN,"Senegal",1976,
SEN,"Senegal",1975,
SEN,"Senegal",1974,
SEN,"Senegal",1973,
SEN,"Senegal",1972,
SEN,"Senegal",1971,
SEN,"Senegal",1970,
SEN,"Senegal",1969,
SEN,"Senegal",1968,
SEN,"Senegal",1967,
SEN,"Senegal",1966,
SEN,"Senegal",1965,
SEN,"Senegal",1964,
SEN,"Senegal",1963,
SEN,"Senegal",1962,
SEN,"Senegal",1961,
SEN,"Senegal",1960,
SRB,"Serbia",2025,27603.3916309287
SRB,"Serbia",2024,26900.7415340646
SRB,"Serbia",2023,25735.1334774195
SRB,"Serbia",2022,24651.8478183529
SRB,"Serbia",2021,23406.3065657117
SRB,"Serbia",2020,21479.0788553347
SRB,"Serbia",2019,21541.1264037184
SRB,"Serbia",2018,20454.225884367
SRB,"Serbia",2017,19438.9917129776
SRB,"Serbia",2016,18889.3816415548
SRB,"Serbia",2015,18247.8091057968
SRB,"Serbia",2014,17922.4357685757
SRB,"Serbia",2013,18163.2047330246
SRB,"Serbia",2012,17993.8147169993
SRB,"Serbia",2011,17986.5840283539
SRB,"Serbia",2010,17841.4312599018
SRB,"Serbia",2009,17488.1227241581
SRB,"Serbia",2008,17983.2811855695
SRB,"Serbia",2007,17028.0866985832
SRB,"Serbia",2006,15727.4033683685
SRB,"Serbia",2005,15077.5586462578
SRB,"Serbia",2004,14194.3651317933
SRB,"Serbia",2003,13273.6900656327
SRB,"Serbia",2002,12661.9396115325
SRB,"Serbia",2001,11879.1763909711
SRB,"Serbia",2000,11105.9488237331
SRB,"Serbia",1999,10438.4610153954
SRB,"Serbia",1998,11598.330749239
SRB,"Serbia",1997,10965.4824117527
SRB,"Serbia",1996,10035.0139750021
SRB,"Serbia",1995,9444.75162494749
SRB,"Serbia",1994,
SRB,"Serbia",1993,
SRB,"Serbia",1992,
SRB,"Serbia",1991,
SRB,"Serbia",1990,
SRB,"Serbia",1989,
SRB,"Serbia",1988,
SRB,"Serbia",1987,
SRB,"Serbia",1986,
SRB,"Serbia",1985,
SRB,"Serbia",1984,
SRB,"Serbia",1983,
SRB,"Serbia",1982,
SRB,"Serbia",1981,
SRB,"Serbia",1980,
SRB,"Serbia",1979,
SRB,"Serbia",1978,
SRB,"Serbia",1977,
SRB,"Serbia",1976,
SRB,"Serbia",1975,
SRB,"Serbia",1974,
SRB,"Serbia",1973,
SRB,"Serbia",1972,
SRB,"Serbia",1971,
SRB,"Serbia",1970,
SRB,"Serbia",1969,
SRB,"Serbia",1968,
SRB,"Serbia",1967,
SRB,"Serbia",1966,
SRB,"Serbia",1965,
SRB,"Serbia",1964,
SRB,"Serbia",1963,
SRB,"Serbia",1962,
SRB,"Serbia",1961,
SRB,"Serbia",1960,
SYC,"Seychelles",2025,30638.7217194523
SYC,"Seychelles",2024,29288.019181519
SYC,"Seychelles",2023,28713.6672353088
SYC,"Seychelles",2022,27275.6883819803
SYC,"Seychelles",2021,29979.8272686091
SYC,"Seychelles",2020,30056.1994300968
SYC,"Seychelles",2019,34346.0708923483
SYC,"Seychelles",2018,32841.4242467381
SYC,"Seychelles",2017,31595.6680570505
SYC,"Seychelles",2016,29905.1347389952
SYC,"Seychelles",2015,27032.2083880002
SYC,"Seychelles",2014,25379.4180707013
SYC,"Seychelles",2013,24770.6514591794
SYC,"Seychelles",2012,24919.955210328
SYC,"Seychelles",2011,24406.4129764105
SYC,"Seychelles",2010,21708.7554506566
SYC,"Seychelles",2009,21361.1307875284
SYC,"Seychelles",2008,21990.3685269705
SYC,"Seychelles",2007,23117.8555224771
SYC,"Seychelles",2006,21341.8597526003
SYC,"Seychelles",2005,19917.1194534221
SYC,"Seychelles",2004,18356.4711447212
SYC,"Seychelles",2003,18825.2206936189
SYC,"Seychelles",2002,19777.7525249721
SYC,"Seychelles",2001,20147.4187656167
SYC,"Seychelles",2000,20633.6746950761
SYC,"Seychelles",1999,19969.3513746174
SYC,"Seychelles",1998,19991.2293154949
SYC,"Seychelles",1997,19895.1422188431
SYC,"Seychelles",1996,17942.1733036627
SYC,"Seychelles",1995,16552.4547815231
SYC,"Seychelles",1994,16716.5207188923
SYC,"Seychelles",1993,17596.8977617171
SYC,"Seychelles",1992,16744.5080816034
SYC,"Seychelles",1991,15695.670838946
SYC,"Seychelles",1990,15478.8475444228
SYC,"Seychelles",1989,
SYC,"Seychelles",1988,
SYC,"Seychelles",1987,
SYC,"Seychelles",1986,
SYC,"Seychelles",1985,
SYC,"Seychelles",1984,
SYC,"Seychelles",1983,
SYC,"Seychelles",1982,
SYC,"Seychelles",1981,
SYC,"Seychelles",1980,
SYC,"Seychelles",1979,
SYC,"Seychelles",1978,
SYC,"Seychelles",1977,
SYC,"Seychelles",1976,
SYC,"Seychelles",1975,
SYC,"Seychelles",1974,
SYC,"Seychelles",1973,
SYC,"Seychelles",1972,
SYC,"Seychelles",1971,
SYC,"Seychelles",1970,
SYC,"Seychelles",1969,
SYC,"Seychelles",1968,
SYC,"Seychelles",1967,
SYC,"Seychelles",1966,
SYC,"Seychelles",1965,
SYC,"Seychelles",1964,
SYC,"Seychelles",1963,
SYC,"Seychelles",1962,
SYC,"Seychelles",1961,
SYC,"Seychelles",1960,
SLE,"Sierra Leone",2025,3176.23681292996
SLE,"Sierra Leone",2024,3098.76290446676
SLE,"Sierra Leone",2023,3034.94608192505
SLE,"Sierra Leone",2022,2934.7332634039
SLE,"Sierra Leone",2021,2849.38865839009
SLE,"Sierra Leone",2020,2752.62615355663
SLE,"Sierra Leone",2019,2852.66269829967
SLE,"Sierra Leone",2018,2767.38003296688
SLE,"Sierra Leone",2017,2753.42719762222
SLE,"Sierra Leone",2016,2732.26093913215
SLE,"Sierra Leone",2015,2628.17058065746
SLE,"Sierra Leone",2014,2812.5283210882
SLE,"Sierra Leone",2013,3124.72832355066
SLE,"Sierra Leone",2012,2792.92626459232
SLE,"Sierra Leone",2011,2590.52839404167
SLE,"Sierra Leone",2010,2459.76814343236
SLE,"Sierra Leone",2009,2376.58254446039
SLE,"Sierra Leone",2008,2404.65198710572
SLE,"Sierra Leone",2007,2377.80530040404
SLE,"Sierra Leone",2006,2342.75461064658
SLE,"Sierra Leone",2005,2296.65767816581
SLE,"Sierra Leone",2004,2260.83818892177
SLE,"Sierra Leone",2003,2196.28134480717
SLE,"Sierra Leone",2002,2089.26152672652
SLE,"Sierra Leone",2001,1749.35086270429
SLE,"Sierra Leone",2000,1981.5060863596
SLE,"Sierra Leone",1999,1903.32696049411
SLE,"Sierra Leone",1998,1951.82091057926
SLE,"Sierra Leone",1997,1936.55653047839
SLE,"Sierra Leone",1996,2084.18222586052
SLE,"Sierra Leone",1995,2058.07683254999
SLE,"Sierra Leone",1994,2240.29005030091
SLE,"Sierra Leone",1993,2293.56353968674
SLE,"Sierra Leone",1992,2257.44939799545
SLE,"Sierra Leone",1991,2734.96862464111
SLE,"Sierra Leone",1990,2703.59918629871
SLE,"Sierra Leone",1989,
SLE,"Sierra Leone",1988,
SLE,"Sierra Leone",1987,
SLE,"Sierra Leone",1986,
SLE,"Sierra Leone",1985,
SLE,"Sierra Leone",1984,
SLE,"Sierra Leone",1983,
SLE,"Sierra Leone",1982,
SLE,"Sierra Leone",1981,
SLE,"Sierra Leone",1980,
SLE,"Sierra Leone",1979,
SLE,"Sierra Leone",1978,
SLE,"Sierra Leone",1977,
SLE,"Sierra Leone",1976,
SLE,"Sierra Leone",1975,
SLE,"Sierra Leone",1974,
SLE,"Sierra Leone",1973,
SLE,"Sierra Leone",1972,
SLE,"Sierra Leone",1971,
SLE,"Sierra Leone",1970,
SLE,"Sierra Leone",1969,
SLE,"Sierra Leone",1968,
SLE,"Sierra Leone",1967,
SLE,"Sierra Leone",1966,
SLE,"Sierra Leone",1965,
SLE,"Sierra Leone",1964,
SLE,"Sierra Leone",1963,
SLE,"Sierra Leone",1962,
SLE,"Sierra Leone",1961,
SLE,"Sierra Leone",1960,
SGP,"Singapore",2025,139592.612210761
SGP,"Singapore",2024,134548.764138482
SGP,"Singapore",2023,130296.843789261
SGP,"Singapore",2022,134828.001392614
SGP,"Singapore",2021,133990.186782104
SGP,"Singapore",2020,116684.213596572
SGP,"Singapore",2019,120678.341978557
SGP,"Singapore",2018,120668.888726158
SGP,"Singapore",2017,117492.967994526
SGP,"Singapore",2016,112719.947951111
SGP,"Singapore",2015,109894.041337341
SGP,"Singapore",2014,107990.891202625
SGP,"Singapore",2013,105259.693561054
SGP,"Singapore",2012,102061.11936105
SGP,"Singapore",2011,100153.729405945
SGP,"Singapore",2010,96280.0168756448
SGP,"Singapore",2009,85575.755106675
SGP,"Singapore",2008,88083.2853664583
SGP,"Singapore",2007,91198.1515708456
SGP,"Singapore",2006,87210.0480467646
SGP,"Singapore",2005,82547.482835778
SGP,"Singapore",2004,78712.5347297388
SGP,"Singapore",2003,72497.86860121
SGP,"Singapore",2002,68328.932172058
SGP,"Singapore",2001,66352.1492865891
SGP,"Singapore",2000,68904.1280154511
SGP,"Singapore",1999,64296.6384874384
SGP,"Singapore",1998,61306.7734542676
SGP,"Singapore",1997,64846.0629277791
SGP,"Singapore",1996,61911.5030358083
SGP,"Singapore",1995,59997.0074442828
SGP,"Singapore",1994,57706.871164823
SGP,"Singapore",1993,53598.4639619519
SGP,"Singapore",1992,49319.8192699525
SGP,"Singapore",1991,47659.4966886953
SGP,"Singapore",1990,45961.0598271094
SGP,"Singapore",1989,
SGP,"Singapore",1988,
SGP,"Singapore",1987,
SGP,"Singapore",1986,
SGP,"Singapore",1985,
SGP,"Singapore",1984,
SGP,"Singapore",1983,
SGP,"Singapore",1982,
SGP,"Singapore",1981,
SGP,"Singapore",1980,
SGP,"Singapore",1979,
SGP,"Singapore",1978,
SGP,"Singapore",1977,
SGP,"Singapore",1976,
SGP,"Singapore",1975,
SGP,"Singapore",1974,
SGP,"Singapore",1973,
SGP,"Singapore",1972,
SGP,"Singapore",1971,
SGP,"Singapore",1970,
SGP,"Singapore",1969,
SGP,"Singapore",1968,
SGP,"Singapore",1967,
SGP,"Singapore",1966,
SGP,"Singapore",1965,
SGP,"Singapore",1964,
SGP,"Singapore",1963,
SGP,"Singapore",1962,
SGP,"Singapore",1961,
SGP,"Singapore",1960,
SXM,"Sint Maarten (Dutch part)",2025,48273.4254596158
SXM,"Sint Maarten (Dutch part)",2024,47303.1946453277
SXM,"Sint Maarten (Dutch part)",2023,46571.08813424
SXM,"Sint Maarten (Dutch part)",2022,45515.6528430026
SXM,"Sint Maarten (Dutch part)",2021,40507.0672411717
SXM,"Sint Maarten (Dutch part)",2020,39265.7616790568
SXM,"Sint Maarten (Dutch part)",2019,45996.7912346922
SXM,"Sint Maarten (Dutch part)",2018,42154.1020267504
SXM,"Sint Maarten (Dutch part)",2017,46088.3583839152
SXM,"Sint Maarten (Dutch part)",2016,50817.6814942681
SXM,"Sint Maarten (Dutch part)",2015,51375.6032503737
SXM,"Sint Maarten (Dutch part)",2014,52439.4736756048
SXM,"Sint Maarten (Dutch part)",2013,52801.4031054792
SXM,"Sint Maarten (Dutch part)",2012,53357.003462797
SXM,"Sint Maarten (Dutch part)",2011,53786.2462000327
SXM,"Sint Maarten (Dutch part)",2010,52140.59965779
SXM,"Sint Maarten (Dutch part)",2009,50980.9400838983
SXM,"Sint Maarten (Dutch part)",2008,
SXM,"Sint Maarten (Dutch part)",2007,
SXM,"Sint Maarten (Dutch part)",2006,
SXM,"Sint Maarten (Dutch part)",2005,
SXM,"Sint Maarten (Dutch part)",2004,
SXM,"Sint Maarten (Dutch part)",2003,
SXM,"Sint Maarten (Dutch part)",2002,
SXM,"Sint Maarten (Dutch part)",2001,
SXM,"Sint Maarten (Dutch part)",2000,
SXM,"Sint Maarten (Dutch part)",1999,
SXM,"Sint Maarten (Dutch part)",1998,
SXM,"Sint Maarten (Dutch part)",1997,
SXM,"Sint Maarten (Dutch part)",1996,
SXM,"Sint Maarten (Dutch part)",1995,
SXM,"Sint Maarten (Dutch part)",1994,
SXM,"Sint Maarten (Dutch part)",1993,
SXM,"Sint Maarten (Dutch part)",1992,
SXM,"Sint Maarten (Dutch part)",1991,
SXM,"Sint Maarten (Dutch part)",1990,
SXM,"Sint Maarten (Dutch part)",1989,
SXM,"Sint Maarten (Dutch part)",1988,
SXM,"Sint Maarten (Dutch part)",1987,
SXM,"Sint Maarten (Dutch part)",1986,
SXM,"Sint Maarten (Dutch part)",1985,
SXM,"Sint Maarten (Dutch part)",1984,
SXM,"Sint Maarten (Dutch part)",1983,
SXM,"Sint Maarten (Dutch part)",1982,
SXM,"Sint Maarten (Dutch part)",1981,
SXM,"Sint Maarten (Dutch part)",1980,
SXM,"Sint Maarten (Dutch part)",1979,
SXM,"Sint Maarten (Dutch part)",1978,
SXM,"Sint Maarten (Dutch part)",1977,
SXM,"Sint Maarten (Dutch part)",1976,
SXM,"Sint Maarten (Dutch part)",1975,
SXM,"Sint Maarten (Dutch part)",1974,
SXM,"Sint Maarten (Dutch part)",1973,
SXM,"Sint Maarten (Dutch part)",1972,
SXM,"Sint Maarten (Dutch part)",1971,
SXM,"Sint Maarten (Dutch part)",1970,
SXM,"Sint Maarten (Dutch part)",1969,
SXM,"Sint Maarten (Dutch part)",1968,
SXM,"Sint Maarten (Dutch part)",1967,
SXM,"Sint Maarten (Dutch part)",1966,
SXM,"Sint Maarten (Dutch part)",1965,
SXM,"Sint Maarten (Dutch part)",1964,
SXM,"Sint Maarten (Dutch part)",1963,
SXM,"Sint Maarten (Dutch part)",1962,
SXM,"Sint Maarten (Dutch part)",1961,
SXM,"Sint Maarten (Dutch part)",1960,
SVK,"Slovak Republic",2025,40689.8179557427
SVK,"Slovak Republic",2024,40302.4514288424
SVK,"Slovak Republic",2023,39501.9474231962
SVK,"Slovak Republic",2022,38648.9855746919
SVK,"Slovak Republic",2021,38330.302743447
SVK,"Slovak Republic",2020,36201.4863805533
SVK,"Slovak Republic",2019,37194.2104548698
SVK,"Slovak Republic",2018,36415.7920529507
SVK,"Slovak Republic",2017,35042.7858925618
SVK,"Slovak Republic",2016,34116.4502039273
SVK,"Slovak Republic",2015,33507.7913603774
SVK,"Slovak Republic",2014,31888.805351531
SVK,"Slovak Republic",2013,31078.1848215695
SVK,"Slovak Republic",2012,30894.3118010926
SVK,"Slovak Republic",2011,30468.8257049455
SVK,"Slovak Republic",2010,29745.9196662166
SVK,"Slovak Republic",2009,27880.4111227638
SVK,"Slovak Republic",2008,29544.090596762
SVK,"Slovak Republic",2007,28064.2457264668
SVK,"Slovak Republic",2006,25331.8740217421
SVK,"Slovak Republic",2005,23257.1758521642
SVK,"Slovak Republic",2004,21842.9563752621
SVK,"Slovak Republic",2003,20721.7128107535
SVK,"Slovak Republic",2002,19748.9318737056
SVK,"Slovak Republic",2001,18906.6014279038
SVK,"Slovak Republic",2000,18335.6834506937
SVK,"Slovak Republic",1999,18167.4957173327
SVK,"Slovak Republic",1998,18272.5224455534
SVK,"Slovak Republic",1997,17622.7797477898
SVK,"Slovak Republic",1996,16737.1722199043
SVK,"Slovak Republic",1995,15805.4133298742
SVK,"Slovak Republic",1994,14976.5773554129
SVK,"Slovak Republic",1993,14157.1814374204
SVK,"Slovak Republic",1992,13946.1630793919
SVK,"Slovak Republic",1991,14955.954207806
SVK,"Slovak Republic",1990,17521.025057579
SVK,"Slovak Republic",1989,
SVK,"Slovak Republic",1988,
SVK,"Slovak Republic",1987,
SVK,"Slovak Republic",1986,
SVK,"Slovak Republic",1985,
SVK,"Slovak Republic",1984,
SVK,"Slovak Republic",1983,
SVK,"Slovak Republic",1982,
SVK,"Slovak Republic",1981,
SVK,"Slovak Republic",1980,
SVK,"Slovak Republic",1979,
SVK,"Slovak Republic",1978,
SVK,"Slovak Republic",1977,
SVK,"Slovak Republic",1976,
SVK,"Slovak Republic",1975,
SVK,"Slovak Republic",1974,
SVK,"Slovak Republic",1973,
SVK,"Slovak Republic",1972,
SVK,"Slovak Republic",1971,
SVK,"Slovak Republic",1970,
SVK,"Slovak Republic",1969,
SVK,"Slovak Republic",1968,
SVK,"Slovak Republic",1967,
SVK,"Slovak Republic",1966,
SVK,"Slovak Republic",1965,
SVK,"Slovak Republic",1964,
SVK,"Slovak Republic",1963,
SVK,"Slovak Republic",1962,
SVK,"Slovak Republic",1961,
SVK,"Slovak Republic",1960,
SVN,"Slovenia",2025,49091.0184405902
SVN,"Slovenia",2024,48658.0265180267
SVN,"Slovenia",2023,47986.4195855821
SVN,"Slovenia",2022,47058.8865960028
SVN,"Slovenia",2021,45922.6632600134
SVN,"Slovenia",2020,42471.5228031277
SVN,"Slovenia",2019,44577.9418583069
SVN,"Slovenia",2018,43369.221946981
SVN,"Slovenia",2017,41700.651085028
SVN,"Slovenia",2016,39674.8931561968
SVN,"Slovenia",2015,38534.6437425951
SVN,"Slovenia",2014,37662.2559898098
SVN,"Slovenia",2013,36685.7496645094
SVN,"Slovenia",2012,37040.7082746106
SVN,"Slovenia",2011,38233.2905622851
SVN,"Slovenia",2010,38063.314683572
SVN,"Slovenia",2009,37809.1735513927
SVN,"Slovenia",2008,41286.3462491223
SVN,"Slovenia",2007,40002.7018991991
SVN,"Slovenia",2006,37546.4956078863
SVN,"Slovenia",2005,35565.0427189638
SVN,"Slovenia",2004,34304.5565023331
SVN,"Slovenia",2003,32833.9045969454
SVN,"Slovenia",2002,31836.5215656188
SVN,"Slovenia",2001,30862.8959874504
SVN,"Slovenia",2000,30061.2061910089
SVN,"Slovenia",1999,29131.350613532
SVN,"Slovenia",1998,27693.2827424197
SVN,"Slovenia",1997,26811.4873226649
SVN,"Slovenia",1996,25458.8966701239
SVN,"Slovenia",1995,24722.6569167591
SVN,"Slovenia",1994,23752.4377245413
SVN,"Slovenia",1993,22524.9591876226
SVN,"Slovenia",1992,21850.057102159
SVN,"Slovenia",1991,23078.9929501783
SVN,"Slovenia",1990,25349.79771871
SVN,"Slovenia",1989,
SVN,"Slovenia",1988,
SVN,"Slovenia",1987,
SVN,"Slovenia",1986,
SVN,"Slovenia",1985,
SVN,"Slovenia",1984,
SVN,"Slovenia",1983,
SVN,"Slovenia",1982,
SVN,"Slovenia",1981,
SVN,"Slovenia",1980,
SVN,"Slovenia",1979,
SVN,"Slovenia",1978,
SVN,"Slovenia",1977,
SVN,"Slovenia",1976,
SVN,"Slovenia",1975,
SVN,"Slovenia",1974,
SVN,"Slovenia",1973,
SVN,"Slovenia",1972,
SVN,"Slovenia",1971,
SVN,"Slovenia",1970,
SVN,"Slovenia",1969,
SVN,"Slovenia",1968,
SVN,"Slovenia",1967,
SVN,"Slovenia",1966,
SVN,"Slovenia",1965,
SVN,"Slovenia",1964,
SVN,"Slovenia",1963,
SVN,"Slovenia",1962,
SVN,"Slovenia",1961,
SVN,"Slovenia",1960,
SLB,"Solomon Islands",2025,2382.1314520674
SLB,"Solomon Islands",2024,2353.54960111186
SLB,"Solomon Islands",2023,2339.87469992347
SLB,"Solomon Islands",2022,2330.40164523401
SLB,"Solomon Islands",2021,2450.18399709553
SLB,"Solomon Islands",2020,2515.46369413305
SLB,"Solomon Islands",2019,2661.95770893588
SLB,"Solomon Islands",2018,2686.46317027984
SLB,"Solomon Islands",2017,2704.00988015555
SLB,"Solomon Islands",2016,2715.58152252659
SLB,"Solomon Islands",2015,2665.06620679799
SLB,"Solomon Islands",2014,2716.77005403122
SLB,"Solomon Islands",2013,2783.94856666363
SLB,"Solomon Islands",2012,2743.8100151451
SLB,"Solomon Islands",2011,2777.83439007893
SLB,"Solomon Islands",2010,2682.62900140516
SLB,"Solomon Islands",2009,2515.21324036507
SLB,"Solomon Islands",2008,2490.10207495758
SLB,"Solomon Islands",2007,2384.62333040945
SLB,"Solomon Islands",2006,2340.95143662493
SLB,"Solomon Islands",2005,2287.56668822715
SLB,"Solomon Islands",2004,2168.78371648018
SLB,"Solomon Islands",2003,2050.57140389822
SLB,"Solomon Islands",2002,1960.67504793326
SLB,"Solomon Islands",2001,2055.53771375159
SLB,"Solomon Islands",2000,2277.11363831224
SLB,"Solomon Islands",1999,2717.8753397965
SLB,"Solomon Islands",1998,2805.62563248922
SLB,"Solomon Islands",1997,2848.68465606706
SLB,"Solomon Islands",1996,2958.19818046832
SLB,"Solomon Islands",1995,2996.65555261122
SLB,"Solomon Islands",1994,2802.59157122531
SLB,"Solomon Islands",1993,2670.0180332596
SLB,"Solomon Islands",1992,2644.83937124875
SLB,"Solomon Islands",1991,2418.67567698408
SLB,"Solomon Islands",1990,2352.7006203652
SLB,"Solomon Islands",1989,
SLB,"Solomon Islands",1988,
SLB,"Solomon Islands",1987,
SLB,"Solomon Islands",1986,
SLB,"Solomon Islands",1985,
SLB,"Solomon Islands",1984,
SLB,"Solomon Islands",1983,
SLB,"Solomon Islands",1982,
SLB,"Solomon Islands",1981,
SLB,"Solomon Islands",1980,
SLB,"Solomon Islands",1979,
SLB,"Solomon Islands",1978,
SLB,"Solomon Islands",1977,
SLB,"Solomon Islands",1976,
SLB,"Solomon Islands",1975,
SLB,"Solomon Islands",1974,
SLB,"Solomon Islands",1973,
SLB,"Solomon Islands",1972,
SLB,"Solomon Islands",1971,
SLB,"Solomon Islands",1970,
SLB,"Solomon Islands",1969,
SLB,"Solomon Islands",1968,
SLB,"Solomon Islands",1967,
SLB,"Solomon Islands",1966,
SLB,"Solomon Islands",1965,
SLB,"Solomon Islands",1964,
SLB,"Solomon Islands",1963,
SLB,"Solomon Islands",1962,
SLB,"Solomon Islands",1961,
SLB,"Solomon Islands",1960,
SOM,"Somalia, Fed. Rep.",2025,1403.81389064466
SOM,"Somalia, Fed. Rep.",2024,1409.33492233283
SOM,"Somalia, Fed. Rep.",2023,1401.64735228455
SOM,"Somalia, Fed. Rep.",2022,1387.54753732191
SOM,"Somalia, Fed. Rep.",2021,1392.31782053371
SOM,"Somalia, Fed. Rep.",2020,1396.05544674978
SOM,"Somalia, Fed. Rep.",2019,1491.29493918405
SOM,"Somalia, Fed. Rep.",2018,1504.97908203481
SOM,"Somalia, Fed. Rep.",2017,1527.66029071648
SOM,"Somalia, Fed. Rep.",2016,1384.15517410124
SOM,"Somalia, Fed. Rep.",2015,1343.92517439594
SOM,"Somalia, Fed. Rep.",2014,1259.27432882605
SOM,"Somalia, Fed. Rep.",2013,1197.72166459722
SOM,"Somalia, Fed. Rep.",2012,1114.8041489283
SOM,"Somalia, Fed. Rep.",2011,1054.36214979093
SOM,"Somalia, Fed. Rep.",2010,995.225555512017
SOM,"Somalia, Fed. Rep.",2009,956.220325392593
SOM,"Somalia, Fed. Rep.",2008,919.132083453107
SOM,"Somalia, Fed. Rep.",2007,887.369352235607
SOM,"Somalia, Fed. Rep.",2006,857.993655902122
SOM,"Somalia, Fed. Rep.",2005,830.807245939502
SOM,"Somalia, Fed. Rep.",2004,803.059780580226
SOM,"Somalia, Fed. Rep.",2003,777.884552733128
SOM,"Somalia, Fed. Rep.",2002,749.913550912524
SOM,"Somalia, Fed. Rep.",2001,723.37973295059
SOM,"Somalia, Fed. Rep.",2000,702.850071117661
SOM,"Somalia, Fed. Rep.",1999,682.979123343615
SOM,"Somalia, Fed. Rep.",1998,662.674857185983
SOM,"Somalia, Fed. Rep.",1997,648.017163550687
SOM,"Somalia, Fed. Rep.",1996,663.3511315489
SOM,"Somalia, Fed. Rep.",1995,636.662071308104
SOM,"Somalia, Fed. Rep.",1994,634.727734129305
SOM,"Somalia, Fed. Rep.",1993,812.557291159654
SOM,"Somalia, Fed. Rep.",1992,803.787078571081
SOM,"Somalia, Fed. Rep.",1991,837.267022794963
SOM,"Somalia, Fed. Rep.",1990,
SOM,"Somalia, Fed. Rep.",1989,
SOM,"Somalia, Fed. Rep.",1988,
SOM,"Somalia, Fed. Rep.",1987,
SOM,"Somalia, Fed. Rep.",1986,
SOM,"Somalia, Fed. Rep.",1985,
SOM,"Somalia, Fed. Rep.",1984,
SOM,"Somalia, Fed. Rep.",1983,
SOM,"Somalia, Fed. Rep.",1982,
SOM,"Somalia, Fed. Rep.",1981,
SOM,"Somalia, Fed. Rep.",1980,
SOM,"Somalia, Fed. Rep.",1979,
SOM,"Somalia, Fed. Rep.",1978,
SOM,"Somalia, Fed. Rep.",1977,
SOM,"Somalia, Fed. Rep.",1976,
SOM,"Somalia, Fed. Rep.",1975,
SOM,"Somalia, Fed. Rep.",1974,
SOM,"Somalia, Fed. Rep.",1973,
SOM,"Somalia, Fed. Rep.",1972,
SOM,"Somalia, Fed. Rep.",1971,
SOM,"Somalia, Fed. Rep.",1970,
SOM,"Somalia, Fed. Rep.",1969,
SOM,"Somalia, Fed. Rep.",1968,
SOM,"Somalia, Fed. Rep.",1967,
SOM,"Somalia, Fed. Rep.",1966,
SOM,"Somalia, Fed. Rep.",1965,
SOM,"Somalia, Fed. Rep.",1964,
SOM,"Somalia, Fed. Rep.",1963,
SOM,"Somalia, Fed. Rep.",1962,
SOM,"Somalia, Fed. Rep.",1961,
SOM,"Somalia, Fed. Rep.",1960,
ZAF,"South Africa",2025,13592.0484020929
ZAF,"South Africa",2024,13597.6538495998
ZAF,"South Africa",2023,13695.3755694076
ZAF,"South Africa",2022,13767.4967589936
ZAF,"South Africa",2021,13681.9548144813
ZAF,"South Africa",2020,13250.5666594456
ZAF,"South Africa",2019,14352.6698709871
ZAF,"South Africa",2018,14553.5615668957
ZAF,"South Africa",2017,14573.5980840004
ZAF,"South Africa",2016,14501.2807823402
ZAF,"South Africa",2015,14541.6748613669
ZAF,"South Africa",2014,14643.3384782936
ZAF,"South Africa",2013,14681.096638957
ZAF,"South Africa",2012,14563.7624041032
ZAF,"South Africa",2011,14434.2611456048
ZAF,"South Africa",2010,14164.9958363115
ZAF,"South Africa",2009,13910.7017093394
ZAF,"South Africa",2008,14297.6887802632
ZAF,"South Africa",2007,14016.2444716386
ZAF,"South Africa",2006,13444.2332126058
ZAF,"South Africa",2005,12861.5633089114
ZAF,"South Africa",2004,12341.2102655828
ZAF,"South Africa",2003,11923.1211013633
ZAF,"South Africa",2002,11697.5657261687
ZAF,"South Africa",2001,11387.492366782
ZAF,"South Africa",2000,11183.825503143
ZAF,"South Africa",1999,10831.6589617949
ZAF,"South Africa",1998,10693.6882326622
ZAF,"South Africa",1997,10770.2779624828
ZAF,"South Africa",1996,10623.8603593151
ZAF,"South Africa",1995,10318.8385984353
ZAF,"South Africa",1994,10130.8058233004
ZAF,"South Africa",1993,9976.96506458374
ZAF,"South Africa",1992,10053.6101212292
ZAF,"South Africa",1991,10459.3559818564
ZAF,"South Africa",1990,10811.1515328296
ZAF,"South Africa",1989,
ZAF,"South Africa",1988,
ZAF,"South Africa",1987,
ZAF,"South Africa",1986,
ZAF,"South Africa",1985,
ZAF,"South Africa",1984,
ZAF,"South Africa",1983,
ZAF,"South Africa",1982,
ZAF,"South Africa",1981,
ZAF,"South Africa",1980,
ZAF,"South Africa",1979,
ZAF,"South Africa",1978,
ZAF,"South Africa",1977,
ZAF,"South Africa",1976,
ZAF,"South Africa",1975,
ZAF,"South Africa",1974,
ZAF,"South Africa",1973,
ZAF,"South Africa",1972,
ZAF,"South Africa",1971,
ZAF,"South Africa",1970,
ZAF,"South Africa",1969,
ZAF,"South Africa",1968,
ZAF,"South Africa",1967,
ZAF,"South Africa",1966,
ZAF,"South Africa",1965,
ZAF,"South Africa",1964,
ZAF,"South Africa",1963,
ZAF,"South Africa",1962,
ZAF,"South Africa",1961,
ZAF,"South Africa",1960,
SSD,"South Sudan",2025,
SSD,"South Sudan",2024,
SSD,"South Sudan",2023,
SSD,"South Sudan",2022,
SSD,"South Sudan",2021,
SSD,"South Sudan",2020,
SSD,"South Sudan",2019,
SSD,"South Sudan",2018,
SSD,"South Sudan",2017,
SSD,"South Sudan",2016,
SSD,"South Sudan",2015,
SSD,"South Sudan",2014,
SSD,"South Sudan",2013,
SSD,"South Sudan",2012,
SSD,"South Sudan",2011,
SSD,"South Sudan",2010,
SSD,"South Sudan",2009,
SSD,"South Sudan",2008,
SSD,"South Sudan",2007,
SSD,"South Sudan",2006,
SSD,"South Sudan",2005,
SSD,"South Sudan",2004,
SSD,"South Sudan",2003,
SSD,"South Sudan",2002,
SSD,"South Sudan",2001,
SSD,"South Sudan",2000,
SSD,"South Sudan",1999,
SSD,"South Sudan",1998,
SSD,"South Sudan",1997,
SSD,"South Sudan",1996,
SSD,"South Sudan",1995,
SSD,"South Sudan",1994,
SSD,"South Sudan",1993,
SSD,"South Sudan",1992,
SSD,"South Sudan",1991,
SSD,"South Sudan",1990,
SSD,"South Sudan",1989,
SSD,"South Sudan",1988,
SSD,"South Sudan",1987,
SSD,"South Sudan",1986,
SSD,"South Sudan",1985,
SSD,"South Sudan",1984,
SSD,"South Sudan",1983,
SSD,"South Sudan",1982,
SSD,"South Sudan",1981,
SSD,"South Sudan",1980,
SSD,"South Sudan",1979,
SSD,"South Sudan",1978,
SSD,"South Sudan",1977,
SSD,"South Sudan",1976,
SSD,"South Sudan",1975,
SSD,"South Sudan",1974,
SSD,"South Sudan",1973,
SSD,"South Sudan",1972,
SSD,"South Sudan",1971,
SSD,"South Sudan",1970,
SSD,"South Sudan",1969,
SSD,"South Sudan",1968,
SSD,"South Sudan",1967,
SSD,"South Sudan",1966,
SSD,"South Sudan",1965,
SSD,"South Sudan",1964,
SSD,"South Sudan",1963,
SSD,"South Sudan",1962,
SSD,"South Sudan",1961,
SSD,"South Sudan",1960,
ESP,"Spain",2025,49318.105559037
ESP,"Spain",2024,48460.2914069661
ESP,"Spain",2023,47322.5937004504
ESP,"Spain",2022,46733.4809780536
ESP,"Spain",2021,44251.6658222621
ESP,"Spain",2020,41553.4477945675
ESP,"Spain",2019,46896.4171141424
ESP,"Spain",2018,46325.2099441141
ESP,"Spain",2017,45446.2508575695
ESP,"Spain",2016,44274.6676149922
ESP,"Spain",2015,43053.761430314
ESP,"Spain",2014,41339.4111169417
ESP,"Spain",2013,40594.914008768
ESP,"Spain",2012,41034.0481566356
ESP,"Spain",2011,42271.8346788238
ESP,"Spain",2010,42695.5274189933
ESP,"Spain",2009,42852.220888454
ESP,"Spain",2008,44926.348951812
ESP,"Spain",2007,45301.2843416374
ESP,"Spain",2006,44572.6815459931
ESP,"Spain",2005,43570.7652574033
ESP,"Spain",2004,42793.3902326006
ESP,"Spain",2003,42223.130174522
ESP,"Spain",2002,41766.0378188791
ESP,"Spain",2001,41224.2924057393
ESP,"Spain",2000,39945.8971298178
ESP,"Spain",1999,38141.316878689
ESP,"Spain",1998,36679.0942334698
ESP,"Spain",1997,35312.0862854389
ESP,"Spain",1996,34232.3786868602
ESP,"Spain",1995,33501.7314182929
ESP,"Spain",1994,32746.9287826598
ESP,"Spain",1993,32137.3138437727
ESP,"Spain",1992,32641.082719936
ESP,"Spain",1991,32499.3481371902
ESP,"Spain",1990,31773.2267420042
ESP,"Spain",1989,
ESP,"Spain",1988,
ESP,"Spain",1987,
ESP,"Spain",1986,
ESP,"Spain",1985,
ESP,"Spain",1984,
ESP,"Spain",1983,
ESP,"Spain",1982,
ESP,"Spain",1981,
ESP,"Spain",1980,
ESP,"Spain",1979,
ESP,"Spain",1978,
ESP,"Spain",1977,
ESP,"Spain",1976,
ESP,"Spain",1975,
ESP,"Spain",1974,
ESP,"Spain",1973,
ESP,"Spain",1972,
ESP,"Spain",1971,
ESP,"Spain",1970,
ESP,"Spain",1969,
ESP,"Spain",1968,
ESP,"Spain",1967,
ESP,"Spain",1966,
ESP,"Spain",1965,
ESP,"Spain",1964,
ESP,"Spain",1963,
ESP,"Spain",1962,
ESP,"Spain",1961,
ESP,"Spain",1960,
LKA,"Sri Lanka",2025,14582.7603740374
LKA,"Sri Lanka",2024,13793.0669827677
LKA,"Sri Lanka",2023,13065.0698305722
LKA,"Sri Lanka",2022,13249.0650505201
LKA,"Sri Lanka",2021,14316.1352225567
LKA,"Sri Lanka",2020,13886.6513728689
LKA,"Sri Lanka",2019,14637.4442912676
LKA,"Sri Lanka",2018,14759.8248945226
LKA,"Sri Lanka",2017,14572.4858214616
LKA,"Sri Lanka",2016,13845.6146782218
LKA,"Sri Lanka",2015,13329.779343882
LKA,"Sri Lanka",2014,12909.9663068113
LKA,"Sri Lanka",2013,12249.7223347846
LKA,"Sri Lanka",2012,11447.6937737782
LKA,"Sri Lanka",2011,10618.4925999722
LKA,"Sri Lanka",2010,9832.18622335265
LKA,"Sri Lanka",2009,9156.31906481264
LKA,"Sri Lanka",2008,8897.82686005016
LKA,"Sri Lanka",2007,8454.20675331505
LKA,"Sri Lanka",2006,7970.6649101939
LKA,"Sri Lanka",2005,7452.7423412297
LKA,"Sri Lanka",2004,7059.91098067102
LKA,"Sri Lanka",2003,6741.01248848024
LKA,"Sri Lanka",2002,6409.86278892115
LKA,"Sri Lanka",2001,6230.03051863559
LKA,"Sri Lanka",2000,6428.61341889128
LKA,"Sri Lanka",1999,6176.23548454667
LKA,"Sri Lanka",1998,6032.62212629246
LKA,"Sri Lanka",1997,5871.72297556048
LKA,"Sri Lanka",1996,5624.02393649431
LKA,"Sri Lanka",1995,5523.31225392817
LKA,"Sri Lanka",1994,5322.72963126043
LKA,"Sri Lanka",1993,5114.43630395889
LKA,"Sri Lanka",1992,4866.23941152126
LKA,"Sri Lanka",1991,4735.81940022694
LKA,"Sri Lanka",1990,4561.57913260491
LKA,"Sri Lanka",1989,
LKA,"Sri Lanka",1988,
LKA,"Sri Lanka",1987,
LKA,"Sri Lanka",1986,
LKA,"Sri Lanka",1985,
LKA,"Sri Lanka",1984,
LKA,"Sri Lanka",1983,
LKA,"Sri Lanka",1982,
LKA,"Sri Lanka",1981,
LKA,"Sri Lanka",1980,
LKA,"Sri Lanka",1979,
LKA,"Sri Lanka",1978,
LKA,"Sri Lanka",1977,
LKA,"Sri Lanka",1976,
LKA,"Sri Lanka",1975,
LKA,"Sri Lanka",1974,
LKA,"Sri Lanka",1973,
LKA,"Sri Lanka",1972,
LKA,"Sri Lanka",1971,
LKA,"Sri Lanka",1970,
LKA,"Sri Lanka",1969,
LKA,"Sri Lanka",1968,
LKA,"Sri Lanka",1967,
LKA,"Sri Lanka",1966,
LKA,"Sri Lanka",1965,
LKA,"Sri Lanka",1964,
LKA,"Sri Lanka",1963,
LKA,"Sri Lanka",1962,
LKA,"Sri Lanka",1961,
LKA,"Sri Lanka",1960,
KNA,"St. Kitts and Nevis",2025,31427.6630825717
KNA,"St. Kitts and Nevis",2024,30656.4410109367
KNA,"St. Kitts and Nevis",2023,30616.577281386
KNA,"St. Kitts and Nevis",2022,29749.8700864823
KNA,"St. Kitts and Nevis",2021,26896.6177065978
KNA,"St. Kitts and Nevis",2020,26736.9283563771
KNA,"St. Kitts and Nevis",2019,31512.1943105684
KNA,"St. Kitts and Nevis",2018,30576.2486749244
KNA,"St. Kitts and Nevis",2017,29948.9200065682
KNA,"St. Kitts and Nevis",2016,29867.0265589791
KNA,"St. Kitts and Nevis",2015,28729.566447667
KNA,"St. Kitts and Nevis",2014,28530.3072249013
KNA,"St. Kitts and Nevis",2013,26532.1016561725
KNA,"St. Kitts and Nevis",2012,25114.0572603244
KNA,"St. Kitts and Nevis",2011,25380.0087348215
KNA,"St. Kitts and Nevis",2010,24997.5672513428
KNA,"St. Kitts and Nevis",2009,24973.8045286303
KNA,"St. Kitts and Nevis",2008,25898.7823620981
KNA,"St. Kitts and Nevis",2007,23330.0442404195
KNA,"St. Kitts and Nevis",2006,23258.9842253211
KNA,"St. Kitts and Nevis",2005,22612.7126559455
KNA,"St. Kitts and Nevis",2004,20661.3458642993
KNA,"St. Kitts and Nevis",2003,19927.1818314137
KNA,"St. Kitts and Nevis",2002,20813.4050029806
KNA,"St. Kitts and Nevis",2001,20648.7889741472
KNA,"St. Kitts and Nevis",2000,19840.5800645267
KNA,"St. Kitts and Nevis",1999,18291.4229188676
KNA,"St. Kitts and Nevis",1998,17963.6992379347
KNA,"St. Kitts and Nevis",1997,18288.4943671657
KNA,"St. Kitts and Nevis",1996,17340.2234624221
KNA,"St. Kitts and Nevis",1995,16596.2656266287
KNA,"St. Kitts and Nevis",1994,15955.8375010028
KNA,"St. Kitts and Nevis",1993,15348.6887799847
KNA,"St. Kitts and Nevis",1992,14557.184258305
KNA,"St. Kitts and Nevis",1991,14084.6831940102
KNA,"St. Kitts and Nevis",1990,14326.0410656507
KNA,"St. Kitts and Nevis",1989,
KNA,"St. Kitts and Nevis",1988,
KNA,"St. Kitts and Nevis",1987,
KNA,"St. Kitts and Nevis",1986,
KNA,"St. Kitts and Nevis",1985,
KNA,"St. Kitts and Nevis",1984,
KNA,"St. Kitts and Nevis",1983,
KNA,"St. Kitts and Nevis",1982,
KNA,"St. Kitts and Nevis",1981,
KNA,"St. Kitts and Nevis",1980,
KNA,"St. Kitts and Nevis",1979,
KNA,"St. Kitts and Nevis",1978,
KNA,"St. Kitts and Nevis",1977,
KNA,"St. Kitts and Nevis",1976,
KNA,"St. Kitts and Nevis",1975,
KNA,"St. Kitts and Nevis",1974,
KNA,"St. Kitts and Nevis",1973,
KNA,"St. Kitts and Nevis",1972,
KNA,"St. Kitts and Nevis",1971,
KNA,"St. Kitts and Nevis",1970,
KNA,"St. Kitts and Nevis",1969,
KNA,"St. Kitts and Nevis",1968,
KNA,"St. Kitts and Nevis",1967,
KNA,"St. Kitts and Nevis",1966,
KNA,"St. Kitts and Nevis",1965,
KNA,"St. Kitts and Nevis",1964,
KNA,"St. Kitts and Nevis",1963,
KNA,"St. Kitts and Nevis",1962,
KNA,"St. Kitts and Nevis",1961,
KNA,"St. Kitts and Nevis",1960,
LCA,"St. Lucia",2025,24502.9628641276
LCA,"St. Lucia",2024,24699.9694711589
LCA,"St. Lucia",2023,23636.0265940253
LCA,"St. Lucia",2022,22811.2524480383
LCA,"St. Lucia",2021,19141.3272253168
LCA,"St. Lucia",2020,17247.9578674753
LCA,"St. Lucia",2019,22445.2080507874
LCA,"St. Lucia",2018,22761.1613461447
LCA,"St. Lucia",2017,22207.2131041263
LCA,"St. Lucia",2016,21566.3058799575
LCA,"St. Lucia",2015,20939.8810312364
LCA,"St. Lucia",2014,21010.6981919895
LCA,"St. Lucia",2013,20827.2886025849
LCA,"St. Lucia",2012,21309.2251296295
LCA,"St. Lucia",2011,21430.0225948015
LCA,"St. Lucia",2010,20648.7861045765
LCA,"St. Lucia",2009,20706.505527623
LCA,"St. Lucia",2008,21443.2592977841
LCA,"St. Lucia",2007,20559.8974830119
LCA,"St. Lucia",2006,20353.6533720188
LCA,"St. Lucia",2005,19303.9921315127
LCA,"St. Lucia",2004,19526.4461369718
LCA,"St. Lucia",2003,18344.5919258071
LCA,"St. Lucia",2002,17739.5766779723
LCA,"St. Lucia",2001,17820.7964312951
LCA,"St. Lucia",2000,18638.117705755
LCA,"St. Lucia",1999,18856.576335563
LCA,"St. Lucia",1998,18606.5360149924
LCA,"St. Lucia",1997,17747.9002859129
LCA,"St. Lucia",1996,18125.3575537673
LCA,"St. Lucia",1995,17875.410141117
LCA,"St. Lucia",1994,17847.4137671755
LCA,"St. Lucia",1993,17831.0913239805
LCA,"St. Lucia",1992,17991.7093213106
LCA,"St. Lucia",1991,16916.7265576984
LCA,"St. Lucia",1990,17056.7184904705
LCA,"St. Lucia",1989,
LCA,"St. Lucia",1988,
LCA,"St. Lucia",1987,
LCA,"St. Lucia",1986,
LCA,"St. Lucia",1985,
LCA,"St. Lucia",1984,
LCA,"St. Lucia",1983,
LCA,"St. Lucia",1982,
LCA,"St. Lucia",1981,
LCA,"St. Lucia",1980,
LCA,"St. Lucia",1979,
LCA,"St. Lucia",1978,
LCA,"St. Lucia",1977,
LCA,"St. Lucia",1976,
LCA,"St. Lucia",1975,
LCA,"St. Lucia",1974,
LCA,"St. Lucia",1973,
LCA,"St. Lucia",1972,
LCA,"St. Lucia",1971,
LCA,"St. Lucia",1970,
LCA,"St. Lucia",1969,
LCA,"St. Lucia",1968,
LCA,"St. Lucia",1967,
LCA,"St. Lucia",1966,
LCA,"St. Lucia",1965,
LCA,"St. Lucia",1964,
LCA,"St. Lucia",1963,
LCA,"St. Lucia",1962,
LCA,"St. Lucia",1961,
LCA,"St. Lucia",1960,
MAF,"St. Martin (French part)",2025,
MAF,"St. Martin (French part)",2024,
MAF,"St. Martin (French part)",2023,
MAF,"St. Martin (French part)",2022,
MAF,"St. Martin (French part)",2021,
MAF,"St. Martin (French part)",2020,
MAF,"St. Martin (French part)",2019,
MAF,"St. Martin (French part)",2018,
MAF,"St. Martin (French part)",2017,
MAF,"St. Martin (French part)",2016,
MAF,"St. Martin (French part)",2015,
MAF,"St. Martin (French part)",2014,
MAF,"St. Martin (French part)",2013,
MAF,"St. Martin (French part)",2012,
MAF,"St. Martin (French part)",2011,
MAF,"St. Martin (French part)",2010,
MAF,"St. Martin (French part)",2009,
MAF,"St. Martin (French part)",2008,
MAF,"St. Martin (French part)",2007,
MAF,"St. Martin (French part)",2006,
MAF,"St. Martin (French part)",2005,
MAF,"St. Martin (French part)",2004,
MAF,"St. Martin (French part)",2003,
MAF,"St. Martin (French part)",2002,
MAF,"St. Martin (French part)",2001,
MAF,"St. Martin (French part)",2000,
MAF,"St. Martin (French part)",1999,
MAF,"St. Martin (French part)",1998,
MAF,"St. Martin (French part)",1997,
MAF,"St. Martin (French part)",1996,
MAF,"St. Martin (French part)",1995,
MAF,"St. Martin (French part)",1994,
MAF,"St. Martin (French part)",1993,
MAF,"St. Martin (French part)",1992,
MAF,"St. Martin (French part)",1991,
MAF,"St. Martin (French part)",1990,
MAF,"St. Martin (French part)",1989,
MAF,"St. Martin (French part)",1988,
MAF,"St. Martin (French part)",1987,
MAF,"St. Martin (French part)",1986,
MAF,"St. Martin (French part)",1985,
MAF,"St. Martin (French part)",1984,
MAF,"St. Martin (French part)",1983,
MAF,"St. Martin (French part)",1982,
MAF,"St. Martin (French part)",1981,
MAF,"St. Martin (French part)",1980,
MAF,"St. Martin (French part)",1979,
MAF,"St. Martin (French part)",1978,
MAF,"St. Martin (French part)",1977,
MAF,"St. Martin (French part)",1976,
MAF,"St. Martin (French part)",1975,
MAF,"St. Martin (French part)",1974,
MAF,"St. Martin (French part)",1973,
MAF,"St. Martin (French part)",1972,
MAF,"St. Martin (French part)",1971,
MAF,"St. Martin (French part)",1970,
MAF,"St. Martin (French part)",1969,
MAF,"St. Martin (French part)",1968,
MAF,"St. Martin (French part)",1967,
MAF,"St. Martin (French part)",1966,
MAF,"St. Martin (French part)",1965,
MAF,"St. Martin (French part)",1964,
MAF,"St. Martin (French part)",1963,
MAF,"St. Martin (French part)",1962,
MAF,"St. Martin (French part)",1961,
MAF,"St. Martin (French part)",1960,
VCT,"St. Vincent and the Grenadines",2025,19483.0127638994
VCT,"St. Vincent and the Grenadines",2024,18714.198849353
VCT,"St. Vincent and the Grenadines",2023,17858.2446468702
VCT,"St. Vincent and the Grenadines",2022,16835.023514541
VCT,"St. Vincent and the Grenadines",2021,16200.8994597845
VCT,"St. Vincent and the Grenadines",2020,15763.7054382539
VCT,"St. Vincent and the Grenadines",2019,16365.3255785124
VCT,"St. Vincent and the Grenadines",2018,16139.0661084965
VCT,"St. Vincent and the Grenadines",2017,15533.2212821544
VCT,"St. Vincent and the Grenadines",2016,15197.7482513352
VCT,"St. Vincent and the Grenadines",2015,14508.8609465459
VCT,"St. Vincent and the Grenadines",2014,14040.2460690452
VCT,"St. Vincent and the Grenadines",2013,13804.1837951887
VCT,"St. Vincent and the Grenadines",2012,13397.9632982701
VCT,"St. Vincent and the Grenadines",2011,13168.8964291743
VCT,"St. Vincent and the Grenadines",2010,13175.7230154228
VCT,"St. Vincent and the Grenadines",2009,13723.7838252622
VCT,"St. Vincent and the Grenadines",2008,13850.3936790063
VCT,"St. Vincent and the Grenadines",2007,13732.3622591495
VCT,"St. Vincent and the Grenadines",2006,13233.4068930431
VCT,"St. Vincent and the Grenadines",2005,12320.0710011077
VCT,"St. Vincent and the Grenadines",2004,11979.907294501
VCT,"St. Vincent and the Grenadines",2003,11475.3312414531
VCT,"St. Vincent and the Grenadines",2002,10736.0878714164
VCT,"St. Vincent and the Grenadines",2001,10177.8094583896
VCT,"St. Vincent and the Grenadines",2000,9999.05879203685
VCT,"St. Vincent and the Grenadines",1999,9853.34736551962
VCT,"St. Vincent and the Grenadines",1998,9609.10378620502
VCT,"St. Vincent and the Grenadines",1997,9234.69888368764
VCT,"St. Vincent and the Grenadines",1996,8923.70555514296
VCT,"St. Vincent and the Grenadines",1995,8815.84871825748
VCT,"St. Vincent and the Grenadines",1994,8189.84362711098
VCT,"St. Vincent and the Grenadines",1993,8306.77527139188
VCT,"St. Vincent and the Grenadines",1992,7984.07959662088
VCT,"St. Vincent and the Grenadines",1991,7524.58477815963
VCT,"St. Vincent and the Grenadines",1990,7467.37874657239
VCT,"St. Vincent and the Grenadines",1989,
VCT,"St. Vincent and the Grenadines",1988,
VCT,"St. Vincent and the Grenadines",1987,
VCT,"St. Vincent and the Grenadines",1986,
VCT,"St. Vincent and the Grenadines",1985,
VCT,"St. Vincent and the Grenadines",1984,
VCT,"St. Vincent and the Grenadines",1983,
VCT,"St. Vincent and the Grenadines",1982,
VCT,"St. Vincent and the Grenadines",1981,
VCT,"St. Vincent and the Grenadines",1980,
VCT,"St. Vincent and the Grenadines",1979,
VCT,"St. Vincent and the Grenadines",1978,
VCT,"St. Vincent and the Grenadines",1977,
VCT,"St. Vincent and the Grenadines",1976,
VCT,"St. Vincent and the Grenadines",1975,
VCT,"St. Vincent and the Grenadines",1974,
VCT,"St. Vincent and the Grenadines",1973,
VCT,"St. Vincent and the Grenadines",1972,
VCT,"St. Vincent and the Grenadines",1971,
VCT,"St. Vincent and the Grenadines",1970,
VCT,"St. Vincent and the Grenadines",1969,
VCT,"St. Vincent and the Grenadines",1968,
VCT,"St. Vincent and the Grenadines",1967,
VCT,"St. Vincent and the Grenadines",1966,
VCT,"St. Vincent and the Grenadines",1965,
VCT,"St. Vincent and the Grenadines",1964,
VCT,"St. Vincent and the Grenadines",1963,
VCT,"St. Vincent and the Grenadines",1962,
VCT,"St. Vincent and the Grenadines",1961,
VCT,"St. Vincent and the Grenadines",1960,
SDN,"Sudan",2025,1873.38562011719
SDN,"Sudan",2024,1861.39794921875
SDN,"Sudan",2023,2181.0791015625
SDN,"Sudan",2022,3132.0771484375
SDN,"Sudan",2021,3248.9755859375
SDN,"Sudan",2020,3401.24975585938
SDN,"Sudan",2019,3625.52319335938
SDN,"Sudan",2018,3816.65991210938
SDN,"Sudan",2017,4061.01831054688
SDN,"Sudan",2016,4174.56103515625
SDN,"Sudan",2015,4159.1943359375
SDN,"Sudan",2014,4207.50048828125
SDN,"Sudan",2013,4130.48583984375
SDN,"Sudan",2012,4145.931640625
SDN,"Sudan",2011,4467.6259765625
SDN,"Sudan",2010,4219.8369140625
SDN,"Sudan",2009,4188.0546875
SDN,"Sudan",2008,4446.40966796875
SDN,"Sudan",2007,4415.78515625
SDN,"Sudan",2006,4299.97412109375
SDN,"Sudan",2005,4152.32275390625
SDN,"Sudan",2004,4041.05712890625
SDN,"Sudan",2003,3946.92260742188
SDN,"Sudan",2002,3814.31323242188
SDN,"Sudan",2001,3701.548828125
SDN,"Sudan",2000,3575.85205078125
SDN,"Sudan",1999,3459.22998046875
SDN,"Sudan",1998,3441.17919921875
SDN,"Sudan",1997,3380.18676757813
SDN,"Sudan",1996,2924.29077148438
SDN,"Sudan",1995,2824.63208007813
SDN,"Sudan",1994,2736.47192382813
SDN,"Sudan",1993,2777.27490234375
SDN,"Sudan",1992,2709.7900390625
SDN,"Sudan",1991,2591.869140625
SDN,"Sudan",1990,2460.18872070313
SDN,"Sudan",1989,
SDN,"Sudan",1988,
SDN,"Sudan",1987,
SDN,"Sudan",1986,
SDN,"Sudan",1985,
SDN,"Sudan",1984,
SDN,"Sudan",1983,
SDN,"Sudan",1982,
SDN,"Sudan",1981,
SDN,"Sudan",1980,
SDN,"Sudan",1979,
SDN,"Sudan",1978,
SDN,"Sudan",1977,
SDN,"Sudan",1976,
SDN,"Sudan",1975,
SDN,"Sudan",1974,
SDN,"Sudan",1973,
SDN,"Sudan",1972,
SDN,"Sudan",1971,
SDN,"Sudan",1970,
SDN,"Sudan",1969,
SDN,"Sudan",1968,
SDN,"Sudan",1967,
SDN,"Sudan",1966,
SDN,"Sudan",1965,
SDN,"Sudan",1964,
SDN,"Sudan",1963,
SDN,"Sudan",1962,
SDN,"Sudan",1961,
SDN,"Sudan",1960,
SUR,"Suriname",2025,19357.3907969318
SUR,"Suriname",2024,19179.101839106
SUR,"Suriname",2023,19020.8663751009
SUR,"Suriname",2022,18742.5873760369
SUR,"Suriname",2021,18458.234999681
SUR,"Suriname",2020,19091.3617184226
SUR,"Suriname",2019,22966.7405999124
SUR,"Suriname",2018,22938.5353715545
SUR,"Suriname",2017,22070.5137570835
SUR,"Suriname",2016,21950.4122148625
SUR,"Suriname",2015,23327.5252497447
SUR,"Suriname",2014,24414.3554759734
SUR,"Suriname",2013,24624.0219854601
SUR,"Suriname",2012,24193.8412373922
SUR,"Suriname",2011,23829.5332856393
SUR,"Suriname",2010,22772.4754543689
SUR,"Suriname",2009,21906.4105447498
SUR,"Suriname",2008,21515.8119551093
SUR,"Suriname",2007,20902.1391589279
SUR,"Suriname",2006,20113.6707547695
SUR,"Suriname",2005,19220.2839696605
SUR,"Suriname",2004,18585.5170864176
SUR,"Suriname",2003,17383.5015505612
SUR,"Suriname",2002,16678.0718706582
SUR,"Suriname",2001,16556.9440609927
SUR,"Suriname",2000,16220.1790603262
SUR,"Suriname",1999,16217.5173031438
SUR,"Suriname",1998,16789.7549005356
SUR,"Suriname",1997,16754.3511427064
SUR,"Suriname",1996,16184.4999295065
SUR,"Suriname",1995,16368.311360582
SUR,"Suriname",1994,16648.5345258933
SUR,"Suriname",1993,16217.1660347103
SUR,"Suriname",1992,17455.1256454322
SUR,"Suriname",1991,17493.4962257426
SUR,"Suriname",1990,17137.6509700556
SUR,"Suriname",1989,
SUR,"Suriname",1988,
SUR,"Suriname",1987,
SUR,"Suriname",1986,
SUR,"Suriname",1985,
SUR,"Suriname",1984,
SUR,"Suriname",1983,
SUR,"Suriname",1982,
SUR,"Suriname",1981,
SUR,"Suriname",1980,
SUR,"Suriname",1979,
SUR,"Suriname",1978,
SUR,"Suriname",1977,
SUR,"Suriname",1976,
SUR,"Suriname",1975,
SUR,"Suriname",1974,
SUR,"Suriname",1973,
SUR,"Suriname",1972,
SUR,"Suriname",1971,
SUR,"Suriname",1970,
SUR,"Suriname",1969,
SUR,"Suriname",1968,
SUR,"Suriname",1967,
SUR,"Suriname",1966,
SUR,"Suriname",1965,
SUR,"Suriname",1964,
SUR,"Suriname",1963,
SUR,"Suriname",1962,
SUR,"Suriname",1961,
SUR,"Suriname",1960,
SWE,"Sweden",2025,63362.4612808079
SWE,"Sweden",2024,62558.4065876041
SWE,"Sweden",2023,62122.5116950792
SWE,"Sweden",2022,62544.5002248644
SWE,"Sweden",2021,62190.8526983825
SWE,"Sweden",2020,59458.2805291969
SWE,"Sweden",2019,61070.5243445838
SWE,"Sweden",2018,60124.5711994179
SWE,"Sweden",2017,59769.0136237
SWE,"Sweden",2016,59460.2872722689
SWE,"Sweden",2015,58955.6412361461
SWE,"Sweden",2014,57077.6693544196
SWE,"Sweden",2013,56353.0856347897
SWE,"Sweden",2012,56193.3287488246
SWE,"Sweden",2011,56846.1368290625
SWE,"Sweden",2010,55520.4324178534
SWE,"Sweden",2009,52950.7103332467
SWE,"Sweden",2008,55777.3973050094
SWE,"Sweden",2007,56737.3689179302
SWE,"Sweden",2006,55373.9338115393
SWE,"Sweden",2005,53198.67120001
SWE,"Sweden",2004,51960.5321902953
SWE,"Sweden",2003,50072.4736462925
SWE,"Sweden",2002,49331.2032555738
SWE,"Sweden",2001,48389.8185132591
SWE,"Sweden",2000,47868.5077292571
SWE,"Sweden",1999,45823.3018418117
SWE,"Sweden",1998,44010.1074358278
SWE,"Sweden",1997,42241.0607742258
SWE,"Sweden",1996,41008.3531746727
SWE,"Sweden",1995,40385.2139711185
SWE,"Sweden",1994,39000.8277233984
SWE,"Sweden",1993,37762.5408221358
SWE,"Sweden",1992,38783.6397676396
SWE,"Sweden",1991,39469.0716472828
SWE,"Sweden",1990,40199.7074219831
SWE,"Sweden",1989,
SWE,"Sweden",1988,
SWE,"Sweden",1987,
SWE,"Sweden",1986,
SWE,"Sweden",1985,
SWE,"Sweden",1984,
SWE,"Sweden",1983,
SWE,"Sweden",1982,
SWE,"Sweden",1981,
SWE,"Sweden",1980,
SWE,"Sweden",1979,
SWE,"Sweden",1978,
SWE,"Sweden",1977,
SWE,"Sweden",1976,
SWE,"Sweden",1975,
SWE,"Sweden",1974,
SWE,"Sweden",1973,
SWE,"Sweden",1972,
SWE,"Sweden",1971,
SWE,"Sweden",1970,
SWE,"Sweden",1969,
SWE,"Sweden",1968,
SWE,"Sweden",1967,
SWE,"Sweden",1966,
SWE,"Sweden",1965,
SWE,"Sweden",1964,
SWE,"Sweden",1963,
SWE,"Sweden",1962,
SWE,"Sweden",1961,
SWE,"Sweden",1960,
CHE,"Switzerland",2025,85732.1097535232
CHE,"Switzerland",2024,85448.0585577007
CHE,"Switzerland",2023,85383.3564504008
CHE,"Switzerland",2022,85762.2829174304
CHE,"Switzerland",2021,83524.9832880195
CHE,"Switzerland",2020,79270.8713687141
CHE,"Switzerland",2019,81694.630652314
CHE,"Switzerland",2018,81371.8944120855
CHE,"Switzerland",2017,79333.7437810881
CHE,"Switzerland",2016,78956.0667315042
CHE,"Switzerland",2015,78325.7487417695
CHE,"Switzerland",2014,78086.6805249841
CHE,"Switzerland",2013,77084.6656456739
CHE,"Switzerland",2012,76570.2378987121
CHE,"Switzerland",2011,76527.3361539945
CHE,"Switzerland",2010,76308.8064520802
CHE,"Switzerland",2009,74672.9512725807
CHE,"Switzerland",2008,77103.7188320632
CHE,"Switzerland",2007,76161.5600232116
CHE,"Switzerland",2006,73901.6149628577
CHE,"Switzerland",2005,71414.3495582368
CHE,"Switzerland",2004,69812.378758031
CHE,"Switzerland",2003,68521.3420292943
CHE,"Switzerland",2002,69228.3683320733
CHE,"Switzerland",2001,69489.6995050103
CHE,"Switzerland",2000,68834.8179906591
CHE,"Switzerland",1999,66795.8879655155
CHE,"Switzerland",1998,66006.2566369566
CHE,"Switzerland",1997,64414.4578915682
CHE,"Switzerland",1996,63243.2134310286
CHE,"Switzerland",1995,63169.2827232412
CHE,"Switzerland",1994,61091.4960852373
CHE,"Switzerland",1993,59202.9850165162
CHE,"Switzerland",1992,61004.7423539695
CHE,"Switzerland",1991,62404.0627797363
CHE,"Switzerland",1990,63921.4227334201
CHE,"Switzerland",1989,
CHE,"Switzerland",1988,
CHE,"Switzerland",1987,
CHE,"Switzerland",1986,
CHE,"Switzerland",1985,
CHE,"Switzerland",1984,
CHE,"Switzerland",1983,
CHE,"Switzerland",1982,
CHE,"Switzerland",1981,
CHE,"Switzerland",1980,
CHE,"Switzerland",1979,
CHE,"Switzerland",1978,
CHE,"Switzerland",1977,
CHE,"Switzerland",1976,
CHE,"Switzerland",1975,
CHE,"Switzerland",1974,
CHE,"Switzerland",1973,
CHE,"Switzerland",1972,
CHE,"Switzerland",1971,
CHE,"Switzerland",1970,
CHE,"Switzerland",1969,
CHE,"Switzerland",1968,
CHE,"Switzerland",1967,
CHE,"Switzerland",1966,
CHE,"Switzerland",1965,
CHE,"Switzerland",1964,
CHE,"Switzerland",1963,
CHE,"Switzerland",1962,
CHE,"Switzerland",1961,
CHE,"Switzerland",1960,
SYR,"Syrian Arab Republic",2025,
SYR,"Syrian Arab Republic",2024,
SYR,"Syrian Arab Republic",2023,
SYR,"Syrian Arab Republic",2022,4579.43973633341
SYR,"Syrian Arab Republic",2021,4765.52911357702
SYR,"Syrian Arab Republic",2020,4810.61072632598
SYR,"Syrian Arab Republic",2019,4928.02885412028
SYR,"Syrian Arab Republic",2018,5061.49399424562
SYR,"Syrian Arab Republic",2017,5083.65173888422
SYR,"Syrian Arab Republic",2016,5128.91822862296
SYR,"Syrian Arab Republic",2015,5414.83905242808
SYR,"Syrian Arab Republic",2014,5414.37509688242
SYR,"Syrian Arab Republic",2013,5648.60213025874
SYR,"Syrian Arab Republic",2012,7296.32886794228
SYR,"Syrian Arab Republic",2011,9854.03380162757
SYR,"Syrian Arab Republic",2010,9749.57445219825
SYR,"Syrian Arab Republic",2009,9481.56997895749
SYR,"Syrian Arab Republic",2008,9093.12956891463
SYR,"Syrian Arab Republic",2007,9017.08718303559
SYR,"Syrian Arab Republic",2006,9074.77248149943
SYR,"Syrian Arab Republic",2005,9016.72035122178
SYR,"Syrian Arab Republic",2004,8710.00892967907
SYR,"Syrian Arab Republic",2003,8351.46523749691
SYR,"Syrian Arab Republic",2002,8502.49347216329
SYR,"Syrian Arab Republic",2001,8075.78409924022
SYR,"Syrian Arab Republic",2000,7973.98131632478
SYR,"Syrian Arab Republic",1999,8120.49247797398
SYR,"Syrian Arab Republic",1998,8636.63340064551
SYR,"Syrian Arab Republic",1997,8299.18931658219
SYR,"Syrian Arab Republic",1996,8112.37387274033
SYR,"Syrian Arab Republic",1995,7589.39692908815
SYR,"Syrian Arab Republic",1994,7294.86310469369
SYR,"Syrian Arab Republic",1993,7007.72494284254
SYR,"Syrian Arab Republic",1992,6803.92916498791
SYR,"Syrian Arab Republic",1991,6210.41568146904
SYR,"Syrian Arab Republic",1990,5952.3583016801
SYR,"Syrian Arab Republic",1989,
SYR,"Syrian Arab Republic",1988,
SYR,"Syrian Arab Republic",1987,
SYR,"Syrian Arab Republic",1986,
SYR,"Syrian Arab Republic",1985,
SYR,"Syrian Arab Republic",1984,
SYR,"Syrian Arab Republic",1983,
SYR,"Syrian Arab Republic",1982,
SYR,"Syrian Arab Republic",1981,
SYR,"Syrian Arab Republic",1980,
SYR,"Syrian Arab Republic",1979,
SYR,"Syrian Arab Republic",1978,
SYR,"Syrian Arab Republic",1977,
SYR,"Syrian Arab Republic",1976,
SYR,"Syrian Arab Republic",1975,
SYR,"Syrian Arab Republic",1974,
SYR,"Syrian Arab Republic",1973,
SYR,"Syrian Arab Republic",1972,
SYR,"Syrian Arab Republic",1971,
SYR,"Syrian Arab Republic",1970,
SYR,"Syrian Arab Republic",1969,
SYR,"Syrian Arab Republic",1968,
SYR,"Syrian Arab Republic",1967,
SYR,"Syrian Arab Republic",1966,
SYR,"Syrian Arab Republic",1965,
SYR,"Syrian Arab Republic",1964,
SYR,"Syrian Arab Republic",1963,
SYR,"Syrian Arab Republic",1962,
SYR,"Syrian Arab Republic",1961,
SYR,"Syrian Arab Republic",1960,
TJK,"Tajikistan",2025,5061.84700623649
TJK,"Tajikistan",2024,4755.93296704719
TJK,"Tajikistan",2023,4472.3241378777
TJK,"Tajikistan",2022,4213.75618362687
TJK,"Tajikistan",2021,3985.91247611219
TJK,"Tajikistan",2020,3724.7489591466
TJK,"Tajikistan",2019,3649.88375518646
TJK,"Tajikistan",2018,3479.69235966041
TJK,"Tajikistan",2017,3312.71202243506
TJK,"Tajikistan",2016,3169.9667820524
TJK,"Tajikistan",2015,3041.44479553257
TJK,"Tajikistan",2014,2943.08867917317
TJK,"Tajikistan",2013,2828.38542075147
TJK,"Tajikistan",2012,2700.09546037358
TJK,"Tajikistan",2011,2572.48074895498
TJK,"Tajikistan",2010,2449.27358745359
TJK,"Tajikistan",2009,2349.50030269416
TJK,"Tajikistan",2008,2308.09430040334
TJK,"Tajikistan",2007,2181.89798056536
TJK,"Tajikistan",2006,2063.288508243
TJK,"Tajikistan",2005,1965.30020458256
TJK,"Tajikistan",2004,1878.28696227255
TJK,"Tajikistan",2003,1736.64039749855
TJK,"Tajikistan",2002,1594.93890470219
TJK,"Tajikistan",2001,1467.39882474638
TJK,"Tajikistan",2000,1365.23327447129
TJK,"Tajikistan",1999,1275.82249026045
TJK,"Tajikistan",1998,1236.67552895556
TJK,"Tajikistan",1997,1181.28110133633
TJK,"Tajikistan",1996,1175.79407235242
TJK,"Tajikistan",1995,1439.50277584065
TJK,"Tajikistan",1994,1678.33851733918
TJK,"Tajikistan",1993,2169.96747353928
TJK,"Tajikistan",1992,2630.38658066186
TJK,"Tajikistan",1991,3777.10750632183
TJK,"Tajikistan",1990,4173.04607982249
TJK,"Tajikistan",1989,
TJK,"Tajikistan",1988,
TJK,"Tajikistan",1987,
TJK,"Tajikistan",1986,
TJK,"Tajikistan",1985,
TJK,"Tajikistan",1984,
TJK,"Tajikistan",1983,
TJK,"Tajikistan",1982,
TJK,"Tajikistan",1981,
TJK,"Tajikistan",1980,
TJK,"Tajikistan",1979,
TJK,"Tajikistan",1978,
TJK,"Tajikistan",1977,
TJK,"Tajikistan",1976,
TJK,"Tajikistan",1975,
TJK,"Tajikistan",1974,
TJK,"Tajikistan",1973,
TJK,"Tajikistan",1972,
TJK,"Tajikistan",1971,
TJK,"Tajikistan",1970,
TJK,"Tajikistan",1969,
TJK,"Tajikistan",1968,
TJK,"Tajikistan",1967,
TJK,"Tajikistan",1966,
TJK,"Tajikistan",1965,
TJK,"Tajikistan",1964,
TJK,"Tajikistan",1963,
TJK,"Tajikistan",1962,
TJK,"Tajikistan",1961,
TJK,"Tajikistan",1960,
TZA,"Tanzania",2025,3820.61181640625
TZA,"Tanzania",2024,3713.26293945313
TZA,"Tanzania",2023,3620.79345703125
TZA,"Tanzania",2022,3546.98095703125
TZA,"Tanzania",2021,3493.0830078125
TZA,"Tanzania",2020,3449.82153320313
TZA,"Tanzania",2019,3484.63256835938
TZA,"Tanzania",2018,3392.68872070313
TZA,"Tanzania",2017,3318.28833007813
TZA,"Tanzania",2016,3214.24682617188
TZA,"Tanzania",2015,3111.44458007813
TZA,"Tanzania",2014,3027.56909179688
TZA,"Tanzania",2013,2924.86328125
TZA,"Tanzania",2012,2822.4853515625
TZA,"Tanzania",2011,2779.70776367188
TZA,"Tanzania",2010,2654.80346679688
TZA,"Tanzania",2009,2560.81103515625
TZA,"Tanzania",2008,2493.25927734375
TZA,"Tanzania",2007,2423.61596679688
TZA,"Tanzania",2006,2334.1044921875
TZA,"Tanzania",2005,2253.09326171875
TZA,"Tanzania",2004,2155.24145507813
TZA,"Tanzania",2003,2059.83740234375
TZA,"Tanzania",2002,1982.64428710938
TZA,"Tanzania",2001,1899.74536132813
TZA,"Tanzania",2000,1839.93664550781
TZA,"Tanzania",1999,1810.97155761719
TZA,"Tanzania",1998,1773.72424316406
TZA,"Tanzania",1997,1755.8037109375
TZA,"Tanzania",1996,1730.55456542969
TZA,"Tanzania",1995,1685.85107421875
TZA,"Tanzania",1994,1679.66235351563
TZA,"Tanzania",1993,1718.39306640625
TZA,"Tanzania",1992,1751.91845703125
TZA,"Tanzania",1991,1785.66394042969
TZA,"Tanzania",1990,1794.20458984375
TZA,"Tanzania",1989,
TZA,"Tanzania",1988,
TZA,"Tanzania",1987,
TZA,"Tanzania",1986,
TZA,"Tanzania",1985,
TZA,"Tanzania",1984,
TZA,"Tanzania",1983,
TZA,"Tanzania",1982,
TZA,"Tanzania",1981,
TZA,"Tanzania",1980,
TZA,"Tanzania",1979,
TZA,"Tanzania",1978,
TZA,"Tanzania",1977,
TZA,"Tanzania",1976,
TZA,"Tanzania",1975,
TZA,"Tanzania",1974,
TZA,"Tanzania",1973,
TZA,"Tanzania",1972,
TZA,"Tanzania",1971,
TZA,"Tanzania",1970,
TZA,"Tanzania",1969,
TZA,"Tanzania",1968,
TZA,"Tanzania",1967,
TZA,"Tanzania",1966,
TZA,"Tanzania",1965,
TZA,"Tanzania",1964,
TZA,"Tanzania",1963,
TZA,"Tanzania",1962,
TZA,"Tanzania",1961,
TZA,"Tanzania",1960,
THA,"Thailand",2025,22431.7518380848
THA,"Thailand",2024,21882.2142474833
THA,"Thailand",2023,21245.2706771879
THA,"Thailand",2022,20768.4800093577
THA,"Thailand",2021,20236.9760408784
THA,"Thailand",2020,19950.2844063147
THA,"Thailand",2019,21280.1504518601
THA,"Thailand",2018,20882.1707419576
THA,"Thailand",2017,20096.8605455164
THA,"Thailand",2016,19372.7128024107
THA,"Thailand",2015,18814.0408554566
THA,"Thailand",2014,18326.604873747
THA,"Thailand",2013,18244.4071505088
THA,"Thailand",2012,17871.5786477565
THA,"Thailand",2011,16768.1688542486
THA,"Thailand",2010,16732.187029014
THA,"Thailand",2009,15667.6047343164
THA,"Thailand",2008,15893.5084947968
THA,"Thailand",2007,15744.3652449147
THA,"Thailand",2006,15052.6955101059
THA,"Thailand",2005,14459.825626203
THA,"Thailand",2004,13998.521730812
THA,"Thailand",2003,13288.7481561137
THA,"Thailand",2002,12513.5421967032
THA,"Thailand",2001,11902.6109229705
THA,"Thailand",2000,11623.7874580461
THA,"Thailand",1999,11254.6098303333
THA,"Thailand",1998,10898.3370239872
THA,"Thailand",1997,11954.1474335919
THA,"Thailand",1996,12457.6820831228
THA,"Thailand",1995,11955.2188089811
THA,"Thailand",1994,11216.2548285636
THA,"Thailand",1993,10539.9611081001
THA,"Thailand",1992,9887.97373654022
THA,"Thailand",1991,9295.04057342995
THA,"Thailand",1990,8702.899560469
THA,"Thailand",1989,
THA,"Thailand",1988,
THA,"Thailand",1987,
THA,"Thailand",1986,
THA,"Thailand",1985,
THA,"Thailand",1984,
THA,"Thailand",1983,
THA,"Thailand",1982,
THA,"Thailand",1981,
THA,"Thailand",1980,
THA,"Thailand",1979,
THA,"Thailand",1978,
THA,"Thailand",1977,
THA,"Thailand",1976,
THA,"Thailand",1975,
THA,"Thailand",1974,
THA,"Thailand",1973,
THA,"Thailand",1972,
THA,"Thailand",1971,
THA,"Thailand",1970,
THA,"Thailand",1969,
THA,"Thailand",1968,
THA,"Thailand",1967,
THA,"Thailand",1966,
THA,"Thailand",1965,
THA,"Thailand",1964,
THA,"Thailand",1963,
THA,"Thailand",1962,
THA,"Thailand",1961,
THA,"Thailand",1960,
TLS,"Timor-Leste",2025,4109.9044785289
TLS,"Timor-Leste",2024,3890.95754653453
TLS,"Timor-Leste",2023,4331.07792560386
TLS,"Timor-Leste",2022,5348.49182701353
TLS,"Timor-Leste",2021,6825.0458085995
TLS,"Timor-Leste",2020,6594.8817078452
TLS,"Timor-Leste",2019,5103.14964292207
TLS,"Timor-Leste",2018,4188.84099191337
TLS,"Timor-Leste",2017,4290.02709296562
TLS,"Timor-Leste",2016,4515.422459894
TLS,"Timor-Leste",2015,4467.80007184896
TLS,"Timor-Leste",2014,4445.35926887033
TLS,"Timor-Leste",2013,4340.27839503511
TLS,"Timor-Leste",2012,4297.91482449132
TLS,"Timor-Leste",2011,4189.79978481015
TLS,"Timor-Leste",2010,4047.24940614314
TLS,"Timor-Leste",2009,3792.35831612987
TLS,"Timor-Leste",2008,3530.88217479074
TLS,"Timor-Leste",2007,3256.56980118129
TLS,"Timor-Leste",2006,3038.9523176563
TLS,"Timor-Leste",2005,3263.94446005573
TLS,"Timor-Leste",2004,3234.97583674338
TLS,"Timor-Leste",2003,3264.94647161828
TLS,"Timor-Leste",2002,3480.9884722922
TLS,"Timor-Leste",2001,4038.33571017769
TLS,"Timor-Leste",2000,3783.78329545739
TLS,"Timor-Leste",1999,2136.6494518776
TLS,"Timor-Leste",1998,2931.48082007078
TLS,"Timor-Leste",1997,3073.97036772628
TLS,"Timor-Leste",1996,3038.23036830136
TLS,"Timor-Leste",1995,2891.86458508557
TLS,"Timor-Leste",1994,2786.67622050555
TLS,"Timor-Leste",1993,2674.39919964976
TLS,"Timor-Leste",1992,2493.90856413679
TLS,"Timor-Leste",1991,2318.79425313685
TLS,"Timor-Leste",1990,2143.79193647891
TLS,"Timor-Leste",1989,
TLS,"Timor-Leste",1988,
TLS,"Timor-Leste",1987,
TLS,"Timor-Leste",1986,
TLS,"Timor-Leste",1985,
TLS,"Timor-Leste",1984,
TLS,"Timor-Leste",1983,
TLS,"Timor-Leste",1982,
TLS,"Timor-Leste",1981,
TLS,"Timor-Leste",1980,
TLS,"Timor-Leste",1979,
TLS,"Timor-Leste",1978,
TLS,"Timor-Leste",1977,
TLS,"Timor-Leste",1976,
TLS,"Timor-Leste",1975,
TLS,"Timor-Leste",1974,
TLS,"Timor-Leste",1973,
TLS,"Timor-Leste",1972,
TLS,"Timor-Leste",1971,
TLS,"Timor-Leste",1970,
TLS,"Timor-Leste",1969,
TLS,"Timor-Leste",1968,
TLS,"Timor-Leste",1967,
TLS,"Timor-Leste",1966,
TLS,"Timor-Leste",1965,
TLS,"Timor-Leste",1964,
TLS,"Timor-Leste",1963,
TLS,"Timor-Leste",1962,
TLS,"Timor-Leste",1961,
TLS,"Timor-Leste",1960,
TGO,"Togo",2025,3485.98184512074
TGO,"Togo",2024,3351.24993111939
TGO,"Togo",2023,3215.82300022488
TGO,"Togo",2022,3086.40878742334
TGO,"Togo",2021,2952.09730066985
TGO,"Togo",2020,2861.29796240513
TGO,"Togo",2019,2862.62661160331
TGO,"Togo",2018,2787.56398409759
TGO,"Togo",2017,2708.61122396846
TGO,"Togo",2016,2648.90084835076
TGO,"Togo",2015,2588.27260980499
TGO,"Togo",2014,2501.43253092917
TGO,"Togo",2013,2416.37805101152
TGO,"Togo",2012,2333.19276737886
TGO,"Togo",2011,2246.56204522679
TGO,"Togo",2010,2181.59889262038
TGO,"Togo",2009,2126.4413192509
TGO,"Togo",2008,2082.64201553182
TGO,"Togo",2007,2067.21836135015
TGO,"Togo",2006,2158.94393995769
TGO,"Togo",2005,2164.01599552728
TGO,"Togo",2004,2326.60102463281
TGO,"Togo",2003,2407.5857838237
TGO,"Togo",2002,2312.96463035074
TGO,"Togo",2001,2283.5849230071
TGO,"Togo",2000,2321.9504188468
TGO,"Togo",1999,2399.45741291511
TGO,"Togo",1998,2400.05346254709
TGO,"Togo",1997,2519.00042956277
TGO,"Togo",1996,2278.14214284206
TGO,"Togo",1995,2185.1955668286
TGO,"Togo",1994,2133.27158147519
TGO,"Togo",1993,1863.03725042104
TGO,"Togo",1992,2169.39272878269
TGO,"Togo",1991,2324.31142051729
TGO,"Togo",1990,2409.14819593078
TGO,"Togo",1989,
TGO,"Togo",1988,
TGO,"Togo",1987,
TGO,"Togo",1986,
TGO,"Togo",1985,
TGO,"Togo",1984,
TGO,"Togo",1983,
TGO,"Togo",1982,
TGO,"Togo",1981,
TGO,"Togo",1980,
TGO,"Togo",1979,
TGO,"Togo",1978,
TGO,"Togo",1977,
TGO,"Togo",1976,
TGO,"Togo",1975,
TGO,"Togo",1974,
TGO,"Togo",1973,
TGO,"Togo",1972,
TGO,"Togo",1971,
TGO,"Togo",1970,
TGO,"Togo",1969,
TGO,"Togo",1968,
TGO,"Togo",1967,
TGO,"Togo",1966,
TGO,"Togo",1965,
TGO,"Togo",1964,
TGO,"Togo",1963,
TGO,"Togo",1962,
TGO,"Togo",1961,
TGO,"Togo",1960,
TON,"Tonga",2025,7412.86641968829
TON,"Tonga",2024,7180.98743332878
TON,"Tonga",2023,7031.32021704688
TON,"Tonga",2022,6811.48234641523
TON,"Tonga",2021,6930.06482518663
TON,"Tonga",2020,6981.30436453629
TON,"Tonga",2019,6859.71739851786
TON,"Tonga",2018,6885.98490469718
TON,"Tonga",2017,6863.54796430087
TON,"Tonga",2016,6639.98719699561
TON,"Tonga",2015,6195.43302733786
TON,"Tonga",2014,6097.65041861635
TON,"Tonga",2013,5952.45690447913
TON,"Tonga",2012,5908.02400699798
TON,"Tonga",2011,5848.19312009382
TON,"Tonga",2010,5489.45367019062
TON,"Tonga",2009,5454.57394388907
TON,"Tonga",2008,5759.30612501464
TON,"Tonga",2007,5507.35733894364
TON,"Tonga",2006,5671.64079163565
TON,"Tonga",2005,5829.1173260211
TON,"Tonga",2004,5901.21343135785
TON,"Tonga",2003,6054.65554234045
TON,"Tonga",2002,6085.89291010605
TON,"Tonga",2001,5860.83162290404
TON,"Tonga",2000,5809.00929738723
TON,"Tonga",1999,5633.44423786367
TON,"Tonga",1998,5542.39330688545
TON,"Tonga",1997,5456.60423424372
TON,"Tonga",1996,5511.41450656968
TON,"Tonga",1995,5509.04512310938
TON,"Tonga",1994,5189.10434041494
TON,"Tonga",1993,4947.35147939204
TON,"Tonga",1992,4772.94258546235
TON,"Tonga",1991,4766.99902463283
TON,"Tonga",1990,4488.39423743031
TON,"Tonga",1989,
TON,"Tonga",1988,
TON,"Tonga",1987,
TON,"Tonga",1986,
TON,"Tonga",1985,
TON,"Tonga",1984,
TON,"Tonga",1983,
TON,"Tonga",1982,
TON,"Tonga",1981,
TON,"Tonga",1980,
TON,"Tonga",1979,
TON,"Tonga",1978,
TON,"Tonga",1977,
TON,"Tonga",1976,
TON,"Tonga",1975,
TON,"Tonga",1974,
TON,"Tonga",1973,
TON,"Tonga",1972,
TON,"Tonga",1971,
TON,"Tonga",1970,
TON,"Tonga",1969,
TON,"Tonga",1968,
TON,"Tonga",1967,
TON,"Tonga",1966,
TON,"Tonga",1965,
TON,"Tonga",1964,
TON,"Tonga",1963,
TON,"Tonga",1962,
TON,"Tonga",1961,
TON,"Tonga",1960,
TTO,"Trinidad and Tobago",2025,31721.5757411236
TTO,"Trinidad and Tobago",2024,31960.1568888983
TTO,"Trinidad and Tobago",2023,31196.603554718
TTO,"Trinidad and Tobago",2022,30784.1112580356
TTO,"Trinidad and Tobago",2021,30482.1201798631
TTO,"Trinidad and Tobago",2020,30720.8876936042
TTO,"Trinidad and Tobago",2019,33748.7060849924
TTO,"Trinidad and Tobago",2018,33710.0178540008
TTO,"Trinidad and Tobago",2017,34095.9899256152
TTO,"Trinidad and Tobago",2016,35914.9901970983
TTO,"Trinidad and Tobago",2015,38963.9641783011
TTO,"Trinidad and Tobago",2014,39248.6570516023
TTO,"Trinidad and Tobago",2013,37994.0686480473
TTO,"Trinidad and Tobago",2012,36903.6898574094
TTO,"Trinidad and Tobago",2011,34769.7620251376
TTO,"Trinidad and Tobago",2010,35145.1253639062
TTO,"Trinidad and Tobago",2009,34212.2683057008
TTO,"Trinidad and Tobago",2008,35825.3333456362
TTO,"Trinidad and Tobago",2007,34793.6457521105
TTO,"Trinidad and Tobago",2006,33348.7507470886
TTO,"Trinidad and Tobago",2005,29536.4394101096
TTO,"Trinidad and Tobago",2004,26757.9075601429
TTO,"Trinidad and Tobago",2003,24910.823196152
TTO,"Trinidad and Tobago",2002,21876.8529070403
TTO,"Trinidad and Tobago",2001,20366.753132212
TTO,"Trinidad and Tobago",2000,19637.5545410721
TTO,"Trinidad and Tobago",1999,18440.5741312908
TTO,"Trinidad and Tobago",1998,17129.0911444686
TTO,"Trinidad and Tobago",1997,15895.2438763164
TTO,"Trinidad and Tobago",1996,14838.9026529676
TTO,"Trinidad and Tobago",1995,13912.3133299045
TTO,"Trinidad and Tobago",1994,13472.7464155031
TTO,"Trinidad and Tobago",1993,13088.7073855168
TTO,"Trinidad and Tobago",1992,13267.9770581707
TTO,"Trinidad and Tobago",1991,12142.348150297
TTO,"Trinidad and Tobago",1990,11869.5287266317
TTO,"Trinidad and Tobago",1989,
TTO,"Trinidad and Tobago",1988,
TTO,"Trinidad and Tobago",1987,
TTO,"Trinidad and Tobago",1986,
TTO,"Trinidad and Tobago",1985,
TTO,"Trinidad and Tobago",1984,
TTO,"Trinidad and Tobago",1983,
TTO,"Trinidad and Tobago",1982,
TTO,"Trinidad and Tobago",1981,
TTO,"Trinidad and Tobago",1980,
TTO,"Trinidad and Tobago",1979,
TTO,"Trinidad and Tobago",1978,
TTO,"Trinidad and Tobago",1977,
TTO,"Trinidad and Tobago",1976,
TTO,"Trinidad and Tobago",1975,
TTO,"Trinidad and Tobago",1974,
TTO,"Trinidad and Tobago",1973,
TTO,"Trinidad and Tobago",1972,
TTO,"Trinidad and Tobago",1971,
TTO,"Trinidad and Tobago",1970,
TTO,"Trinidad and Tobago",1969,
TTO,"Trinidad and Tobago",1968,
TTO,"Trinidad and Tobago",1967,
TTO,"Trinidad and Tobago",1966,
TTO,"Trinidad and Tobago",1965,
TTO,"Trinidad and Tobago",1964,
TTO,"Trinidad and Tobago",1963,
TTO,"Trinidad and Tobago",1962,
TTO,"Trinidad and Tobago",1961,
TTO,"Trinidad and Tobago",1960,
TUN,"Tunisia",2025,13017.6340422977
TUN,"Tunisia",2024,12774.9158568021
TUN,"Tunisia",2023,12650.9615158166
TUN,"Tunisia",2022,12712.22345453
TUN,"Tunisia",2021,12444.3264026887
TUN,"Tunisia",2020,11955.5983698479
TUN,"Tunisia",2019,13243.9024233246
TUN,"Tunisia",2018,13163.1952230357
TUN,"Tunisia",2017,12955.4014814241
TUN,"Tunisia",2016,12803.8797371543
TUN,"Tunisia",2015,12802.7917211433
TUN,"Tunisia",2014,12824.0028914441
TUN,"Tunisia",2013,12587.9950645596
TUN,"Tunisia",2012,12436.3958115735
TUN,"Tunisia",2011,12068.7136257667
TUN,"Tunisia",2010,12458.2710366551
TUN,"Tunisia",2009,12229.7752536693
TUN,"Tunisia",2008,11990.1962371716
TUN,"Tunisia",2007,11613.9247511428
TUN,"Tunisia",2006,10983.9221903991
TUN,"Tunisia",2005,10529.1598956845
TUN,"Tunisia",2004,10263.8055422408
TUN,"Tunisia",2003,9752.02442335824
TUN,"Tunisia",2002,9407.55676671593
TUN,"Tunisia",2001,9380.56317617024
TUN,"Tunisia",2000,9134.41506327005
TUN,"Tunisia",1999,8821.98791288257
TUN,"Tunisia",1998,8417.98493264685
TUN,"Tunisia",1997,8136.3376111408
TUN,"Tunisia",1996,7821.79219107359
TUN,"Tunisia",1995,7406.23900930842
TUN,"Tunisia",1994,7350.65600471494
TUN,"Tunisia",1993,7253.33614579881
TUN,"Tunisia",1992,7241.29105894738
TUN,"Tunisia",1991,6859.73427153777
TUN,"Tunisia",1990,6742.58426420551
TUN,"Tunisia",1989,
TUN,"Tunisia",1988,
TUN,"Tunisia",1987,
TUN,"Tunisia",1986,
TUN,"Tunisia",1985,
TUN,"Tunisia",1984,
TUN,"Tunisia",1983,
TUN,"Tunisia",1982,
TUN,"Tunisia",1981,
TUN,"Tunisia",1980,
TUN,"Tunisia",1979,
TUN,"Tunisia",1978,
TUN,"Tunisia",1977,
TUN,"Tunisia",1976,
TUN,"Tunisia",1975,
TUN,"Tunisia",1974,
TUN,"Tunisia",1973,
TUN,"Tunisia",1972,
TUN,"Tunisia",1971,
TUN,"Tunisia",1970,
TUN,"Tunisia",1969,
TUN,"Tunisia",1968,
TUN,"Tunisia",1967,
TUN,"Tunisia",1966,
TUN,"Tunisia",1965,
TUN,"Tunisia",1964,
TUN,"Tunisia",1963,
TUN,"Tunisia",1962,
TUN,"Tunisia",1961,
TUN,"Tunisia",1960,
TUR,"Turkiye",2025,37300.7485739354
TUR,"Turkiye",2024,36154.490436557
TUR,"Turkiye",2023,35069.1701714685
TUR,"Turkiye",2022,33520.8111384208
TUR,"Turkiye",2021,32105.5474400506
TUR,"Turkiye",2020,28976.7179161611
TUR,"Turkiye",2019,28741.0535082701
TUR,"Turkiye",2018,28780.3036458151
TUR,"Turkiye",2017,28194.688309381
TUR,"Turkiye",2016,26489.6436816046
TUR,"Turkiye",2015,25984.8027306177
TUR,"Turkiye",2014,24888.8521742576
TUR,"Turkiye",2013,24117.3121099839
TUR,"Turkiye",2012,22517.7148287875
TUR,"Turkiye",2011,21760.4291923634
TUR,"Turkiye",2010,19897.4464836887
TUR,"Turkiye",2009,18612.1925231905
TUR,"Turkiye",2008,19839.5845462269
TUR,"Turkiye",2007,19909.083519675
TUR,"Turkiye",2006,18972.0089563632
TUR,"Turkiye",2005,17902.5966004487
TUR,"Turkiye",2004,16583.8837094062
TUR,"Turkiye",2003,15255.7177960689
TUR,"Turkiye",2002,14587.894621656
TUR,"Turkiye",2001,13872.1287284566
TUR,"Turkiye",2000,14856.914625257
TUR,"Turkiye",1999,14066.1896257233
TUR,"Turkiye",1998,14704.3385744207
TUR,"Turkiye",1997,14631.2958814739
TUR,"Turkiye",1996,13826.9201097072
TUR,"Turkiye",1995,13099.2575267612
TUR,"Turkiye",1994,12343.0041848988
TUR,"Turkiye",1993,13174.467116412
TUR,"Turkiye",1992,12451.0451197948
TUR,"Turkiye",1991,12057.9354364382
TUR,"Turkiye",1990,12184.1995945303
TUR,"Turkiye",1989,
TUR,"Turkiye",1988,
TUR,"Turkiye",1987,
TUR,"Turkiye",1986,
TUR,"Turkiye",1985,
TUR,"Turkiye",1984,
TUR,"Turkiye",1983,
TUR,"Turkiye",1982,
TUR,"Turkiye",1981,
TUR,"Turkiye",1980,
TUR,"Turkiye",1979,
TUR,"Turkiye",1978,
TUR,"Turkiye",1977,
TUR,"Turkiye",1976,
TUR,"Turkiye",1975,
TUR,"Turkiye",1974,
TUR,"Turkiye",1973,
TUR,"Turkiye",1972,
TUR,"Turkiye",1971,
TUR,"Turkiye",1970,
TUR,"Turkiye",1969,
TUR,"Turkiye",1968,
TUR,"Turkiye",1967,
TUR,"Turkiye",1966,
TUR,"Turkiye",1965,
TUR,"Turkiye",1964,
TUR,"Turkiye",1963,
TUR,"Turkiye",1962,
TUR,"Turkiye",1961,
TUR,"Turkiye",1960,
TKM,"Turkmenistan",2025,19313.9430262025
TKM,"Turkmenistan",2024,18470.7438450744
TKM,"Turkmenistan",2023,17685.8585929282
TKM,"Turkmenistan",2022,16943.6046037141
TKM,"Turkmenistan",2021,16259.8700051884
TKM,"Turkmenistan",2020,15630.9145192529
TKM,"Turkmenistan",2019,15080.9034007693
TKM,"Turkmenistan",2018,14499.1684377606
TKM,"Turkmenistan",2017,13963.4045877295
TKM,"Turkmenistan",2016,13420.3849717471
TKM,"Turkmenistan",2015,12926.6637306966
TKM,"Turkmenistan",2014,12423.9246417745
TKM,"Turkmenistan",2013,11516.3741234527
TKM,"Turkmenistan",2012,10689.3537347285
TKM,"Turkmenistan",2011,9837.56345513458
TKM,"Turkmenistan",2010,8758.89686680508
TKM,"Turkmenistan",2009,8186.87833253045
TKM,"Turkmenistan",2008,7870.0271753063
TKM,"Turkmenistan",2007,6993.52911567076
TKM,"Turkmenistan",2006,6415.71290854977
TKM,"Turkmenistan",2005,5889.84657742616
TKM,"Turkmenistan",2004,5309.64539382487
TKM,"Turkmenistan",2003,5154.7509814614
TKM,"Turkmenistan",2002,5090.38095183744
TKM,"Turkmenistan",2001,5179.46446676106
TKM,"Turkmenistan",2000,5064.28782418685
TKM,"Turkmenistan",1999,4898.42375360035
TKM,"Turkmenistan",1998,4282.50714571282
TKM,"Turkmenistan",1997,4066.63089252014
TKM,"Turkmenistan",1996,4668.36342670059
TKM,"Turkmenistan",1995,4451.02809349502
TKM,"Turkmenistan",1994,4883.21714193014
TKM,"Turkmenistan",1993,6028.1027314614
TKM,"Turkmenistan",1992,6071.08330709863
TKM,"Turkmenistan",1991,7304.00728889148
TKM,"Turkmenistan",1990,7850.71328943211
TKM,"Turkmenistan",1989,
TKM,"Turkmenistan",1988,
TKM,"Turkmenistan",1987,
TKM,"Turkmenistan",1986,
TKM,"Turkmenistan",1985,
TKM,"Turkmenistan",1984,
TKM,"Turkmenistan",1983,
TKM,"Turkmenistan",1982,
TKM,"Turkmenistan",1981,
TKM,"Turkmenistan",1980,
TKM,"Turkmenistan",1979,
TKM,"Turkmenistan",1978,
TKM,"Turkmenistan",1977,
TKM,"Turkmenistan",1976,
TKM,"Turkmenistan",1975,
TKM,"Turkmenistan",1974,
TKM,"Turkmenistan",1973,
TKM,"Turkmenistan",1972,
TKM,"Turkmenistan",1971,
TKM,"Turkmenistan",1970,
TKM,"Turkmenistan",1969,
TKM,"Turkmenistan",1968,
TKM,"Turkmenistan",1967,
TKM,"Turkmenistan",1966,
TKM,"Turkmenistan",1965,
TKM,"Turkmenistan",1964,
TKM,"Turkmenistan",1963,
TKM,"Turkmenistan",1962,
TKM,"Turkmenistan",1961,
TKM,"Turkmenistan",1960,
TCA,"Turks and Caicos Islands",2025,
TCA,"Turks and Caicos Islands",2024,33390.5267148059
TCA,"Turks and Caicos Islands",2023,31839.3705381969
TCA,"Turks and Caicos Islands",2022,28209.6242536079
TCA,"Turks and Caicos Islands",2021,25056.4880515569
TCA,"Turks and Caicos Islands",2020,19702.5368196855
TCA,"Turks and Caicos Islands",2019,30611.2130237381
TCA,"Turks and Caicos Islands",2018,30286.1196112151
TCA,"Turks and Caicos Islands",2017,29540.3537473151
TCA,"Turks and Caicos Islands",2016,17625.7202843515
TCA,"Turks and Caicos Islands",2015,17201.7720345933
TCA,"Turks and Caicos Islands",2014,16138.8487604249
TCA,"Turks and Caicos Islands",2013,15461.873511271
TCA,"Turks and Caicos Islands",2012,16024.6915652254
TCA,"Turks and Caicos Islands",2011,17147.424764127
TCA,"Turks and Caicos Islands",2010,17000.2227766463
TCA,"Turks and Caicos Islands",2009,17512.1977777876
TCA,"Turks and Caicos Islands",2008,22689.3160133769
TCA,"Turks and Caicos Islands",2007,21878.8206013071
TCA,"Turks and Caicos Islands",2006,
TCA,"Turks and Caicos Islands",2005,
TCA,"Turks and Caicos Islands",2004,
TCA,"Turks and Caicos Islands",2003,
TCA,"Turks and Caicos Islands",2002,
TCA,"Turks and Caicos Islands",2001,
TCA,"Turks and Caicos Islands",2000,
TCA,"Turks and Caicos Islands",1999,
TCA,"Turks and Caicos Islands",1998,
TCA,"Turks and Caicos Islands",1997,
TCA,"Turks and Caicos Islands",1996,
TCA,"Turks and Caicos Islands",1995,
TCA,"Turks and Caicos Islands",1994,
TCA,"Turks and Caicos Islands",1993,
TCA,"Turks and Caicos Islands",1992,
TCA,"Turks and Caicos Islands",1991,
TCA,"Turks and Caicos Islands",1990,
TCA,"Turks and Caicos Islands",1989,
TCA,"Turks and Caicos Islands",1988,
TCA,"Turks and Caicos Islands",1987,
TCA,"Turks and Caicos Islands",1986,
TCA,"Turks and Caicos Islands",1985,
TCA,"Turks and Caicos Islands",1984,
TCA,"Turks and Caicos Islands",1983,
TCA,"Turks and Caicos Islands",1982,
TCA,"Turks and Caicos Islands",1981,
TCA,"Turks and Caicos Islands",1980,
TCA,"Turks and Caicos Islands",1979,
TCA,"Turks and Caicos Islands",1978,
TCA,"Turks and Caicos Islands",1977,
TCA,"Turks and Caicos Islands",1976,
TCA,"Turks and Caicos Islands",1975,
TCA,"Turks and Caicos Islands",1974,
TCA,"Turks and Caicos Islands",1973,
TCA,"Turks and Caicos Islands",1972,
TCA,"Turks and Caicos Islands",1971,
TCA,"Turks and Caicos Islands",1970,
TCA,"Turks and Caicos Islands",1969,
TCA,"Turks and Caicos Islands",1968,
TCA,"Turks and Caicos Islands",1967,
TCA,"Turks and Caicos Islands",1966,
TCA,"Turks and Caicos Islands",1965,
TCA,"Turks and Caicos Islands",1964,
TCA,"Turks and Caicos Islands",1963,
TCA,"Turks and Caicos Islands",1962,
TCA,"Turks and Caicos Islands",1961,
TCA,"Turks and Caicos Islands",1960,
TUV,"Tuvalu",2025,5776.07849384845
TUV,"Tuvalu",2024,5592.18723602659
TUV,"Tuvalu",2023,5315.16301028104
TUV,"Tuvalu",2022,5044.53984578911
TUV,"Tuvalu",2021,5551.80841999248
TUV,"Tuvalu",2020,5442.36321121293
TUV,"Tuvalu",2019,5515.89953720794
TUV,"Tuvalu",2018,4785.23289965077
TUV,"Tuvalu",2017,4668.54376684727
TUV,"Tuvalu",2016,4495.57215692486
TUV,"Tuvalu",2015,4277.7146690273
TUV,"Tuvalu",2014,3903.4345149878
TUV,"Tuvalu",2013,3833.48955456181
TUV,"Tuvalu",2012,3715.60046956613
TUV,"Tuvalu",2011,3879.3490996995
TUV,"Tuvalu",2010,3664.45034598789
TUV,"Tuvalu",2009,3812.13929570827
TUV,"Tuvalu",2008,4093.92473951632
TUV,"Tuvalu",2007,3893.64259975408
TUV,"Tuvalu",2006,3687.77123312778
TUV,"Tuvalu",2005,3682.89175926232
TUV,"Tuvalu",2004,3874.58266822844
TUV,"Tuvalu",2003,3998.4360743816
TUV,"Tuvalu",2002,4211.58993214321
TUV,"Tuvalu",2001,3903.20310133161
TUV,"Tuvalu",2000,3893.29676614411
TUV,"Tuvalu",1999,3949.50872239411
TUV,"Tuvalu",1998,4031.35916663613
TUV,"Tuvalu",1997,3509.25585463937
TUV,"Tuvalu",1996,3209.94284061686
TUV,"Tuvalu",1995,3436.23529578401
TUV,"Tuvalu",1994,3645.93964662586
TUV,"Tuvalu",1993,3335.31685728064
TUV,"Tuvalu",1992,3234.81421654899
TUV,"Tuvalu",1991,3185.82377909019
TUV,"Tuvalu",1990,3120.28113184545
TUV,"Tuvalu",1989,
TUV,"Tuvalu",1988,
TUV,"Tuvalu",1987,
TUV,"Tuvalu",1986,
TUV,"Tuvalu",1985,
TUV,"Tuvalu",1984,
TUV,"Tuvalu",1983,
TUV,"Tuvalu",1982,
TUV,"Tuvalu",1981,
TUV,"Tuvalu",1980,
TUV,"Tuvalu",1979,
TUV,"Tuvalu",1978,
TUV,"Tuvalu",1977,
TUV,"Tuvalu",1976,
TUV,"Tuvalu",1975,
TUV,"Tuvalu",1974,
TUV,"Tuvalu",1973,
TUV,"Tuvalu",1972,
TUV,"Tuvalu",1971,
TUV,"Tuvalu",1970,
TUV,"Tuvalu",1969,
TUV,"Tuvalu",1968,
TUV,"Tuvalu",1967,
TUV,"Tuvalu",1966,
TUV,"Tuvalu",1965,
TUV,"Tuvalu",1964,
TUV,"Tuvalu",1963,
TUV,"Tuvalu",1962,
TUV,"Tuvalu",1961,
TUV,"Tuvalu",1960,
UGA,"Uganda",2025,2980.37942135501
UGA,"Uganda",2024,2879.67009290376
UGA,"Uganda",2023,2791.05576885861
UGA,"Uganda",2022,2724.90609568409
UGA,"Uganda",2021,2684.92035939744
UGA,"Uganda",2020,2678.00907202293
UGA,"Uganda",2019,2689.41009144919
UGA,"Uganda",2018,2613.87976413963
UGA,"Uganda",2017,2543.84754394956
UGA,"Uganda",2016,2554.22769062073
UGA,"Uganda",2015,2520.0201028843
UGA,"Uganda",2014,2470.50380909598
UGA,"Uganda",2013,2420.88808087266
UGA,"Uganda",2012,2405.09455932767
UGA,"Uganda",2011,2384.4653273154
UGA,"Uganda",2010,2244.60595194584
UGA,"Uganda",2009,2188.29916246327
UGA,"Uganda",2008,2110.10049271503
UGA,"Uganda",2007,1999.0624896434
UGA,"Uganda",2006,1898.97915280479
UGA,"Uganda",2005,1765.03788457066
UGA,"Uganda",2004,1709.36159216857
UGA,"Uganda",2003,1649.1482601448
UGA,"Uganda",2002,1598.5828380849
UGA,"Uganda",2001,1516.96423755695
UGA,"Uganda",2000,1487.00498853512
UGA,"Uganda",1999,1487.75796178874
UGA,"Uganda",1998,1422.20789184705
UGA,"Uganda",1997,1396.63106915218
UGA,"Uganda",1996,1367.94573764936
UGA,"Uganda",1995,1288.50886674348
UGA,"Uganda",1994,1187.36780541734
UGA,"Uganda",1993,1153.99369070318
UGA,"Uganda",1992,1102.72992145701
UGA,"Uganda",1991,1103.22897278835
UGA,"Uganda",1990,1080.03830980398
UGA,"Uganda",1989,
UGA,"Uganda",1988,
UGA,"Uganda",1987,
UGA,"Uganda",1986,
UGA,"Uganda",1985,
UGA,"Uganda",1984,
UGA,"Uganda",1983,
UGA,"Uganda",1982,
UGA,"Uganda",1981,
UGA,"Uganda",1980,
UGA,"Uganda",1979,
UGA,"Uganda",1978,
UGA,"Uganda",1977,
UGA,"Uganda",1976,
UGA,"Uganda",1975,
UGA,"Uganda",1974,
UGA,"Uganda",1973,
UGA,"Uganda",1972,
UGA,"Uganda",1971,
UGA,"Uganda",1970,
UGA,"Uganda",1969,
UGA,"Uganda",1968,
UGA,"Uganda",1967,
UGA,"Uganda",1966,
UGA,"Uganda",1965,
UGA,"Uganda",1964,
UGA,"Uganda",1963,
UGA,"Uganda",1962,
UGA,"Uganda",1961,
UGA,"Uganda",1960,
UKR,"Ukraine",2025,16155.0732421875
UKR,"Ukraine",2024,16371.44140625
UKR,"Ukraine",2023,15916.9580078125
UKR,"Ukraine",2022,13787.12109375
UKR,"Ukraine",2021,17846.408203125
UKR,"Ukraine",2020,17092.5390625
UKR,"Ukraine",2019,17636.5546875
UKR,"Ukraine",2018,16978.984375
UKR,"Ukraine",2017,16310.3603515625
UKR,"Ukraine",2016,15856.8125
UKR,"Ukraine",2015,15403.7099609375
UKR,"Ukraine",2014,16978.8125
UKR,"Ukraine",2013,17889.091796875
UKR,"Ukraine",2012,17848.740234375
UKR,"Ukraine",2011,17783.95703125
UKR,"Ukraine",2010,16811.794921875
UKR,"Ukraine",2009,16092.7958984375
UKR,"Ukraine",2008,18883.986328125
UKR,"Ukraine",2007,18374.013671875
UKR,"Ukraine",2006,16901.5078125
UKR,"Ukraine",2005,15610.5732421875
UKR,"Ukraine",2004,15021.06640625
UKR,"Ukraine",2003,13342.8798828125
UKR,"Ukraine",2002,12092.7890625
UKR,"Ukraine",2001,11379.3857421875
UKR,"Ukraine",2000,10364.0625
UKR,"Ukraine",1999,9704.4453125
UKR,"Ukraine",1998,9646.0546875
UKR,"Ukraine",1997,9754.0498046875
UKR,"Ukraine",1996,9969.5009765625
UKR,"Ukraine",1995,10983.0087890625
UKR,"Ukraine",1994,12410.525390625
UKR,"Ukraine",1993,16012.3720703125
UKR,"Ukraine",1992,18671.873046875
UKR,"Ukraine",1991,20784.16015625
UKR,"Ukraine",1990,22815.798828125
UKR,"Ukraine",1989,
UKR,"Ukraine",1988,
UKR,"Ukraine",1987,
UKR,"Ukraine",1986,
UKR,"Ukraine",1985,
UKR,"Ukraine",1984,
UKR,"Ukraine",1983,
UKR,"Ukraine",1982,
UKR,"Ukraine",1981,
UKR,"Ukraine",1980,
UKR,"Ukraine",1979,
UKR,"Ukraine",1978,
UKR,"Ukraine",1977,
UKR,"Ukraine",1976,
UKR,"Ukraine",1975,
UKR,"Ukraine",1974,
UKR,"Ukraine",1973,
UKR,"Ukraine",1972,
UKR,"Ukraine",1971,
UKR,"Ukraine",1970,
UKR,"Ukraine",1969,
UKR,"Ukraine",1968,
UKR,"Ukraine",1967,
UKR,"Ukraine",1966,
UKR,"Ukraine",1965,
UKR,"Ukraine",1964,
UKR,"Ukraine",1963,
UKR,"Ukraine",1962,
UKR,"Ukraine",1961,
UKR,"Ukraine",1960,
ARE,"United Arab Emirates",2025,
ARE,"United Arab Emirates",2024,69701.785835525
ARE,"United Arab Emirates",2023,70239.8328337228
ARE,"United Arab Emirates",2022,70075.63837395
ARE,"United Arab Emirates",2021,68580.1312912676
ARE,"United Arab Emirates",2020,66808.6209256028
ARE,"United Arab Emirates",2019,72822.9466438922
ARE,"United Arab Emirates",2018,72671.0787288764
ARE,"United Arab Emirates",2017,72529.0423512365
ARE,"United Arab Emirates",2016,75671.036861385
ARE,"United Arab Emirates",2015,75238.5571858454
ARE,"United Arab Emirates",2014,74145.1175448951
ARE,"United Arab Emirates",2013,74237.2038000319
ARE,"United Arab Emirates",2012,73644.0549928884
ARE,"United Arab Emirates",2011,73190.4056300014
ARE,"United Arab Emirates",2010,70913.7569272495
ARE,"United Arab Emirates",2009,71488.9696792101
ARE,"United Arab Emirates",2008,80285.1613062103
ARE,"United Arab Emirates",2007,87180.6001633546
ARE,"United Arab Emirates",2006,94872.5121329578
ARE,"United Arab Emirates",2005,92750.9226341994
ARE,"United Arab Emirates",2004,93166.1568863784
ARE,"United Arab Emirates",2003,89828.493399274
ARE,"United Arab Emirates",2002,87479.1545350862
ARE,"United Arab Emirates",2001,90750.3257926454
ARE,"United Arab Emirates",2000,95390.8328858321
ARE,"United Arab Emirates",1999,92047.6104655985
ARE,"United Arab Emirates",1998,96088.6587271972
ARE,"United Arab Emirates",1997,103392.379457138
ARE,"United Arab Emirates",1996,103653.542710104
ARE,"United Arab Emirates",1995,104527.848240577
ARE,"United Arab Emirates",1994,102456.239942581
ARE,"United Arab Emirates",1993,100422.832470477
ARE,"United Arab Emirates",1992,104207.059133554
ARE,"United Arab Emirates",1991,106266.157625225
ARE,"United Arab Emirates",1990,111376.984373425
ARE,"United Arab Emirates",1989,
ARE,"United Arab Emirates",1988,
ARE,"United Arab Emirates",1987,
ARE,"United Arab Emirates",1986,
ARE,"United Arab Emirates",1985,
ARE,"United Arab Emirates",1984,
ARE,"United Arab Emirates",1983,
ARE,"United Arab Emirates",1982,
ARE,"United Arab Emirates",1981,
ARE,"United Arab Emirates",1980,
ARE,"United Arab Emirates",1979,
ARE,"United Arab Emirates",1978,
ARE,"United Arab Emirates",1977,
ARE,"United Arab Emirates",1976,
ARE,"United Arab Emirates",1975,
ARE,"United Arab Emirates",1974,
ARE,"United Arab Emirates",1973,
ARE,"United Arab Emirates",1972,
ARE,"United Arab Emirates",1971,
ARE,"United Arab Emirates",1970,
ARE,"United Arab Emirates",1969,
ARE,"United Arab Emirates",1968,
ARE,"United Arab Emirates",1967,
ARE,"United Arab Emirates",1966,
ARE,"United Arab Emirates",1965,
ARE,"United Arab Emirates",1964,
ARE,"United Arab Emirates",1963,
ARE,"United Arab Emirates",1962,
ARE,"United Arab Emirates",1961,
ARE,"United Arab Emirates",1960,
GBR,"United Kingdom",2025,53993.1172607885
GBR,"United Kingdom",2024,53412.0647163589
GBR,"United Kingdom",2023,53423.4226338292
GBR,"United Kingdom",2022,53979.7679116234
GBR,"United Kingdom",2021,51840.4424245515
GBR,"United Kingdom",2020,47930.5490378931
GBR,"United Kingdom",2019,53374.0927628482
GBR,"United Kingdom",2018,52983.039541197
GBR,"United Kingdom",2017,52429.1275538988
GBR,"United Kingdom",2016,51168.2925796814
GBR,"United Kingdom",2015,50462.8329992477
GBR,"United Kingdom",2014,49763.17387988
GBR,"United Kingdom",2013,48600.5100807266
GBR,"United Kingdom",2012,48099.6594401942
GBR,"United Kingdom",2011,47714.2894262827
GBR,"United Kingdom",2010,47682.6525150443
GBR,"United Kingdom",2009,46995.5449961945
GBR,"United Kingdom",2008,49629.0498697349
GBR,"United Kingdom",2007,50045.9163092519
GBR,"United Kingdom",2006,49000.9535382241
GBR,"United Kingdom",2005,48304.6753205932
GBR,"United Kingdom",2004,47317.027070979
GBR,"United Kingdom",2003,46505.2798806788
GBR,"United Kingdom",2002,45265.4565169944
GBR,"United Kingdom",2001,44693.6612621755
GBR,"United Kingdom",2000,43818.3463079443
GBR,"United Kingdom",1999,42071.7055369651
GBR,"United Kingdom",1998,41004.8386335287
GBR,"United Kingdom",1997,39831.4492555823
GBR,"United Kingdom",1996,38076.0624470563
GBR,"United Kingdom",1995,37200.3789969484
GBR,"United Kingdom",1994,36025.9830963677
GBR,"United Kingdom",1993,34413.1904916462
GBR,"United Kingdom",1992,33332.3326389023
GBR,"United Kingdom",1991,32995.3948749055
GBR,"United Kingdom",1990,33530.9578151546
GBR,"United Kingdom",1989,
GBR,"United Kingdom",1988,
GBR,"United Kingdom",1987,
GBR,"United Kingdom",1986,
GBR,"United Kingdom",1985,
GBR,"United Kingdom",1984,
GBR,"United Kingdom",1983,
GBR,"United Kingdom",1982,
GBR,"United Kingdom",1981,
GBR,"United Kingdom",1980,
GBR,"United Kingdom",1979,
GBR,"United Kingdom",1978,
GBR,"United Kingdom",1977,
GBR,"United Kingdom",1976,
GBR,"United Kingdom",1975,
GBR,"United Kingdom",1974,
GBR,"United Kingdom",1973,
GBR,"United Kingdom",1972,
GBR,"United Kingdom",1971,
GBR,"United Kingdom",1970,
GBR,"United Kingdom",1969,
GBR,"United Kingdom",1968,
GBR,"United Kingdom",1967,
GBR,"United Kingdom",1966,
GBR,"United Kingdom",1965,
GBR,"United Kingdom",1964,
GBR,"United Kingdom",1963,
GBR,"United Kingdom",1962,
GBR,"United Kingdom",1961,
GBR,"United Kingdom",1960,
USA,"United States",2025,76931.3106990408
USA,"United States",2024,75698.1773354629
USA,"United States",2023,74351.6718197429
USA,"United States",2022,72828.7430907189
USA,"United States",2021,71441.231980595
USA,"United States",2020,67406.8311325507
USA,"United States",2019,69121.4580016741
USA,"United States",2018,67728.4424921024
USA,"United States",2017,66164.0320014289
USA,"United States",2016,65025.9855980616
USA,"United States",2015,64367.7188912582
USA,"United States",2014,63026.8779187814
USA,"United States",2013,61966.6621370894
USA,"United States",2012,61142.3637034265
USA,"United States",2011,60253.2035796719
USA,"United States",2010,59797.0736545937
USA,"United States",2009,58722.496767251
USA,"United States",2008,60806.2238713713
USA,"United States",2007,61314.4520816367
USA,"United States",2006,60684.3399832539
USA,"United States",2005,59612.3907215559
USA,"United States",2004,58139.0820195229
USA,"United States",2003,56505.4468784112
USA,"United States",2002,55443.2199435683
USA,"United States",2001,55024.3542766281
USA,"United States",2000,55045.6745311559
USA,"United States",1999,53480.8969962416
USA,"United States",1998,51626.4838297863
USA,"United States",1997,49990.6740739125
USA,"United States",1996,48441.9061125568
USA,"United States",1995,47227.0083257008
USA,"United States",1994,46543.3199204553
USA,"United States",1993,45292.7380683092
USA,"United States",1992,44664.873585596
USA,"United States",1991,43747.6307351749
USA,"United States",1990,44384.2101912606
USA,"United States",1989,
USA,"United States",1988,
USA,"United States",1987,
USA,"United States",1986,
USA,"United States",1985,
USA,"United States",1984,
USA,"United States",1983,
USA,"United States",1982,
USA,"United States",1981,
USA,"United States",1980,
USA,"United States",1979,
USA,"United States",1978,
USA,"United States",1977,
USA,"United States",1976,
USA,"United States",1975,
USA,"United States",1974,
USA,"United States",1973,
USA,"United States",1972,
USA,"United States",1971,
USA,"United States",1970,
USA,"United States",1969,
USA,"United States",1968,
USA,"United States",1967,
USA,"United States",1966,
USA,"United States",1965,
USA,"United States",1964,
USA,"United States",1963,
USA,"United States",1962,
USA,"United States",1961,
USA,"United States",1960,
URY,"Uruguay",2025,32741.6246877908
URY,"Uruguay",2024,32149.480073986
URY,"Uruguay",2023,31100.9696889882
URY,"Uruguay",2022,30840.0709827676
URY,"Uruguay",2021,29431.8738833361
URY,"Uruguay",2020,27788.1749600196
URY,"Uruguay",2019,30010.5628834294
URY,"Uruguay",2018,29757.9276055415
URY,"Uruguay",2017,29762.4220666605
URY,"Uruguay",2016,29332.5561568815
URY,"Uruguay",2015,28941.6184540581
URY,"Uruguay",2014,28935.086486757
URY,"Uruguay",2013,28119.4726887432
URY,"Uruguay",2012,26953.2709026389
URY,"Uruguay",2011,26099.3116487704
URY,"Uruguay",2010,24879.8256003219
URY,"Uruguay",2009,23138.0733091496
URY,"Uruguay",2008,22249.3750934425
URY,"Uruguay",2007,20803.885306175
URY,"Uruguay",2006,19560.0743506382
URY,"Uruguay",2005,18811.3124755641
URY,"Uruguay",2004,17519.3729926744
URY,"Uruguay",2003,16694.4326030244
URY,"Uruguay",2002,16572.7819019325
URY,"Uruguay",2001,17986.8939502115
URY,"Uruguay",2000,18752.0507121938
URY,"Uruguay",1999,19192.7103025817
URY,"Uruguay",1998,19577.7825547632
URY,"Uruguay",1997,18823.934790748
URY,"Uruguay",1996,17433.6866851628
URY,"Uruguay",1995,16600.0329041954
URY,"Uruguay",1994,16932.0220449735
URY,"Uruguay",1993,15865.2715092002
URY,"Uruguay",1992,15536.4813275187
URY,"Uruguay",1991,14474.7272308128
URY,"Uruguay",1990,14060.8401531053
URY,"Uruguay",1989,
URY,"Uruguay",1988,
URY,"Uruguay",1987,
URY,"Uruguay",1986,
URY,"Uruguay",1985,
URY,"Uruguay",1984,
URY,"Uruguay",1983,
URY,"Uruguay",1982,
URY,"Uruguay",1981,
URY,"Uruguay",1980,
URY,"Uruguay",1979,
URY,"Uruguay",1978,
URY,"Uruguay",1977,
URY,"Uruguay",1976,
URY,"Uruguay",1975,
URY,"Uruguay",1974,
URY,"Uruguay",1973,
URY,"Uruguay",1972,
URY,"Uruguay",1971,
URY,"Uruguay",1970,
URY,"Uruguay",1969,
URY,"Uruguay",1968,
URY,"Uruguay",1967,
URY,"Uruguay",1966,
URY,"Uruguay",1965,
URY,"Uruguay",1964,
URY,"Uruguay",1963,
URY,"Uruguay",1962,
URY,"Uruguay",1961,
URY,"Uruguay",1960,
UZB,"Uzbekistan",2025,11622.8556243531
UZB,"Uzbekistan",2024,10997.1707291644
UZB,"Uzbekistan",2023,10514.0955721447
UZB,"Uzbekistan",2022,10091.3877869999
UZB,"Uzbekistan",2021,9705.60054565692
UZB,"Uzbekistan",2020,9145.23119844239
UZB,"Uzbekistan",2019,9169.01147508351
UZB,"Uzbekistan",2018,8742.5491991216
UZB,"Uzbekistan",2017,8413.29975299494
UZB,"Uzbekistan",2016,8172.9216949615
UZB,"Uzbekistan",2015,7792.23605983713
UZB,"Uzbekistan",2014,7344.44304405623
UZB,"Uzbekistan",2013,6932.93371228586
UZB,"Uzbekistan",2012,6525.4971525889
UZB,"Uzbekistan",2011,6170.84149747534
UZB,"Uzbekistan",2010,5794.98037704358
UZB,"Uzbekistan",2009,5471.82013683888
UZB,"Uzbekistan",2008,5145.99183378479
UZB,"Uzbekistan",2007,4792.8290951141
UZB,"Uzbekistan",2006,4439.90667205623
UZB,"Uzbekistan",2005,4185.63947675734
UZB,"Uzbekistan",2004,3962.90117061128
UZB,"Uzbekistan",2003,3733.79819347394
UZB,"Uzbekistan",2002,3626.07785614929
UZB,"Uzbekistan",2001,3530.5496647712
UZB,"Uzbekistan",2000,3430.88370808896
UZB,"Uzbekistan",1999,3346.1588710371
UZB,"Uzbekistan",1998,3253.54493589925
UZB,"Uzbekistan",1997,3168.77278928055
UZB,"Uzbekistan",1996,3064.63712278537
UZB,"Uzbekistan",1995,3070.52690445141
UZB,"Uzbekistan",1994,3161.07497053576
UZB,"Uzbekistan",1993,3406.55184062183
UZB,"Uzbekistan",1992,3568.35538610457
UZB,"Uzbekistan",1991,4118.51585848122
UZB,"Uzbekistan",1990,4239.58649108779
UZB,"Uzbekistan",1989,
UZB,"Uzbekistan",1988,
UZB,"Uzbekistan",1987,
UZB,"Uzbekistan",1986,
UZB,"Uzbekistan",1985,
UZB,"Uzbekistan",1984,
UZB,"Uzbekistan",1983,
UZB,"Uzbekistan",1982,
UZB,"Uzbekistan",1981,
UZB,"Uzbekistan",1980,
UZB,"Uzbekistan",1979,
UZB,"Uzbekistan",1978,
UZB,"Uzbekistan",1977,
UZB,"Uzbekistan",1976,
UZB,"Uzbekistan",1975,
UZB,"Uzbekistan",1974,
UZB,"Uzbekistan",1973,
UZB,"Uzbekistan",1972,
UZB,"Uzbekistan",1971,
UZB,"Uzbekistan",1970,
UZB,"Uzbekistan",1969,
UZB,"Uzbekistan",1968,
UZB,"Uzbekistan",1967,
UZB,"Uzbekistan",1966,
UZB,"Uzbekistan",1965,
UZB,"Uzbekistan",1964,
UZB,"Uzbekistan",1963,
UZB,"Uzbekistan",1962,
UZB,"Uzbekistan",1961,
UZB,"Uzbekistan",1960,
VUT,"Vanuatu",2025,3866.99814901674
VUT,"Vanuatu",2024,3837.03937446048
VUT,"Vanuatu",2023,3782.82649029418
VUT,"Vanuatu",2022,3658.51871182046
VUT,"Vanuatu",2021,3546.08021896872
VUT,"Vanuatu",2020,3671.97390565303
VUT,"Vanuatu",2019,3986.65620021472
VUT,"Vanuatu",2018,3951.18453122592
VUT,"Vanuatu",2017,3947.67824193203
VUT,"Vanuatu",2016,3877.08354643548
VUT,"Vanuatu",2015,3825.81231400229
VUT,"Vanuatu",2014,3779.64941165998
VUT,"Vanuatu",2013,3748.76509025679
VUT,"Vanuatu",2012,3815.41895246816
VUT,"Vanuatu",2011,3861.18223002309
VUT,"Vanuatu",2010,3825.75653571613
VUT,"Vanuatu",2009,3867.75799280135
VUT,"Vanuatu",2008,3850.27902468628
VUT,"Vanuatu",2007,3738.66656241804
VUT,"Vanuatu",2006,3724.24741699945
VUT,"Vanuatu",2005,3517.84619857461
VUT,"Vanuatu",2004,3422.60817759375
VUT,"Vanuatu",2003,3372.77297249271
VUT,"Vanuatu",2002,3314.71255206905
VUT,"Vanuatu",2001,3584.91106983816
VUT,"Vanuatu",2000,3805.62227309353
VUT,"Vanuatu",1999,3676.29741602127
VUT,"Vanuatu",1998,3740.68521654671
VUT,"Vanuatu",1997,3775.23587307653
VUT,"Vanuatu",1996,3676.87858931689
VUT,"Vanuatu",1995,3674.38819393103
VUT,"Vanuatu",1994,3723.02443587912
VUT,"Vanuatu",1993,3495.49275262507
VUT,"Vanuatu",1992,3555.93728844228
VUT,"Vanuatu",1991,3553.43728930775
VUT,"Vanuatu",1990,3531.78750465932
VUT,"Vanuatu",1989,
VUT,"Vanuatu",1988,
VUT,"Vanuatu",1987,
VUT,"Vanuatu",1986,
VUT,"Vanuatu",1985,
VUT,"Vanuatu",1984,
VUT,"Vanuatu",1983,
VUT,"Vanuatu",1982,
VUT,"Vanuatu",1981,
VUT,"Vanuatu",1980,
VUT,"Vanuatu",1979,
VUT,"Vanuatu",1978,
VUT,"Vanuatu",1977,
VUT,"Vanuatu",1976,
VUT,"Vanuatu",1975,
VUT,"Vanuatu",1974,
VUT,"Vanuatu",1973,
VUT,"Vanuatu",1972,
VUT,"Vanuatu",1971,
VUT,"Vanuatu",1970,
VUT,"Vanuatu",1969,
VUT,"Vanuatu",1968,
VUT,"Vanuatu",1967,
VUT,"Vanuatu",1966,
VUT,"Vanuatu",1965,
VUT,"Vanuatu",1964,
VUT,"Vanuatu",1963,
VUT,"Vanuatu",1962,
VUT,"Vanuatu",1961,
VUT,"Vanuatu",1960,
VEN,"Venezuela, RB",2025,
VEN,"Venezuela, RB",2024,
VEN,"Venezuela, RB",2023,
VEN,"Venezuela, RB",2022,
VEN,"Venezuela, RB",2021,
VEN,"Venezuela, RB",2020,
VEN,"Venezuela, RB",2019,
VEN,"Venezuela, RB",2018,
VEN,"Venezuela, RB",2017,
VEN,"Venezuela, RB",2016,
VEN,"Venezuela, RB",2015,
VEN,"Venezuela, RB",2014,
VEN,"Venezuela, RB",2013,
VEN,"Venezuela, RB",2012,
VEN,"Venezuela, RB",2011,
VEN,"Venezuela, RB",2010,
VEN,"Venezuela, RB",2009,
VEN,"Venezuela, RB",2008,
VEN,"Venezuela, RB",2007,
VEN,"Venezuela, RB",2006,
VEN,"Venezuela, RB",2005,
VEN,"Venezuela, RB",2004,
VEN,"Venezuela, RB",2003,
VEN,"Venezuela, RB",2002,
VEN,"Venezuela, RB",2001,
VEN,"Venezuela, RB",2000,
VEN,"Venezuela, RB",1999,
VEN,"Venezuela, RB",1998,
VEN,"Venezuela, RB",1997,
VEN,"Venezuela, RB",1996,
VEN,"Venezuela, RB",1995,
VEN,"Venezuela, RB",1994,
VEN,"Venezuela, RB",1993,
VEN,"Venezuela, RB",1992,
VEN,"Venezuela, RB",1991,
VEN,"Venezuela, RB",1990,
VEN,"Venezuela, RB",1989,
VEN,"Venezuela, RB",1988,
VEN,"Venezuela, RB",1987,
VEN,"Venezuela, RB",1986,
VEN,"Venezuela, RB",1985,
VEN,"Venezuela, RB",1984,
VEN,"Venezuela, RB",1983,
VEN,"Venezuela, RB",1982,
VEN,"Venezuela, RB",1981,
VEN,"Venezuela, RB",1980,
VEN,"Venezuela, RB",1979,
VEN,"Venezuela, RB",1978,
VEN,"Venezuela, RB",1977,
VEN,"Venezuela, RB",1976,
VEN,"Venezuela, RB",1975,
VEN,"Venezuela, RB",1974,
VEN,"Venezuela, RB",1973,
VEN,"Venezuela, RB",1972,
VEN,"Venezuela, RB",1971,
VEN,"Venezuela, RB",1970,
VEN,"Venezuela, RB",1969,
VEN,"Venezuela, RB",1968,
VEN,"Venezuela, RB",1967,
VEN,"Venezuela, RB",1966,
VEN,"Venezuela, RB",1965,
VEN,"Venezuela, RB",1964,
VEN,"Venezuela, RB",1963,
VEN,"Venezuela, RB",1962,
VEN,"Venezuela, RB",1961,
VEN,"Venezuela, RB",1960,
VNM,"Viet Nam",2025,15457.3499403547
VNM,"Viet Nam",2024,14396.4217369473
VNM,"Viet Nam",2023,13534.7997843016
VNM,"Viet Nam",2022,12979.7638983711
VNM,"Viet Nam",2021,12048.9019935536
VNM,"Viet Nam",2020,11851.3965685649
VNM,"Viet Nam",2019,11628.6139147451
VNM,"Viet Nam",2018,10936.8937859558
VNM,"Viet Nam",2017,10290.5487142244
VNM,"Viet Nam",2016,9743.1882231455
VNM,"Viet Nam",2015,9248.02396069622
VNM,"Viet Nam",2014,8751.88280634375
VNM,"Viet Nam",2013,8324.19871250047
VNM,"Viet Nam",2012,7979.86828926858
VNM,"Viet Nam",2011,7652.61895672271
VNM,"Viet Nam",2010,7274.73310698016
VNM,"Viet Nam",2009,6914.33863589545
VNM,"Viet Nam",2008,6659.13561432065
VNM,"Viet Nam",2007,6418.54381402878
VNM,"Viet Nam",2006,6098.24495436514
VNM,"Viet Nam",2005,5776.36304451268
VNM,"Viet Nam",2004,5421.09702829121
VNM,"Viet Nam",2003,5090.28990869885
VNM,"Viet Nam",2002,4809.62151118535
VNM,"Viet Nam",2001,4570.26846577385
VNM,"Viet Nam",2000,4349.22348751462
VNM,"Viet Nam",1999,4119.05367208231
VNM,"Viet Nam",1998,3982.95805965603
VNM,"Viet Nam",1997,3820.30249485434
VNM,"Viet Nam",1996,3584.02898335147
VNM,"Viet Nam",1995,3328.21486039558
VNM,"Viet Nam",1994,3089.60933725631
VNM,"Viet Nam",1993,2890.42431737761
VNM,"Viet Nam",1992,2726.47373748487
VNM,"Viet Nam",1991,2560.84383496164
VNM,"Viet Nam",1990,2467.96460080463
VNM,"Viet Nam",1989,
VNM,"Viet Nam",1988,
VNM,"Viet Nam",1987,
VNM,"Viet Nam",1986,
VNM,"Viet Nam",1985,
VNM,"Viet Nam",1984,
VNM,"Viet Nam",1983,
VNM,"Viet Nam",1982,
VNM,"Viet Nam",1981,
VNM,"Viet Nam",1980,
VNM,"Viet Nam",1979,
VNM,"Viet Nam",1978,
VNM,"Viet Nam",1977,
VNM,"Viet Nam",1976,
VNM,"Viet Nam",1975,
VNM,"Viet Nam",1974,
VNM,"Viet Nam",1973,
VNM,"Viet Nam",1972,
VNM,"Viet Nam",1971,
VNM,"Viet Nam",1970,
VNM,"Viet Nam",1969,
VNM,"Viet Nam",1968,
VNM,"Viet Nam",1967,
VNM,"Viet Nam",1966,
VNM,"Viet Nam",1965,
VNM,"Viet Nam",1964,
VNM,"Viet Nam",1963,
VNM,"Viet Nam",1962,
VNM,"Viet Nam",1961,
VNM,"Viet Nam",1960,
VIR,"Virgin Islands (U.S.)",2025,
VIR,"Virgin Islands (U.S.)",2024,
VIR,"Virgin Islands (U.S.)",2023,
VIR,"Virgin Islands (U.S.)",2022,46479.2996685326
VIR,"Virgin Islands (U.S.)",2021,46893.5496988741
VIR,"Virgin Islands (U.S.)",2020,45055.7829303523
VIR,"Virgin Islands (U.S.)",2019,45632.6364715693
VIR,"Virgin Islands (U.S.)",2018,44205.4071324394
VIR,"Virgin Islands (U.S.)",2017,43277.1546523522
VIR,"Virgin Islands (U.S.)",2016,43502.4336941564
VIR,"Virgin Islands (U.S.)",2015,42739.0835022993
VIR,"Virgin Islands (U.S.)",2014,42853.8986599185
VIR,"Virgin Islands (U.S.)",2013,43563.8864931407
VIR,"Virgin Islands (U.S.)",2012,46422.4151236223
VIR,"Virgin Islands (U.S.)",2011,54443.0686942498
VIR,"Virgin Islands (U.S.)",2010,59272.2456856343
VIR,"Virgin Islands (U.S.)",2009,58895.3056899496
VIR,"Virgin Islands (U.S.)",2008,63057.6263123638
VIR,"Virgin Islands (U.S.)",2007,62332.9445371347
VIR,"Virgin Islands (U.S.)",2006,59911.7224453162
VIR,"Virgin Islands (U.S.)",2005,57838.0977142823
VIR,"Virgin Islands (U.S.)",2004,55883.4545510864
VIR,"Virgin Islands (U.S.)",2003,54086.1547945673
VIR,"Virgin Islands (U.S.)",2002,54299.2298699394
VIR,"Virgin Islands (U.S.)",2001,
VIR,"Virgin Islands (U.S.)",2000,
VIR,"Virgin Islands (U.S.)",1999,
VIR,"Virgin Islands (U.S.)",1998,
VIR,"Virgin Islands (U.S.)",1997,
VIR,"Virgin Islands (U.S.)",1996,
VIR,"Virgin Islands (U.S.)",1995,
VIR,"Virgin Islands (U.S.)",1994,
VIR,"Virgin Islands (U.S.)",1993,
VIR,"Virgin Islands (U.S.)",1992,
VIR,"Virgin Islands (U.S.)",1991,
VIR,"Virgin Islands (U.S.)",1990,
VIR,"Virgin Islands (U.S.)",1989,
VIR,"Virgin Islands (U.S.)",1988,
VIR,"Virgin Islands (U.S.)",1987,
VIR,"Virgin Islands (U.S.)",1986,
VIR,"Virgin Islands (U.S.)",1985,
VIR,"Virgin Islands (U.S.)",1984,
VIR,"Virgin Islands (U.S.)",1983,
VIR,"Virgin Islands (U.S.)",1982,
VIR,"Virgin Islands (U.S.)",1981,
VIR,"Virgin Islands (U.S.)",1980,
VIR,"Virgin Islands (U.S.)",1979,
VIR,"Virgin Islands (U.S.)",1978,
VIR,"Virgin Islands (U.S.)",1977,
VIR,"Virgin Islands (U.S.)",1976,
VIR,"Virgin Islands (U.S.)",1975,
VIR,"Virgin Islands (U.S.)",1974,
VIR,"Virgin Islands (U.S.)",1973,
VIR,"Virgin Islands (U.S.)",1972,
VIR,"Virgin Islands (U.S.)",1971,
VIR,"Virgin Islands (U.S.)",1970,
VIR,"Virgin Islands (U.S.)",1969,
VIR,"Virgin Islands (U.S.)",1968,
VIR,"Virgin Islands (U.S.)",1967,
VIR,"Virgin Islands (U.S.)",1966,
VIR,"Virgin Islands (U.S.)",1965,
VIR,"Virgin Islands (U.S.)",1964,
VIR,"Virgin Islands (U.S.)",1963,
VIR,"Virgin Islands (U.S.)",1962,
VIR,"Virgin Islands (U.S.)",1961,
VIR,"Virgin Islands (U.S.)",1960,
PSE,"West Bank and Gaza",2025,4272.45762077019
PSE,"West Bank and Gaza",2024,4190.90911333626
PSE,"West Bank and Gaza",2023,5562.42442563953
PSE,"West Bank and Gaza",2022,5753.08395899307
PSE,"West Bank and Gaza",2021,5663.12160743584
PSE,"West Bank and Gaza",2020,5423.68254653126
PSE,"West Bank and Gaza",2019,6269.89134527985
PSE,"West Bank and Gaza",2018,6342.9374800852
PSE,"West Bank and Gaza",2017,6426.79521615335
PSE,"West Bank and Gaza",2016,6464.13352537371
PSE,"West Bank and Gaza",2015,6072.65031768549
PSE,"West Bank and Gaza",2014,5990.42661523778
PSE,"West Bank and Gaza",2013,6142.20204342591
PSE,"West Bank and Gaza",2012,6009.10925822042
PSE,"West Bank and Gaza",2011,5805.32115329251
PSE,"West Bank and Gaza",2010,5432.24363072522
PSE,"West Bank and Gaza",2009,5270.66331643219
PSE,"West Bank and Gaza",2008,4984.80579890695
PSE,"West Bank and Gaza",2007,4769.52328096801
PSE,"West Bank and Gaza",2006,4714.37331793342
PSE,"West Bank and Gaza",2005,4885.07252184444
PSE,"West Bank and Gaza",2004,4503.08034061409
PSE,"West Bank and Gaza",2003,3788.92652721128
PSE,"West Bank and Gaza",2002,3409.17287422698
PSE,"West Bank and Gaza",2001,3996.50878001821
PSE,"West Bank and Gaza",2000,4520.88992531975
PSE,"West Bank and Gaza",1999,5071.82121719043
PSE,"West Bank and Gaza",1998,4805.19156878644
PSE,"West Bank and Gaza",1997,4311.53876740636
PSE,"West Bank and Gaza",1996,3932.22694732854
PSE,"West Bank and Gaza",1995,4062.96290335877
PSE,"West Bank and Gaza",1994,3966.68875052152
PSE,"West Bank and Gaza",1993,
PSE,"West Bank and Gaza",1992,
PSE,"West Bank and Gaza",1991,
PSE,"West Bank and Gaza",1990,
PSE,"West Bank and Gaza",1989,
PSE,"West Bank and Gaza",1988,
PSE,"West Bank and Gaza",1987,
PSE,"West Bank and Gaza",1986,
PSE,"West Bank and Gaza",1985,
PSE,"West Bank and Gaza",1984,
PSE,"West Bank and Gaza",1983,
PSE,"West Bank and Gaza",1982,
PSE,"West Bank and Gaza",1981,
PSE,"West Bank and Gaza",1980,
PSE,"West Bank and Gaza",1979,
PSE,"West Bank and Gaza",1978,
PSE,"West Bank and Gaza",1977,
PSE,"West Bank and Gaza",1976,
PSE,"West Bank and Gaza",1975,
PSE,"West Bank and Gaza",1974,
PSE,"West Bank and Gaza",1973,
PSE,"West Bank and Gaza",1972,
PSE,"West Bank and Gaza",1971,
PSE,"West Bank and Gaza",1970,
PSE,"West Bank and Gaza",1969,
PSE,"West Bank and Gaza",1968,
PSE,"West Bank and Gaza",1967,
PSE,"West Bank and Gaza",1966,
PSE,"West Bank and Gaza",1965,
PSE,"West Bank and Gaza",1964,
PSE,"West Bank and Gaza",1963,
PSE,"West Bank and Gaza",1962,
PSE,"West Bank and Gaza",1961,
PSE,"West Bank and Gaza",1960,
YEM,"Yemen, Rep.",2025,
YEM,"Yemen, Rep.",2024,
YEM,"Yemen, Rep.",2023,
YEM,"Yemen, Rep.",2022,
YEM,"Yemen, Rep.",2021,
YEM,"Yemen, Rep.",2020,
YEM,"Yemen, Rep.",2019,
YEM,"Yemen, Rep.",2018,
YEM,"Yemen, Rep.",2017,
YEM,"Yemen, Rep.",2016,
YEM,"Yemen, Rep.",2015,
YEM,"Yemen, Rep.",2014,
YEM,"Yemen, Rep.",2013,
YEM,"Yemen, Rep.",2012,
YEM,"Yemen, Rep.",2011,
YEM,"Yemen, Rep.",2010,
YEM,"Yemen, Rep.",2009,
YEM,"Yemen, Rep.",2008,
YEM,"Yemen, Rep.",2007,
YEM,"Yemen, Rep.",2006,
YEM,"Yemen, Rep.",2005,
YEM,"Yemen, Rep.",2004,
YEM,"Yemen, Rep.",2003,
YEM,"Yemen, Rep.",2002,
YEM,"Yemen, Rep.",2001,
YEM,"Yemen, Rep.",2000,
YEM,"Yemen, Rep.",1999,
YEM,"Yemen, Rep.",1998,
YEM,"Yemen, Rep.",1997,
YEM,"Yemen, Rep.",1996,
YEM,"Yemen, Rep.",1995,
YEM,"Yemen, Rep.",1994,
YEM,"Yemen, Rep.",1993,
YEM,"Yemen, Rep.",1992,
YEM,"Yemen, Rep.",1991,
YEM,"Yemen, Rep.",1990,
YEM,"Yemen, Rep.",1989,
YEM,"Yemen, Rep.",1988,
YEM,"Yemen, Rep.",1987,
YEM,"Yemen, Rep.",1986,
YEM,"Yemen, Rep.",1985,
YEM,"Yemen, Rep.",1984,
YEM,"Yemen, Rep.",1983,
YEM,"Yemen, Rep.",1982,
YEM,"Yemen, Rep.",1981,
YEM,"Yemen, Rep.",1980,
YEM,"Yemen, Rep.",1979,
YEM,"Yemen, Rep.",1978,
YEM,"Yemen, Rep.",1977,
YEM,"Yemen, Rep.",1976,
YEM,"Yemen, Rep.",1975,
YEM,"Yemen, Rep.",1974,
YEM,"Yemen, Rep.",1973,
YEM,"Yemen, Rep.",1972,
YEM,"Yemen, Rep.",1971,
YEM,"Yemen, Rep.",1970,
YEM,"Yemen, Rep.",1969,
YEM,"Yemen, Rep.",1968,
YEM,"Yemen, Rep.",1967,
YEM,"Yemen, Rep.",1966,
YEM,"Yemen, Rep.",1965,
YEM,"Yemen, Rep.",1964,
YEM,"Yemen, Rep.",1963,
YEM,"Yemen, Rep.",1962,
YEM,"Yemen, Rep.",1961,
YEM,"Yemen, Rep.",1960,
ZMB,"Zambia",2025,3742.25646316492
ZMB,"Zambia",2024,3708.06904295647
ZMB,"Zambia",2023,3673.4841969922
ZMB,"Zambia",2022,3585.12379084347
ZMB,"Zambia",2021,3503.03491418372
ZMB,"Zambia",2020,3391.59541156095
ZMB,"Zambia",2019,3591.56418883108
ZMB,"Zambia",2018,3646.95966481655
ZMB,"Zambia",2017,3612.50597664593
ZMB,"Zambia",2016,3598.17166023389
ZMB,"Zambia",2015,3576.92544834125
ZMB,"Zambia",2014,3585.57748507131
ZMB,"Zambia",2013,3535.22449043144
ZMB,"Zambia",2012,3474.55252844092
ZMB,"Zambia",2011,3335.64339500657
ZMB,"Zambia",2010,3266.50749293828
ZMB,"Zambia",2009,3065.84420108998
ZMB,"Zambia",2008,2908.14362510668
ZMB,"Zambia",2007,2796.3529332184
ZMB,"Zambia",2006,2673.46151928529
ZMB,"Zambia",2005,2564.47560965912
ZMB,"Zambia",2004,2471.72073328685
ZMB,"Zambia",2003,2383.87611741089
ZMB,"Zambia",2002,2299.33289188114
ZMB,"Zambia",2001,2268.96965564597
ZMB,"Zambia",2000,2220.5653712714
ZMB,"Zambia",1999,2198.18912998648
ZMB,"Zambia",1998,2157.57339335667
ZMB,"Zambia",1997,2223.45745445731
ZMB,"Zambia",1996,2197.19564925242
ZMB,"Zambia",1995,2119.95642928697
ZMB,"Zambia",1994,2110.5832556481
ZMB,"Zambia",1993,2365.62953630778
ZMB,"Zambia",1992,2268.49812195378
ZMB,"Zambia",1991,2364.86234039956
ZMB,"Zambia",1990,2425.11128678382
ZMB,"Zambia",1989,
ZMB,"Zambia",1988,
ZMB,"Zambia",1987,
ZMB,"Zambia",1986,
ZMB,"Zambia",1985,
ZMB,"Zambia",1984,
ZMB,"Zambia",1983,
ZMB,"Zambia",1982,
ZMB,"Zambia",1981,
ZMB,"Zambia",1980,
ZMB,"Zambia",1979,
ZMB,"Zambia",1978,
ZMB,"Zambia",1977,
ZMB,"Zambia",1976,
ZMB,"Zambia",1975,
ZMB,"Zambia",1974,
ZMB,"Zambia",1973,
ZMB,"Zambia",1972,
ZMB,"Zambia",1971,
ZMB,"Zambia",1970,
ZMB,"Zambia",1969,
ZMB,"Zambia",1968,
ZMB,"Zambia",1967,
ZMB,"Zambia",1966,
ZMB,"Zambia",1965,
ZMB,"Zambia",1964,
ZMB,"Zambia",1963,
ZMB,"Zambia",1962,
ZMB,"Zambia",1961,
ZMB,"Zambia",1960,
ZWE,"Zimbabwe",2025,5529.23310016154
ZWE,"Zimbabwe",2024,5211.89755587954
ZWE,"Zimbabwe",2023,5218.04526596398
ZWE,"Zimbabwe",2022,5036.78317732239
ZWE,"Zimbabwe",2021,4827.10960165994
ZWE,"Zimbabwe",2020,4527.73949219254
ZWE,"Zimbabwe",2019,4993.86546928208
ZWE,"Zimbabwe",2018,5415.49322028193
ZWE,"Zimbabwe",2017,5234.4065377844
ZWE,"Zimbabwe",2016,5070.42413209981
ZWE,"Zimbabwe",2015,5102.73642537223
ZWE,"Zimbabwe",2014,5081.13441232186
ZWE,"Zimbabwe",2013,5031.70923825425
ZWE,"Zimbabwe",2012,5003.50873397069
ZWE,"Zimbabwe",2011,4358.94470674386
ZWE,"Zimbabwe",2010,3885.41061373756
ZWE,"Zimbabwe",2009,3299.42808702922
ZWE,"Zimbabwe",2008,2954.11211916469
ZWE,"Zimbabwe",2007,3631.55334530411
ZWE,"Zimbabwe",2006,3819.24997116607
ZWE,"Zimbabwe",2005,4004.68178301248
ZWE,"Zimbabwe",2004,4287.61686326352
ZWE,"Zimbabwe",2003,4601.68067845787
ZWE,"Zimbabwe",2002,5610.21576859697
ZWE,"Zimbabwe",2001,6217.43872434863
ZWE,"Zimbabwe",2000,6170.36063450551
ZWE,"Zimbabwe",1999,6423.73669198371
ZWE,"Zimbabwe",1998,6582.37693012492
ZWE,"Zimbabwe",1997,6524.0909161522
ZWE,"Zimbabwe",1996,6474.18822514185
ZWE,"Zimbabwe",1995,5964.61521548597
ZWE,"Zimbabwe",1994,6010.76845239051
ZWE,"Zimbabwe",1993,5509.10697460818
ZWE,"Zimbabwe",1992,5532.06136491672
ZWE,"Zimbabwe",1991,6254.30182489626
ZWE,"Zimbabwe",1990,6082.86879817619
ZWE,"Zimbabwe",1989,
ZWE,"Zimbabwe",1988,
ZWE,"Zimbabwe",1987,
ZWE,"Zimbabwe",1986,
ZWE,"Zimbabwe",1985,
ZWE,"Zimbabwe",1984,
ZWE,"Zimbabwe",1983,
ZWE,"Zimbabwe",1982,
ZWE,"Zimbabwe",1981,
ZWE,"Zimbabwe",1980,
ZWE,"Zimbabwe",1979,
ZWE,"Zimbabwe",1978,
ZWE,"Zimbabwe",1977,
ZWE,"Zimbabwe",1976,
ZWE,"Zimbabwe",1975,
ZWE,"Zimbabwe",1974,
ZWE,"Zimbabwe",1973,
ZWE,"Zimbabwe",1972,
ZWE,"Zimbabwe",1971,
ZWE,"Zimbabwe",1970,
ZWE,"Zimbabwe",1969,
ZWE,"Zimbabwe",1968,
ZWE,"Zimbabwe",1967,
ZWE,"Zimbabwe",1966,
ZWE,"Zimbabwe",1965,
ZWE,"Zimbabwe",1964,
ZWE,"Zimbabwe",1963,
ZWE,"Zimbabwe",1962,
ZWE,"Zimbabwe",1961,
ZWE,"Zimbabwe",1960,
